{
  "rewardValueUSD": 5775.5582921971745,
  "usdPerAURA": 0.00024155038771687644,
  "totalVotingPower": 26356882.828953493,
  "delegationVotingPower": 23910366.473792467,
  "delegationShare": 0.9071773255191814,
  "timestamp": 1775088000,
  "sdtUsdPerAURA": 0,
  "sdtAmount": "0"
}