{
  "rewardValueUSD": 45469.99540390055,
  "usdPerCVX": 0.008726342035390383,
  "totalVotingPower": 9054151.829974702,
  "delegationVotingPower": 5210659.314005035,
  "delegationShare": 0.5754994406825177,
  "timestamp": 1769644800,
  "periodStartBlock": 24236387,
  "periodEndBlock": 1768867200
}