{
  "amount": 3750,
  "timestamp": 1744642057,
  "period": 1744243200,
  "sdtPrice": 0.254305,
  "cvxPrice": 2.43,
  "delegationVotingPower": 1885374.7138918955,
  "apr": 1.0823944549409508
}