{
  "protocol": "curve",
  "period": 1775692800,
  "aggregator": "0x0000000a3Fc396B89e4c11841B39D9dff85a5D05",
  "totals": {
    "sdInTotal": 348288.93563846877,
    "sdAssigned": 348288.93563846895,
    "wethInTotal": 22.40274902933082,
    "wethOutTotal": 22.4168301819949
  },
  "dropped": {
    "tokensNotSwapped": [],
    "wethNotSwapped": false
  },
  "perToken": {
    "0xa0b86991c6218b36c1d19d4a2e9eb0ce3606eb48": {
      "mappedWeth": 6.609634302692949,
      "sd": 103603.34928493924
    },
    "0x73968b9a57c6e53d41345fd57a6e6ae27d6cdb2f": {
      "mappedWeth": 0.0675872845215519,
      "sd": 1075.3973133385598
    },
    "0x2a8e1e676ec238d8a992307b495b45b3feaa5e86": {
      "mappedWeth": 0.21387213923770146,
      "sd": 3388.9636018589645
    },
    "0xc0c17dd08263c16f6b64e772fb9b723bf1344ddf": {
      "mappedWeth": 10.6660638074986,
      "sd": 163945.3613423796
    },
    "0x04acaf8d2865c0714f79da09645c13fd2888977f": {
      "mappedWeth": 3.82720414630341,
      "sd": 60135.54161028009
    },
    "0xf4c13d631450de6b12a19829e37c8e2826891dc4": {
      "mappedWeth": 0.012375236578880155,
      "sd": 196.90532417548312
    },
    "0xf939e0a03fb07f59a73314e73794be0e57ac1b4e": {
      "mappedWeth": 0.03671826762270141,
      "sd": 584.2330644206899
    },
    "0x4e3fbd56cd56c3e72c1403e103b45db9da5b9d2b": {
      "mappedWeth": 0.3368377443085799,
      "sd": 5337.445350585544
    },
    "0x01791f726b4103694969820be083196cc7c045ff": {
      "mappedWeth": 0.6324561005664463,
      "sd": 10021.738746490755
    }
  },
  "txs": [
    {
      "tx": "0x5f72951b8c211c730c1ddac0229ce56032269784838f9d4f94aadeb89c9895d1",
      "wethIn": 2.049065290179423,
      "wethOut": 2.0648394336310645,
      "sdIn": 31490.801998848696,
      "nativeIn": 20215.51733912168,
      "nativeOut": 20215.51733912168,
      "nativeShareSd": 0,
      "wethBasis": 2.049065290179423,
      "tokenWeth": {
        "0xc0c17dd08263c16f6b64e772fb9b723bf1344ddf": 2.049065290179423
      },
      "tokenSd": {
        "0xc0c17dd08263c16f6b64e772fb9b723bf1344ddf": 31490.801998848696
      }
    },
    {
      "tx": "0xebabb70df88b362e3d4332db7a5faf119c6870d9de2e977461ecf5993c8c8f50",
      "wethIn": 2.361831512193644,
      "wethOut": 2.3619693935387582,
      "sdIn": 35860.40998164839,
      "nativeIn": 23273.94578329443,
      "nativeOut": 23273.94578329443,
      "nativeShareSd": 0,
      "wethBasis": 2.361831512193644,
      "tokenWeth": {
        "0xc0c17dd08263c16f6b64e772fb9b723bf1344ddf": 2.361831512193644
      },
      "tokenSd": {
        "0xc0c17dd08263c16f6b64e772fb9b723bf1344ddf": 35860.40998164839
      }
    },
    {
      "tx": "0x2202f0d0bab7b0635c2f7d22457bb7d2dd021ca99b99c25efd6d1fe702d15260",
      "wethIn": 2.1546171735706516,
      "wethOut": 2.154713890622784,
      "sdIn": 32771.03435816202,
      "nativeIn": 21253.092562416823,
      "nativeOut": 21253.115280963626,
      "nativeShareSd": 0.022718546802934725,
      "wethBasis": 2.1546171735706516,
      "tokenWeth": {
        "0xc0c17dd08263c16f6b64e772fb9b723bf1344ddf": 2.154617173570651,
        "0xc02aaa39b223fe8d0a0e5c4f27ead9083c756cc2": 4.440892098500626e-16
      },
      "tokenSd": {
        "0xd533a949740bb3306d119cc777fa900ba034cd52": 0.022718546802934725,
        "0xc0c17dd08263c16f6b64e772fb9b723bf1344ddf": 32771.01163961521,
        "0xc02aaa39b223fe8d0a0e5c4f27ead9083c756cc2": 6.75444939525203e-12
      }
    },
    {
      "tx": "0x8f447c91307eda5cbc2c2f9751b9ac3e02bbbbed32b40d594fcd48e14877adb1",
      "wethIn": 2.305475526024879,
      "wethOut": 2.305474526024879,
      "sdIn": 34994.33314578778,
      "nativeIn": 22717.70685295825,
      "nativeOut": 22717.70685295825,
      "nativeShareSd": 0,
      "wethBasis": 2.305475526024879,
      "tokenWeth": {
        "0xc0c17dd08263c16f6b64e772fb9b723bf1344ddf": 2.305475526024879
      },
      "tokenSd": {
        "0xc0c17dd08263c16f6b64e772fb9b723bf1344ddf": 34994.33314578778
      }
    },
    {
      "tx": "0xb7a72acbd8c432c810102ba18fc94c783efa6f4ca127074ab2d3427bfedfd4b2",
      "wethIn": 1.7950743055300022,
      "wethOut": 1.795073305530002,
      "sdIn": 28828.793882483806,
      "nativeIn": 18041.141277775,
      "nativeOut": 18041.141277775,
      "nativeShareSd": 0,
      "wethBasis": 1.7950743055300022,
      "tokenWeth": {
        "0xc0c17dd08263c16f6b64e772fb9b723bf1344ddf": 1.7950743055300022
      },
      "tokenSd": {
        "0xc0c17dd08263c16f6b64e772fb9b723bf1344ddf": 28828.793882483806
      }
    },
    {
      "tx": "0x958d82e6a756eda35c25f009060b08bc01d4e69897ec86950bab46dbe3c52e21",
      "wethIn": 2.4137605449458444,
      "wethOut": 2.413869245984556,
      "sdIn": 37822.57709085955,
      "nativeIn": 24195.26884520398,
      "nativeOut": 24195.26884520398,
      "nativeShareSd": 0,
      "wethBasis": 2.4137605449458444,
      "tokenWeth": {
        "0xa0b86991c6218b36c1d19d4a2e9eb0ce3606eb48": 2.4137605449458444
      },
      "tokenSd": {
        "0xa0b86991c6218b36c1d19d4a2e9eb0ce3606eb48": 37822.57709085955
      }
    },
    {
      "tx": "0xbc3aaf62f88cd9e8680db47ff85bf294dbde9f7eecebd3168cc3aac52a10e696",
      "wethIn": 2.2285523748478067,
      "wethOut": 2.229676157940524,
      "sdIn": 34893.5543925349,
      "nativeIn": 22676.32965252205,
      "nativeOut": 22676.32965252205,
      "nativeShareSd": 0,
      "wethBasis": 2.2285523748478067,
      "tokenWeth": {
        "0xa0b86991c6218b36c1d19d4a2e9eb0ce3606eb48": 2.2285523748478067
      },
      "tokenSd": {
        "0xa0b86991c6218b36c1d19d4a2e9eb0ce3606eb48": 34893.5543925349
      }
    },
    {
      "tx": "0x0681bd579dd5b4d13fcbd8a951b1fda34868f821fc0561527f6379e9f0b25c71",
      "wethIn": 1.9673213828992973,
      "wethOut": 1.9673359675120554,
      "sdIn": 30887.211043599542,
      "nativeIn": 20155.220241525036,
      "nativeOut": 20155.220241525036,
      "nativeShareSd": 0,
      "wethBasis": 1.9673213828992973,
      "tokenWeth": {
        "0xa0b86991c6218b36c1d19d4a2e9eb0ce3606eb48": 1.9673213828992973
      },
      "tokenSd": {
        "0xa0b86991c6218b36c1d19d4a2e9eb0ce3606eb48": 30887.211043599542
      }
    },
    {
      "tx": "0xef8593a7ed927382fa9eee23ca5119451ee94bfc41b56be458b15be230481464",
      "wethIn": 1.9592190246985075,
      "wethOut": 1.9592878343445947,
      "sdIn": 30919.69397312644,
      "nativeIn": 20076.74447197762,
      "nativeOut": 20076.74447197762,
      "nativeShareSd": 0,
      "wethBasis": 1.9592190246985075,
      "tokenWeth": {
        "0x04acaf8d2865c0714f79da09645c13fd2888977f": 1.9592190246985075
      },
      "tokenSd": {
        "0x04acaf8d2865c0714f79da09645c13fd2888977f": 30919.69397312644
      }
    },
    {
      "tx": "0xaa6f381a01b4f22d445ae1e737d464b3bc303494f830c214515753a88ee4d585",
      "wethIn": 1.8679851216049024,
      "wethOut": 1.8679841216049025,
      "sdIn": 29215.843714571027,
      "nativeIn": 18948.01079970564,
      "nativeOut": 18948.01079970564,
      "nativeShareSd": 0,
      "wethBasis": 1.8679851216049024,
      "tokenWeth": {
        "0x04acaf8d2865c0714f79da09645c13fd2888977f": 1.8679851216049024
      },
      "tokenSd": {
        "0x04acaf8d2865c0714f79da09645c13fd2888977f": 29215.843714571027
      }
    },
    {
      "tx": "0xd06349aa91c008040a030381c12dc3b4cd0feab06f3d6c7ad71ea5e38513f9b1",
      "wethIn": 1.1831659841127278,
      "wethOut": 1.1816845311669926,
      "sdIn": 18748.146476011912,
      "nativeIn": 12101.114157227477,
      "nativeOut": 12101.114157227477,
      "nativeShareSd": 0,
      "wethBasis": 1.1831659841127278,
      "tokenWeth": {
        "0x4e3fbd56cd56c3e72c1403e103b45db9da5b9d2b": 0.3368377443085799,
        "0x01791f726b4103694969820be083196cc7c045ff": 0.6324561005664463,
        "0x2a8e1e676ec238d8a992307b495b45b3feaa5e86": 0.21387213923770146,
        "0xc02aaa39b223fe8d0a0e5c4f27ead9083c756cc2": 2.220446049250313e-16
      },
      "tokenSd": {
        "0x4e3fbd56cd56c3e72c1403e103b45db9da5b9d2b": 5337.445002429199,