{
  "rewardValueUSD": 40183.220218417104,
  "usdPerCVX": 0.005269215637042958,
  "totalVotingPower": 14670761.762692584,
  "delegationVotingPower": 7626034.496657573,
  "delegationShare": 0.5198117602898035,
  "timestamp": 1777507200,
  "periodStartBlock": 24938911,
  "periodEndBlock": 1777334400
}