{
  "amount": 2500,
  "timestamp": 1752487996,
  "period": 1752105600,
  "sdtPrice": 0.279723,
  "cvxPrice": 2.36,
  "delegationVotingPower": 2494293.6180796977,
  "apr": 0.6177488579249822
}