{
  "amount": 2500,
  "timestamp": 1752531017,
  "period": 1752105600,
  "sdtPrice": 0.275532,
  "cvxPrice": 2.36,
  "delegationVotingPower": 2494293.6180796977,
  "apr": 0.6084933249028011
}