{
  "amount": 2500,
  "timestamp": 1752430176,
  "period": 1752105600,
  "sdtPrice": 0.276858,
  "cvxPrice": 2.36,
  "delegationVotingPower": 2494293.6180796977,
  "apr": 0.6114217039978649
}