{
  "amount": 2500,
  "timestamp": 1752415653,
  "period": 1752105600,
  "sdtPrice": 0.275366,
  "cvxPrice": 2.36,
  "delegationVotingPower": 2494293.6180796977,
  "apr": 0.6081267254082456
}