{
  "amount": 2500,
  "timestamp": 1752375010,
  "period": 1752105600,
  "sdtPrice": 0.270886,
  "cvxPrice": 2.36,
  "delegationVotingPower": 2494293.6180796977,
  "apr": 0.5982329559166274
}