{
  "rewardValueUSD": 63622.809894600075,
  "usdPerCVX": 0.020155861646532585,
  "totalVotingPower": 4637205.006903669,
  "delegationVotingPower": 3547130.235763307,
  "delegationShare": 0.764928492590363,
  "timestamp": 1758153600,
  "periodStartBlock": 23336104,
  "periodEndBlock": 1757980800
}