{
  "protocol": "curve",
  "period": 1783555200,
  "aggregator": "0xDBd24b092f686b12650EC1450e3A7138F714506c",
  "totals": {
    "sdInTotal": 214216.10076868898,
    "sdAssigned": 214216.100768689,
    "wethInTotal": 13.611518598702542,
    "wethOutTotal": 13.601246982916628
  },
  "dropped": {
    "tokensNotSwapped": [
      "0x833589fcd6edb6e08f4c7c32d4f71b54bda02913",
      "0xe5020a6d073a794b6e7f05678707de47986fb0b6"
    ],
    "wethNotSwapped": false
  },
  "perToken": {
    "0x04acaf8d2865c0714f79da09645c13fd2888977f": {
      "mappedWeth": 0.5920188491104504,
      "sd": 8292.956984155326
    },
    "0xa0b86991c6218b36c1d19d4a2e9eb0ce3606eb48": {
      "mappedWeth": 8.11627996436291,
      "sd": 115856.05658677146
    },
    "0x2a8e1e676ec238d8a992307b495b45b3feaa5e86": {
      "mappedWeth": 0.05086351688982079,
      "sd": 756.0529379019915
    },
    "0xcacd6fd266af91b8aed52accc382b4e165586e29": {
      "mappedWeth": 1.2580251495575532,
      "sd": 25701.988042296725
    },
    "0x01791f726b4103694969820be083196cc7c045ff": {
      "mappedWeth": 0.30496817297257267,
      "sd": 4271.971988388742
    },
    "0x4e3fbd56cd56c3e72c1403e103b45db9da5b9d2b": {
      "mappedWeth": 0.10591857933271905,
      "sd": 1483.6997564332735
    },
    "0x865377367054516e17014ccded1e7d814edc9ce4": {
      "mappedWeth": 3.1834443664765137,
      "sd": 45005.94182038042
    },
    "0x833589fcd6edb6e08f4c7c32d4f71b54bda02913": {
      "mappedWeth": 0,
      "sd": 0
    },
    "0xe5020a6d073a794b6e7f05678707de47986fb0b6": {
      "mappedWeth": 0,
      "sd": 0
    },
    "0xd533a949740bb3306d119cc777fa900ba034cd52": {
      "mappedWeth": 0,
      "sd": 12847.43265236106
    }
  },
  "txs": [
    {
      "tx": "0xd542a635af4e44dd8398322a9db716dade08862bfc6f19fa7f2173fdea281e11",
      "wethIn": 2.8417308983643257,
      "wethOut": 2.840297641672803,
      "sdIn": 41479.014643793475,
      "nativeIn": 24484.089497348537,
      "nativeOut": 24484.089497348537,
      "nativeShareSd": 0,
      "wethBasis": 2.8417308983643257,
      "tokenWeth": {
        "0xa0b86991c6218b36c1d19d4a2e9eb0ce3606eb48": 2.8417308983643252,
        "0xc02aaa39b223fe8d0a0e5c4f27ead9083c756cc2": 4.440892098500626e-16
      },
      "tokenSd": {
        "0xa0b86991c6218b36c1d19d4a2e9eb0ce3606eb48": 41479.01464379347,
        "0xc02aaa39b223fe8d0a0e5c4f27ead9083c756cc2": 6.482099641849981e-12
      }
    },
    {
      "tx": "0x7db06cbf5a48c5ac526fca4f497032f79e0dddcf5a926a998e43874d4e830451",
      "wethIn": 2.6463144167399997,
      "wethOut": 2.644118053483778,
      "sdIn": 37924.644954110896,
      "nativeIn": 22718.271545635394,
      "nativeOut": 22718.271545635394,
      "nativeShareSd": 0,
      "wethBasis": 2.6463144167399997,
      "tokenWeth": {
        "0xa0b86991c6218b36c1d19d4a2e9eb0ce3606eb48": 2.6463144167399997
      },
      "tokenSd": {
        "0xa0b86991c6218b36c1d19d4a2e9eb0ce3606eb48": 37924.644954110896
      }
    },
    {
      "tx": "0x65d2390f7968de85b9d9a218f8d4d251f58e5dc30ff16b0ca377677129bfc07f",
      "wethIn": 2.6282346492585864,
      "wethOut": 2.627559073882042,
      "sdIn": 36452.39698886708,
      "nativeIn": 22232.746576292186,
      "nativeOut": 22232.746576292186,
      "nativeShareSd": 0,
      "wethBasis": 2.6282346492585864,
      "tokenWeth": {
        "0xa0b86991c6218b36c1d19d4a2e9eb0ce3606eb48": 2.6282346492585864
      },
      "tokenSd": {
        "0xa0b86991c6218b36c1d19d4a2e9eb0ce3606eb48": 36452.39698886708
      }
    },
    {
      "tx": "0x895b1ebf76002025f08d7b1fa6102c0afe2b810b719fca79900795aee19aac77",
      "wethIn": 1.5976497682698703,
      "wethOut": 1.595960637982848,
      "sdIn": 22595.249726318787,
      "nativeIn": 13775.973501336826,
      "nativeOut": 13775.973501336826,
      "nativeShareSd": 0,
      "wethBasis": 1.5976497682698703,
      "tokenWeth": {
        "0x865377367054516e17014ccded1e7d814edc9ce4": 1.5976497682698703
      },
      "tokenSd": {
        "0x865377367054516e17014ccded1e7d814edc9ce4": 22595.249726318787
      }
    },
    {
      "tx": "0xbb514a171b224de14fa705785ac63de0107fc560251a585cc1c7b007b3b9acef",
      "wethIn": 1.5857945982066433,
      "wethOut": 1.5838904712772355,
      "sdIn": 22410.692094061636,
      "nativeIn": 13670.899083849206,
      "nativeOut": 13670.899083849206,
      "nativeShareSd": 0,
      "wethBasis": 1.5857945982066433,
      "tokenWeth": {
        "0x865377367054516e17014ccded1e7d814edc9ce4": 1.5857945982066433
      },
      "tokenSd": {
        "0x865377367054516e17014ccded1e7d814edc9ce4": 22410.692094061636
      }
    },
    {
      "tx": "0x0cb4d6e873b5083f5be3ad2b794c7b68712f0958b02b945871bd06a45d96cc00",
      "wethIn": 1.258025149557553,
      "wethOut": 1.2565646577160774,
      "sdIn": 38549.420694657776,
      "nativeIn": 10829.051825234024,
      "nativeOut": 23676.484477595084,
      "nativeShareSd": 12847.43265236106,
      "wethBasis": 1.258025149557553,
      "tokenWeth": {
        "0xcacd6fd266af91b8aed52accc382b4e165586e29": 1.2580251495575532
      },
      "tokenSd": {
        "0xd533a949740bb3306d119cc777fa900ba034cd52": 12847.43265236106,
        "0xcacd6fd266af91b8aed52accc382b4e165586e29": 25701.98804229672
      }
    },
    {
      "tx": "0xcdd595ec891d72f9166730cb4083db1aaf3973d7a9aea64175a0f9b0a7a6195c",
      "wethIn": 1.0029056014157423,
      "wethOut": 1.0017450766180305,
      "sdIn": 14048.628728977343,
      "nativeIn": 8691.586731249947,
      "nativeOut": 8691.586731249947,
      "nativeShareSd": 0,
      "wethBasis": 1.0029056014157423,
      "tokenWeth": {
        "0x04acaf8d2865c0714f79da09645c13fd2888977f": 0.5920188491104504,
        "0x4e3fbd56cd56c3e72c1403e103b45db9da5b9d2b": 0.10591857933271905,
        "0x01791f726b4103694969820be083196cc7c045ff": 0.30496817297257267
      },
      "tokenSd": {
        "0x04acaf8d2865c0714f79da09645c13fd2888977f": 8292.956984155326,
        "0x4e3fbd56cd56c3e72c1403e103b45db9da5b9d2b": 1483.6997564332735,
        "0x01791f726b4103694969820be083196cc7c045ff": 4271.971988388742
      }
    },
    {
      "tx": "0xa10fb36b66d0efcedbd75958a62623f867cd097c637c3b5b9a3dfd2322a1b765",
      "wethIn": 0.0508635168898208,
      "wethOut": 0.051111370283810846,
      "sdIn": 756.0529379019916,
      "nativeIn": 445.54018279320417,
      "nativeOut": 445.54018279320417,
      "nativeShareSd": 0,
      "wethBasis": 0.0508635168898208,
      "tokenWeth": {
        "0x2a8e1e676ec238d8a992307b495b45b3feaa5e86": 0.05086351688982079,
        "0xc02aaa39b223fe8d0a0e5c4f27ead9083c756cc2": 6.938893903907228e-18
      },
      "tokenSd": {
        "0x2a8e1e676ec238d8a992307b495b45b3feaa5e86": 756.0529379019915,
        "0xc02aaa39b223fe8d0a0e5c4f27ead9083c756cc2": 1.0314212312930302e-13
      }
    }
  ]
}