Period;Gauge Name;Gauge Address;Reward Token;Reward Address;Reward Amount;Reward sd Value;Share % per Protocol
1783555200;base-WETH+superOETHb ;0x9da8420dbeebdfc4902b356017610259ef7eedd8;WETH;0xC02aaA39b223FE8D0A0e5C4F27eAD9083C756Cc2;0.601002;8831.084550;85.49
1783555200;sdUSD+frxUSD ;0x1211b5cb09ba1ada8f11de757d5a13c5ca407162;WETH;0xC02aaA39b223FE8D0A0e5C4F27eAD9083C756Cc2;0.102006;1498.873083;14.51