{"sdspectra.eth":0,"sdfxs.eth":1.483262597231346,"sdcrv.eth":17.08156646791027,"sdfxn.eth":14.635907758905544}