{
  "protocol": "fxn",
  "period": 1783555200,
  "aggregator": "0xDBd24b092f686b12650EC1450e3A7138F714506c",
  "totals": {
    "sdInTotal": 78.40779401904948,
    "sdAssigned": 78.40779401904948,
    "wethInTotal": 0.47238961240905,
    "wethOutTotal": 0.4737071573672774
  },
  "dropped": {
    "tokensNotSwapped": [],
    "wethNotSwapped": false
  },
  "perToken": {
    "0xa0b86991c6218b36c1d19d4a2e9eb0ce3606eb48": {
      "mappedWeth": 0.17145296194948545,
      "sd": 24.557935853305025
    },
    "0x5de8ab7e27f6e7a1fff3e5b337584aa43961beef": {
      "mappedWeth": 0.30093665045956447,
      "sd": 43.104434439994456
    },
    "0x365accfca291e7d3914637abf1f7635db165bb09": {
      "mappedWeth": 0,
      "sd": 10.745423725749987
    }
  },
  "txs": [
    {
      "tx": "0x4bda39964834699ce1c6e379747d4dd99daaafa1e592539cbe3f5fcae57208e5",
      "wethIn": 0.47238961240905,
      "wethOut": 0.4737071573672774,
      "sdIn": 78.40779401904948,
      "nativeIn": 64.26321032740438,
      "nativeOut": 75.00863405315437,
      "nativeShareSd": 10.745423725749987,
      "wethBasis": 0.47238961240905,
      "tokenWeth": {
        "0x5de8ab7e27f6e7a1fff3e5b337584aa43961beef": 0.30093665045956447,
        "0xa0b86991c6218b36c1d19d4a2e9eb0ce3606eb48": 0.17145296194948545,
        "0xc02aaa39b223fe8d0a0e5c4f27ead9083c756cc2": 5.551115123125783e-17
      },
      "tokenSd": {
        "0x365accfca291e7d3914637abf1f7635db165bb09": 10.745423725749987,
        "0x5de8ab7e27f6e7a1fff3e5b337584aa43961beef": 43.104434439994456,
        "0xa0b86991c6218b36c1d19d4a2e9eb0ce3606eb48": 24.557935853305025,
        "0xc02aaa39b223fe8d0a0e5c4f27ead9083c756cc2": 7.951097931349766e-15
      }
    }
  ]
}