Gauge Name;Gauge Address;Reward Token;Reward Address;Reward Amount;Reward sd Value;Share % per Protocol
msUSD+fxUSD;0x2122a2bee97545595550b85379AC7676Fd21a5B4;USDC;0xA0b86991c6218b36c1d19D4a2e9Eb0cE3606eB48;464.257402;34.426442;40.52
USDnr+fxUSD;0x695C6F5ed9CEB6709E00C08e1326710F3169B922;SDEX;0x5DE8ab7E27f6E7A1fFf3E5B337584Aa43961BEeF;242850.275637;47.817795;56.29
fxSAVE+scrvUSD;0x6FcFe767c479ef1f2d8c7A4b27e2aBaDD355910F;FXN;0x365AccFCa291e7D3914637ABf1F7635dB165Bb09;0.965786;0.968522;1.14
ETH+fxUSD;0x288810cdbdFEd9EA3Be3cA4E421Ab795FD0669f3;FXN;0x365AccFCa291e7D3914637ABf1F7635dB165Bb09;1.736898;1.741818;2.05