{
  "protocol": "balancer",
  "period": 1769644800,
  "aggregator": "0x0000000a3Fc396B89e4c11841B39D9dff85a5D05",
  "totals": {
    "sdInTotal": 492.72647742868946,
    "sdAssigned": 492.7264774286894,
    "wethInTotal": 0.36279664284373214,
    "wethOutTotal": 0.3618812020306962
  },
  "dropped": {
    "tokensNotSwapped": [
      "0xaf88d065e77c8cc2239327c5edb3a432268e5831"
    ],
    "wethNotSwapped": false
  },
  "perToken": {
    "0xa0b86991c6218b36c1d19d4a2e9eb0ce3606eb48": {
      "mappedWeth": 0.2308175086010274,
      "sd": 324.96782719018773
    },
    "0x73968b9a57c6e53d41345fd57a6e6ae27d6cdb2f": {
      "mappedWeth": 0.013541166701152359,
      "sd": 17.21217419309924
    },
    "0x5de8ab7e27f6e7a1fff3e5b337584aa43961beef": {
      "mappedWeth": 0.11843796754155242,
      "sd": 150.54647604540241
    },
    "0xaf88d065e77c8cc2239327c5edb3a432268e5831": {
      "mappedWeth": 0,
      "sd": 0
    }
  },
  "txs": [
    {
      "tx": "0xf83a31a791cae80d2b346d7b14ac64960de765ddad88f07dcbfacc6676e6f308",
      "wethIn": 0.32106089036977653,
      "wethOut": 0.3201165869674949,
      "sdIn": 408.0980505451194,
      "nativeIn": 1908.6635929544393,
      "nativeOut": 1908.8544784022795,
      "nativeShareSd": 0.19088544784017358,
      "wethBasis": 0.32106089036977653,
      "tokenWeth": {
        "0x73968b9a57c6e53d41345fd57a6e6ae27d6cdb2f": 0.013541166701152359,
        "0x5de8ab7e27f6e7a1fff3e5b337584aa43961beef": 0.11843796754155242,
        "0xa0b86991c6218b36c1d19d4a2e9eb0ce3606eb48": 0.1890817561270718
      },
      "tokenSd": {
        "0xba100000625a3754423978a60c9317c58a424e3d": 0.19088544784017358,
        "0x73968b9a57c6e53d41345fd57a6e6ae27d6cdb2f": 17.204022934139036,
        "0x5de8ab7e27f6e7a1fff3e5b337584aa43961beef": 150.47518096681296,
        "0xa0b86991c6218b36c1d19d4a2e9eb0ce3606eb48": 240.22796119632724
      }
    },
    {
      "tx": "0x2f11b8690d951351520b86189f02f99957d0d3621acd77fbdae099e92a4bb6e4",
      "wethIn": 0.04173575247395561,
      "wethOut": 0.041764615063201255,
      "sdIn": 84.62842688357006,
      "nativeIn": 424.5335005148998,
      "nativeOut": 424.57595811071087,
      "nativeShareSd": 0.042457595811072224,
      "wethBasis": 0.04173575247395561,
      "tokenWeth": {
        "0xa0b86991c6218b36c1d19d4a2e9eb0ce3606eb48": 0.04173575247395562
      },
      "tokenSd": {
        "0xba100000625a3754423978a60c9317c58a424e3d": 0.042457595811072224,
        "0xa0b86991c6218b36c1d19d4a2e9eb0ce3606eb48": 84.585969287759
      }
    }
  ]
}