{
  "protocol": "curve",
  "period": 1769644800,
  "aggregator": "0x0000000a3Fc396B89e4c11841B39D9dff85a5D05",
  "totals": {
    "sdInTotal": 297602.62046044297,
    "sdAssigned": 297602.620460443,
    "wethInTotal": 21.13958791144793,
    "wethOutTotal": 21.157142095260973
  },
  "dropped": {
    "tokensNotSwapped": [
      "0x833589fcd6edb6e08f4c7c32d4f71b54bda02913",
      "0x8ee73c484a26e0a5df2ee2a4960b789967dd0415"
    ],
    "wethNotSwapped": false
  },
  "perToken": {
    "0x833589fcd6edb6e08f4c7c32d4f71b54bda02913": {
      "mappedWeth": 0,
      "sd": 0
    },
    "0x8ee73c484a26e0a5df2ee2a4960b789967dd0415": {
      "mappedWeth": 0,
      "sd": 0
    },
    "0xdd468a1ddc392dcdbef6db6e34e89aa338f9f186": {
      "mappedWeth": 1.053701763218542,
      "sd": 14968.360392383149
    },
    "0x73968b9a57c6e53d41345fd57a6e6ae27d6cdb2f": {
      "mappedWeth": 0.05018643478011996,
      "sd": 682.413983185428
    },
    "0xa0b86991c6218b36c1d19d4a2e9eb0ce3606eb48": {
      "mappedWeth": 6.901311478719646,
      "sd": 96078.68189355076
    },
    "0x01ba69727e2860b37bc1a2bd56999c1afb4c15d8": {
      "mappedWeth": 0.7465985866022806,
      "sd": 10605.80621842331
    },
    "0xf939e0a03fb07f59a73314e73794be0e57ac1b4e": {
      "mappedWeth": 0.1742432930926109,
      "sd": 2401.0042074878293
    },
    "0x8207c1ffc5b6804f6024322ccf34f29c3541ae26": {
      "mappedWeth": 1.7506419945618814,
      "sd": 24376.238475748283
    },
    "0x04acaf8d2865c0714f79da09645c13fd2888977f": {
      "mappedWeth": 4.401991813022797,
      "sd": 59750.71638634421
    },
    "0x856c4efb76c1d1ae02e20ceb03a2a6a08b0b8dc3": {
      "mappedWeth": 0.018220762327223763,
      "sd": 247.75824484988527
    },
    "0x419905009e4656fdc02418c7df35b1e61ed5f726": {
      "mappedWeth": 0.6486598382575708,
      "sd": 9214.53732927893
    },
    "0x01791f726b4103694969820be083196cc7c045ff": {
      "mappedWeth": 1.8139827078646165,
      "sd": 25474.11779229172
    },
    "0x59a529070fbb61e6d6c91f952ccb7f35c34cf8aa": {
      "mappedWeth": 0.05932693327813423,
      "sd": 806.7026284270942
    },
    "0x7fe24f1a024d33506966cb7ca48bab8c65fb632d": {
      "mappedWeth": 0.0811389334441426,
      "sd": 1118.062664752993
    },
    "0x090185f2135308bad17527004364ebcc2d37e5f6": {
      "mappedWeth": 2.746238301078003,
      "sd": 37387.0328309983
    },
    "0x4e3fbd56cd56c3e72c1403e103b45db9da5b9d2b": {
      "mappedWeth": 0.13696410899161737,
      "sd": 1887.3116785557381
    },
    "0xdac17f958d2ee523a2206206994597c13d831ec7": {
      "mappedWeth": 0.26962154503268854,
      "sd": 4672.484757081167
    },
    "0x09fd37d9aa613789c517e76df1c53aece2b60df4": {
      "mappedWeth": 0.28675941717606,
      "sd": 4969.480482511792
    },
    "0xd533a949740bb3306d119cc777fa900ba034cd52": {
      "mappedWeth": 0,
      "sd": 2961.9104945723975
    }
  },
  "txs": [
    {
      "tx": "0xc0eeeb85cc91a0aa577476264e1dc26a2a0977bde0e4dc25946172c8b21ce699",
      "wethIn": 1.8465874607243093,
      "wethOut": 1.8484335844012538,
      "sdIn": 25939.710395501705,
      "nativeIn": 15782.476243203831,
      "nativeOut": 15782.476243203831,
      "nativeShareSd": 0,
      "wethBasis": 1.8465874607243093,
      "tokenWeth": {
        "0xa0b86991c6218b36c1d19d4a2e9eb0ce3606eb48": 1.8465874607243096
      },
      "tokenSd": {
        "0xa0b86991c6218b36c1d19d4a2e9eb0ce3606eb48": 25939.71039550171
      }
    },
    {
      "tx": "0x73ee253820a33f7437e684c9400c297213d958edac6c0e5bf2e670de7416125d",
      "wethIn": 1.8799474404601484,
      "wethOut": 1.8818605562235335,
      "sdIn": 26489.064061139685,
      "nativeIn": 16118.432600985117,
      "nativeOut": 16118.432600985117,
      "nativeShareSd": 0,
      "wethBasis": 1.8799474404601484,
      "tokenWeth": {
        "0xa0b86991c6218b36c1d19d4a2e9eb0ce3606eb48": 1.8799474404601482,
        "0xc02aaa39b223fe8d0a0e5c4f27ead9083c756cc2": 2.220446049250313e-16
      },
      "tokenSd": {
        "0xa0b86991c6218b36c1d19d4a2e9eb0ce3606eb48": 26489.06406113968,
        "0xc02aaa39b223fe8d0a0e5c4f27ead9083c756cc2": 3.1286798969496454e-12
      }
    },
    {
      "tx": "0x5bb1c4a76eb6ee131fa275b698c75bdfbddd8d584430bc598287b0efb94cf7fc",
      "wethIn": 1.7102507862001048,
      "wethOut": 1.7100532958782775,
      "sdIn": 23865.96630002326,
      "nativeIn": 14728.97180324834,
      "nativeOut": 14728.97180324834,
      "nativeShareSd": 0,
      "wethBasis": 1.7102507862001048,
      "tokenWeth": {
        "0xa0b86991c6218b36c1d19d4a2e9eb0ce3606eb48": 1.7102507862001046,
        "0xc02aaa39b223fe8d0a0e5c4f27ead9083c756cc2": 2.220446049250313e-16
      },
      "tokenSd": {
        "0xa0b86991c6218b36c1d19d4a2e9eb0ce3606eb48": 23865.966300023258,
        "0xc02aaa39b223fe8d0a0e5c4f27ead9083c756cc2": 3.0985567151920256e-12
      }
    },
    {
      "tx": "0x2aaa483882b0f3527afcc08b2440de37114a2bcd812706bc30e44e9e192c8705",
      "wethIn": 1.4645257913350835,
      "wethOut": 1.4646832993241001,
      "sdIn": 19783.941136886122,
      "nativeIn": 12416.907864841744,
      "nativeOut": 12416.907864841744,
      "nativeShareSd": 0,
      "wethBasis": 1.4645257913350835,
      "tokenWeth": {
        "0xa0b86991c6218b36c1d19d4a2e9eb0ce3606eb48": 1.4645257913350835
      },
      "tokenSd": {
        "0xa0b86991c6218b36c1d19d4a2e9eb0ce3606eb48": 19783.941136886122
      }
    },
    {
      "tx": "0xcb02c204b198df18dcd49b7f132816cd77c153bc5df02c602237bee64b80bc5d",
      "wethIn": 1.381717044529439,
      "wethOut": 1.3818886899070033,
      "sdIn": 18780.029991689855,
      "nativeIn": 11710.056382350249,
      "nativeOut": 11710.056382350249,
      "nativeShareSd": 0,
      "wethBasis": 1.381717044529439,
      "tokenWeth": {
        "0x04acaf8d2865c0714f79da09645c13fd2888977f": 1.3817170445294389,
        "0xc02aaa39b223fe8d0a0e5c4f27ead9083c756cc2": 2.220446049250313e-16
      },
      "tokenSd": {
        "0x04acaf8d2865c0714f79da09645c13fd2888977f": 18780.02999168985,
        "0xc02aaa39b223fe8d0a0e5c4f27ead9083c756cc2": 3.0179871895588866e-12
      }
    },
    {
      "tx": "0xc46538a63fdc1d4abe9a152fec336110236baab4026b74dee4984c0bdd8c5425",
      "wethIn": 1.5064610030658956,
      "wethOut": 1.5064600030658957,
      "sdIn": 20497.612923309647,
      "nativeIn": 12705.148634981395,
      "nativeOut": 12705.148634981395,
      "nativeShareSd": 0,
      "wethBasis": 1.5064610030658956,
      "tokenWeth": {
        "0x04acaf8d2865c0714f79da09645c13fd2888977f": 1.5064610030658956
      },
      "tokenSd": {
        "0x04acaf8d2865c0714f79da09645c13fd2888977f": 20497.612923309647
      }
    },
    {
      "tx": "0x986dcab1c8bfc29fde015b47677c197bde572936ba299617ebc5b646c9da85fd",
      "wethIn": 1.5138137654274628,
      "wethOut": 1.5141471800544501,
      "sdIn": 20473.073471344727,
      "nativeIn": 12936.528801926615,
      "nativeOut": 12936.528801926615,
      "nativeShareSd": 0,
      "wethBasis": 1.5138137654274628,
      "tokenWeth": {
        "0x04acaf8d2865c0714f79da09645c13fd2888977f": 1.5138137654274628
      },
      "tokenSd": {
        "0x04acaf8d2865c0714f79da09645c13fd2888977f": 20473.073471344727
      }
    },
    {
      "tx": "0x3b90c5bb19ab3d375a8eaaa05c87dc627a6395a7ab5939604f37c7d276d94ad2",
      "wethIn": 1.3938016080287674,
      "wethOut": 1.3938006080287675,
      "sdIn": 19100.60842251314,
      "nativeIn": 11904.55601683628,
      "nativeOut": 11904.55601683628,
      "nativeShareSd": 0,
      "wethBasis": 1.3938016080287674,
      "tokenWeth": {
        "0x090185f2135308bad17527004364ebcc2d37e5f6": 1.3938016080287674
      },
      "tokenSd": {
        "0x090185f2135308bad17527004364ebcc2d37e5f6": 19100.60842251314
      }
    },
    {
      "tx": "0x7b94793a6c5d1e4ec048d9d462deaa3b1b61f7598273e98ae552b3a7a49ece61",
      "wethIn": 1.3524366930492355,
      "wethOut": 1.3524356930492354,
      "sdIn": 18286.42440848516,
      "nativeIn": 11587.604598022588,
      "nativeOut": 11587.604598022588,
      "nativeShareSd": 0,