{
  "protocol": "fxn",
  "period": 1769644800,
  "aggregator": "0x0000000a3Fc396B89e4c11841B39D9dff85a5D05",
  "totals": {
    "sdInTotal": 53.01408213407789,
    "sdAssigned": 53.01408213407789,
    "wethInTotal": 0.43342661992625847,
    "wethOutTotal": 0.43234085257856364
  },
  "dropped": {
    "tokensNotSwapped": [],
    "wethNotSwapped": false
  },
  "perToken": {
    "0xdbdb4d16eda451d0503b854cf79d55697f90c8df": {
      "mappedWeth": 0.08275218822292385,
      "sd": 10.116400275292749
    },
    "0x5de8ab7e27f6e7a1fff3e5b337584aa43961beef": {
      "mappedWeth": 0.19934301354110132,
      "sd": 24.369551553516985
    },
    "0x04acaf8d2865c0714f79da09645c13fd2888977f": {
      "mappedWeth": 0.016418826879328784,
      "sd": 2.035155256461524
    },
    "0xa0b86991c6218b36c1d19d4a2e9eb0ce3606eb48": {
      "mappedWeth": 0.1349125912829045,
      "sd": 16.492975048806635
    }
  },
  "txs": [
    {
      "tx": "0x76e5b3a74ff478347f76dc5cf63d0b0a80e2284ee0de8a8ccbe09b4cb1b79010",
      "wethIn": 0.4170077930469297,
      "wethOut": 0.4159213836523422,
      "sdIn": 50.9789266583857,
      "nativeIn": 50.57652419134291,
      "nativeOut": 50.58158234957787,
      "nativeShareSd": 0.0050581582349593646,
      "wethBasis": 0.4170077930469297,
      "tokenWeth": {
        "0xdbdb4d16eda451d0503b854cf79d55697f90c8df": 0.08275218822292385,
        "0x5de8ab7e27f6e7a1fff3e5b337584aa43961beef": 0.19934301354110132,
        "0xa0b86991c6218b36c1d19d4a2e9eb0ce3606eb48": 0.1349125912829045,
        "0xc02aaa39b223fe8d0a0e5c4f27ead9083c756cc2": 5.551115123125783e-17
      },
      "tokenSd": {
        "0x365accfca291e7d3914637abf1f7635db165bb09": 0.0050581582349593646,
        "0xdbdb4d16eda451d0503b854cf79d55697f90c8df": 10.11539647677599,
        "0x5de8ab7e27f6e7a1fff3e5b337584aa43961beef": 24.367133487897014,
        "0xa0b86991c6218b36c1d19d4a2e9eb0ce3606eb48": 16.49133853547774,
        "0xc02aaa39b223fe8d0a0e5c4f27ead9083c756cc2": 6.785528161186366e-15
      }
    },
    {
      "tx": "0x2353a625ba3458aab57e9bfcbc434c3595f3c46a075c7e3fce1052d8e25d6005",
      "wethIn": 0.016418826879328784,
      "wethOut": 0.016419468926221408,
      "sdIn": 2.0351554756921826,
      "nativeIn": 2.0213703361804267,
      "nativeOut": 2.0215724934297694,
      "nativeShareSd": 0.00020215724934269375,
      "wethBasis": 0.016418826879328784,
      "tokenWeth": {
        "0x04acaf8d2865c0714f79da09645c13fd2888977f": 0.016418826879328784
      },
      "tokenSd": {
        "0x365accfca291e7d3914637abf1f7635db165bb09": 0.00020215724934269375,
        "0x04acaf8d2865c0714f79da09645c13fd2888977f": 2.03495331844284
      }
    }
  ]
}