{
  "rewardValueUSD": 41535.43339180211,
  "usdPerCVX": 0.00625657317761427,
  "totalVotingPower": 14774343.458445039,
  "delegationVotingPower": 6638687.379285192,
  "delegationShare": 0.44933890957371153,
  "timestamp": 1774483200,
  "periodStartBlock": 24637661,
  "periodEndBlock": 1773705600
}