{"sdcrv.eth":12.898972088906046,"sdbal.eth":49.4129904695901,"sdfxs.eth":2.4325785225678356,"sdpendle.eth":24.126130955201617,"sdcake.eth":8.5551944820177,"sdfxn.eth":27.020877742115108,"sdapw.eth":50.604720175782816}