Gauge Name;Gauge Address;Reward Token;Reward Address;Reward Amount;Reward sd Value;Share % per Protocol
FLE FXS/wfrxETH [Fraxtal];0x6f82A6551cc351Bc295602C3ea99C78EdACF590C;FXS;0x3432B6A60D23Ca0dFCa7761B7ab56459D9C964D0;0.359367;0.361395;0.17
Morpho Re7FRAX;0xE1e697Fd7EC9b3675808Ba8Ad508fD51cac756a3;FXS;0x3432B6A60D23Ca0dFCa7761B7ab56459D9C964D0;54.005498;54.310276;25.28
Convex stkcvxeUSDFRAXBP;0x4c9AD8c53d0a001E7fF08a3E5E26dE6795bEA5ac;FXS;0x3432B6A60D23Ca0dFCa7761B7ab56459D9C964D0;83.024557;83.493103;38.86
Convex stkcvxfrxETHWETH;0xB4fdD7444E1d86b2035c97124C46b1528802DA35;FXS;0x3432B6A60D23Ca0dFCa7761B7ab56459D9C964D0;76.251042;76.681362;35.69