Gauge Name;Gauge Address;Reward Token;Reward Address;Reward Amount;Reward sd Value;Share % per Protocol
alUSD+fxUSD;0x9c7003bC16F2A1AA47451C858FEe6480B755363e;ALCX;0xdBdb4d16EdA451D0503b854CF79D55697F90c8DF;24.935730;8.072841;9.53
GHO+fxUSD;0xf0A3ECed42Dbd8353569639c0eaa833857aA0A75;GHO;0x40D16FC0246aD3160Ccc09B8D0D3A2cD28aE6C2f;2391.289045;76.654889;90.47