{
  "protocol": "curve",
  "period": 1771459200,
  "aggregator": "0x0000000a3Fc396B89e4c11841B39D9dff85a5D05",
  "totals": {
    "sdInTotal": 352359.0043907431,
    "sdAssigned": 352359.00439074304,
    "wethInTotal": 31.457056279236507,
    "wethOutTotal": 31.454508829050805
  },
  "dropped": {
    "tokensNotSwapped": [
      "0x833589fcd6edb6e08f4c7c32d4f71b54bda02913",
      "0x76a9a0062ec6712b99b4f63bd2b4270185759dd5"
    ],
    "wethNotSwapped": false
  },
  "perToken": {
    "0x833589fcd6edb6e08f4c7c32d4f71b54bda02913": {
      "mappedWeth": 0,
      "sd": 0
    },
    "0x76a9a0062ec6712b99b4f63bd2b4270185759dd5": {
      "mappedWeth": 0,
      "sd": 0
    },
    "0xa0b86991c6218b36c1d19d4a2e9eb0ce3606eb48": {
      "mappedWeth": 7.56025901667649,
      "sd": 83364.86646050136
    },
    "0x73968b9a57c6e53d41345fd57a6e6ae27d6cdb2f": {
      "mappedWeth": 0.06206788463580546,
      "sd": 721.725400098024
    },
    "0x24a3d725c37a8d1a66eb87f0e5d07fe67c120035": {
      "mappedWeth": 3.330914592018573,
      "sd": 37381.48144404959
    },
    "0xf4c13d631450de6b12a19829e37c8e2826891dc4": {
      "mappedWeth": 0.07911829648662455,
      "sd": 915.6111153542955
    },
    "0x04acaf8d2865c0714f79da09645c13fd2888977f": {
      "mappedWeth": 4.249947172766515,
      "sd": 47191.83058151767
    },
    "0x2a8e1e676ec238d8a992307b495b45b3feaa5e86": {
      "mappedWeth": 0.05038642518992238,
      "sd": 585.8933825936724
    },
    "0x8207c1ffc5b6804f6024322ccf34f29c3541ae26": {
      "mappedWeth": 1.6099485732278267,
      "sd": 18173.900065855447
    },
    "0x59a529070fbb61e6d6c91f952ccb7f35c34cf8aa": {
      "mappedWeth": 0.04350045829499127,
      "sd": 505.82335537320284
    },
    "0x7fe24f1a024d33506966cb7ca48bab8c65fb632d": {
      "mappedWeth": 0.11867786865556733,
      "sd": 1373.4215789891878
    },
    "0x419905009e4656fdc02418c7df35b1e61ed5f726": {
      "mappedWeth": 0.35236301878384513,
      "sd": 3997.6308867870484
    },
    "0x01791f726b4103694969820be083196cc7c045ff": {
      "mappedWeth": 1.2716431091601572,
      "sd": 14427.052497433157
    },
    "0xc0c17dd08263c16f6b64e772fb9b723bf1344ddf": {
      "mappedWeth": 11.976408744990062,
      "sd": 135110.68285064737
    },
    "0x4e3fbd56cd56c3e72c1403e103b45db9da5b9d2b": {
      "mappedWeth": 0.4287955127180374,
      "sd": 4864.773243439769
    },
    "0x7cb20517776636ed76b68edb3d99dcce356abf02": {
      "mappedWeth": 0.03742339002787639,
      "sd": 439.1270791276609
    },
    "0xdac17f958d2ee523a2206206994597c13d831ec7": {
      "mappedWeth": 0.2856022156042109,
      "sd": 3305.184448975565
    }
  },
  "txs": [
    {
      "tx": "0xaae145a3d15edac0d140c18a3a56ef0bb36eee376a93411dc0d29ff69f1cae9d",
      "wethIn": 2.339608826330802,
      "wethOut": 2.3400459388155355,
      "sdIn": 26626.96751370271,
      "nativeIn": 19024.578651773216,
      "nativeOut": 19024.578651773216,
      "nativeShareSd": 0,
      "wethBasis": 2.339608826330802,
      "tokenWeth": {
        "0xc0c17dd08263c16f6b64e772fb9b723bf1344ddf": 2.339608826330802
      },
      "tokenSd": {
        "0xc0c17dd08263c16f6b64e772fb9b723bf1344ddf": 26626.96751370271
      }
    },
    {
      "tx": "0x92aa74cf9e7442379512a9e1c0416777875b094bd48c0bdb489b049a57b68eac",
      "wethIn": 2.382612983005038,
      "wethOut": 2.382611983005038,
      "sdIn": 27129.283342386436,
      "nativeIn": 19230.486271130576,
      "nativeOut": 19230.486271130576,
      "nativeShareSd": 0,
      "wethBasis": 2.382612983005038,
      "tokenWeth": {
        "0xc0c17dd08263c16f6b64e772fb9b723bf1344ddf": 2.382612983005038
      },
      "tokenSd": {
        "0xc0c17dd08263c16f6b64e772fb9b723bf1344ddf": 27129.283342386436
      }
    },
    {
      "tx": "0xfe6d130f6e42961a63be9a0bab8ae729834930c1c9df78b87db6b30341f37ebf",
      "wethIn": 2.3502912519639563,
      "wethOut": 2.350290251963956,
      "sdIn": 26480.49240694095,
      "nativeIn": 18981.727951268513,
      "nativeOut": 18981.7442548272,
      "nativeShareSd": 0.01630355868837796,
      "wethBasis": 2.3502912519639563,
      "tokenWeth": {
        "0xc0c17dd08263c16f6b64e772fb9b723bf1344ddf": 2.3502912519639563
      },
      "tokenSd": {
        "0xd533a949740bb3306d119cc777fa900ba034cd52": 0.01630355868837796,
        "0xc0c17dd08263c16f6b64e772fb9b723bf1344ddf": 26480.47610338226
      }
    },
    {
      "tx": "0xd069561c2d788e545c387632690c31c03940fb5dba77c60780e1d568c671270c",
      "wethIn": 2.612428797786287,
      "wethOut": 2.6124277977862866,
      "sdIn": 29177.19487717017,
      "nativeIn": 21038.443454678745,
      "nativeOut": 21038.443454678745,
      "nativeShareSd": 0,
      "wethBasis": 2.612428797786287,
      "tokenWeth": {
        "0xc0c17dd08263c16f6b64e772fb9b723bf1344ddf": 2.612428797786287
      },
      "tokenSd": {
        "0xc0c17dd08263c16f6b64e772fb9b723bf1344ddf": 29177.19487717017
      }
    },
    {
      "tx": "0xc05c473421dcf544a1fa824e2bb36661fd667a167db7c8d8df9090abb4641699",
      "wethIn": 2.2914668859039797,
      "wethOut": 2.2914658859039796,
      "sdIn": 25696.754762469955,
      "nativeIn": 18554.408674790713,
      "nativeOut": 18554.408674790713,
      "nativeShareSd": 0,
      "wethBasis": 2.2914668859039797,
      "tokenWeth": {
        "0xc0c17dd08263c16f6b64e772fb9b723bf1344ddf": 2.2914668859039797
      },
      "tokenSd": {
        "0xc0c17dd08263c16f6b64e772fb9b723bf1344ddf": 25696.75476246995
      }
    },
    {
      "tx": "0x113ee704ebfed79141436d7b1d5c98e560f6f31a5b3be3f06ff60916085cb854",
      "wethIn": 2.758805216948278,
      "wethOut": 2.7614732893354614,
      "sdIn": 30265.26240239756,
      "nativeIn": 21906.60052469925,
      "nativeOut": 21906.60052469925,
      "nativeShareSd": 0,
      "wethBasis": 2.758805216948278,
      "tokenWeth": {
        "0xa0b86991c6218b36c1d19d4a2e9eb0ce3606eb48": 2.758805216948278
      },
      "tokenSd": {
        "0xa0b86991c6218b36c1d19d4a2e9eb0ce3606eb48": 30265.26240239756
      }
    },
    {
      "tx": "0x0265ab32b6a65a346987896aa5df12c5c45bf14029ad8c820f300c827fa3c2a8",
      "wethIn": 2.5251125406274935,
      "wethOut": 2.526094707756701,
      "sdIn": 27984.076182388115,
      "nativeIn": 20181.070265855775,
      "nativeOut": 20181.070265855775,
      "nativeShareSd": 0,
      "wethBasis": 2.5251125406274935,
      "tokenWeth": {
        "0xa0b86991c6218b36c1d19d4a2e9eb0ce3606eb48": 2.5251125406274935
      },
      "tokenSd": {
        "0xa0b86991c6218b36c1d19d4a2e9eb0ce3606eb48": 27984.076182388115
      }
    },
    {
      "tx": "0xaea0fda6aebfcd622c08be5dfc63bd4e3c9611962c689669e3d9867e13becc1e",
      "wethIn": 2.276341259100718,
      "wethOut": 2.276814505358398,
      "sdIn": 25115.52401844518,
      "nativeIn": 18139.593188396575,
      "nativeOut": 18139.593188396575,
      "nativeShareSd": 0,
      "wethBasis": 2.276341259100718,
      "tokenWeth": {
        "0xa0b86991c6218b36c1d19d4a2e9eb0ce3606eb48": 2.276341259100718
      },
      "tokenSd": {
        "0xa0b86991c6218b36c1d19d4a2e9eb0ce3606eb48": 25115.52401844518
      }
    },
    {
      "tx": "0xb05a007d7b07339dfadbbf234b7c29836caa8721778bb458064aa52ef6d93aee",
      "wethIn": 2.1566860887085513,
      "wethOut": 2.156685088708551,
      "sdIn": 23987.898231321662,
      "nativeIn": 17227.10984616707,
      "nativeOut": 17227.10984616707,
      "nativeShareSd": 0,
      "wethBasis": 2.1566860887085513,
      "tokenWeth": {
        "0x04acaf8d2865c0714f79da09645c13fd2888977f": 2.1566860887085513
      },
      "tokenSd": {
        "0x04acaf8d2865c0714f79da09645c13fd2888977f": 23987.898231321662
      }
    },
    {
      "tx": "0x766df6eaf99f9f03e72e594bb9d1a4789c47159b7235f7bd596fcaecfdfc48fb",
      "wethIn": 2.0932610840579633,
      "wethOut": 2.093260084057963,
      "sdIn": 23203.9301666424,
      "nativeIn": 16749.780178056666,
      "nativeOut": 16749.780178056666,
      "nativeShareSd": 0,
      "wethBasis": 2.0932610840579633,