{
  "sdspectra.eth": 25.128721992798848,
  "sdcrv.eth": 23.668844480550312,
  "sdbal.eth": 28.421202938205433,
  "sdfxn.eth": 13.048251964919627,
  "sdpendle.eth": 0
}