{
  "protocol": "fxn",
  "period": 1771459200,
  "aggregator": "0x0000000a3Fc396B89e4c11841B39D9dff85a5D05",
  "totals": {
    "sdInTotal": 69.03234449721728,
    "sdAssigned": 69.03234449721728,
    "wethInTotal": 0.5586855355910691,
    "wethOutTotal": 0.5566620806002567
  },
  "dropped": {
    "tokensNotSwapped": [],
    "wethNotSwapped": false
  },
  "perToken": {
    "0x5de8ab7e27f6e7a1fff3e5b337584aa43961beef": {
      "mappedWeth": 0.2959115914241641,
      "sd": 36.672388346441096
    },
    "0xdbdb4d16eda451d0503b854cf79d55697f90c8df": {
      "mappedWeth": 0.1284996029893851,
      "sd": 15.924983947098667
    },
    "0xa0b86991c6218b36c1d19d4a2e9eb0ce3606eb48": {
      "mappedWeth": 0.05794604737604183,
      "sd": 6.975590032680612
    },
    "0x8207c1ffc5b6804f6024322ccf34f29c3541ae26": {
      "mappedWeth": 0.07632829380147811,
      "sd": 9.459382170996902
    }
  },
  "txs": [
    {
      "tx": "0x517739232cb0894c8756765846ceed6176803b6a2aaaf4f589892e7a527ad0d4",
      "wethIn": 0.5007394882150273,
      "wethOut": 0.4987120279623479,
      "sdIn": 62.05675157147371,
      "nativeIn": 60.13022415759334,
      "nativeOut": 60.13623778137148,
      "nativeShareSd": 0.006013623778137855,
      "wethBasis": 0.5007394882150273,
      "tokenWeth": {
        "0x5de8ab7e27f6e7a1fff3e5b337584aa43961beef": 0.2959115914241641,
        "0x8207c1ffc5b6804f6024322ccf34f29c3541ae26": 0.07632829380147811,
        "0xdbdb4d16eda451d0503b854cf79d55697f90c8df": 0.1284996029893851
      },
      "tokenSd": {
        "0x365accfca291e7d3914637abf1f7635db165bb09": 0.006013623778137855,
        "0x5de8ab7e27f6e7a1fff3e5b337584aa43961beef": 36.66883289072973,
        "0x8207c1ffc5b6804f6024322ccf34f29c3541ae26": 9.458465066442704,
        "0xdbdb4d16eda451d0503b854cf79d55697f90c8df": 15.923439990523132
      }
    },
    {
      "tx": "0x9bcefd84520375c3280995387e17108312beff68dc0b35fc01e06521824dd1e8",
      "wethIn": 0.05794604737604184,
      "wethOut": 0.057950052637908776,
      "sdIn": 6.975592925743577,
      "nativeIn": 6.791214677755041,
      "nativeOut": 6.791893867141754,
      "nativeShareSd": 0.000679189386713297,
      "wethBasis": 0.05794604737604184,
      "tokenWeth": {
        "0xa0b86991c6218b36c1d19d4a2e9eb0ce3606eb48": 0.05794604737604183,
        "0xc02aaa39b223fe8d0a0e5c4f27ead9083c756cc2": 6.938893903907228e-18
      },
      "tokenSd": {
        "0x365accfca291e7d3914637abf1f7635db165bb09": 0.000679189386713297,
        "0xa0b86991c6218b36c1d19d4a2e9eb0ce3606eb48": 6.9749137363568625,
        "0xc02aaa39b223fe8d0a0e5c4f27ead9083c756cc2": 8.352284339845407e-16
      }
    }
  ]
}