{
  "rewardValueUSD": 5022.622229040935,
  "usdPerAURA": 0.0002418219797686354,
  "totalVotingPower": 29679392.670796584,
  "delegationVotingPower": 20769916.09218632,
  "delegationShare": 0.699809336483598,
  "timestamp": 1773878400,
  "sdtUsdPerAURA": 0,
  "sdtAmount": "0"
}