{"sdcrv.eth":13.42139831617733,"sdbal.eth":32.16536333059591,"sdfxs.eth":6.306456394902693,"sdpendle.eth":15.157829101339482,"sdcake.eth":32.14047210047016,"sdfxn.eth":28.69298647261066}