{
    "sdcrv.eth": 12.428859929001755,
    "sdbal.eth": 68.77938574350489,
    "sdfxs.eth": 1.332049037715961,
    "sdpendle.eth": 10.147227309159776,
    "sdcake.eth": 6.850026473311272,
    "sdfxn.eth": 9.33871528088822
}