{"sdcrv.eth":16.129198540474828,"sdbal.eth":36.672146130724585,"sdfxs.eth":5.57907608719609,"sdpendle.eth":22.472521608947147,"sdcake.eth":0,"sdfxn.eth":28.127083563113807}