{"sdcrv.eth":24.912624109997335,"sdbal.eth":29.92976133054327,"sdfxs.eth":3.029274581243639,"sdpendle.eth":2.920404903180193,"sdcake.eth":23.56723625470608,"sdfxn.eth":26.22479009897097}