{"sdcrv.eth":13.599108469605792,"sdbal.eth":43.96992986740235,"sdfxs.eth":7.364038357806189,"sdpendle.eth":11.693708793894965,"sdcake.eth":17.303980918052332,"sdfxn.eth":32.23328655200786}