{"sdcrv.eth":27.282250065246863,"sdbal.eth":31.41951138234717,"sdfxs.eth":4.402341993942557,"sdpendle.eth":7.548246400229347,"sdcake.eth":27.892544560496983}