{"sdcrv.eth":24.420799303071522,"sdbal.eth":34.22097343632468,"sdfxs.eth":5.942276851396705,"sdpendle.eth":9.912539235658263,"sdcake.eth":19.870863425017074}