{"sdcrv.eth":11.879879197887709,"sdbal.eth":23.074080494906752,"sdfxs.eth":3.9160907621160903,"sdpendle.eth":3.3765112039067207,"sdcake.eth":7.137448907530581,"sdfxn.eth":31.045223810501692}