{"sdcrv.eth":16.570184439067106,"sdbal.eth":55.4442210852939,"sdfxs.eth":3.0588264520582475,"sdpendle.eth":30.653538507949822,"sdcake.eth":5.248847035302888,"sdfxn.eth":2.769863081157475,"sdapw.eth":45.75799441821877}