{"sdcrv.eth":11.335019204942732,"sdbal.eth":28.70950671512299,"sdfxs.eth":4.5083847961781816,"sdpendle.eth":21.210699838525223,"sdcake.eth":13.01993010746891,"sdfxn.eth":32.6822247292685}