{"sdcrv.eth":26.49185112899853,"sdbal.eth":28.198205693295897,"sdfxs.eth":3.513258357006672,"sdpendle.eth":40.16359474132881,"sdcake.eth":18.498062328697856,"sdfxn.eth":18.664720467906957}