{"sdcrv.eth":12.428859929001755,"sdbal.eth":68.77938574350489,"sdfxs.eth":1.282778440842993,"sdpendle.eth":10.147227309159776,"sdcake.eth":0.13422655989896592,"sdfxn.eth":9.33871528088822}