{"sdcrv.eth":25.07492178506008,"sdbal.eth":35.09203318258322,"sdfxs.eth":3.825630511234553,"sdpendle.eth":8.990955665713777,"sdcake.eth":12.85413255386895}