{"sdcrv.eth":26.211351274606354,"sdbal.eth":42.507565255815145,"sdfxs.eth":5.779619944400013,"sdpendle.eth":0,"sdcake.eth":27.999986595983426,"sdfxn.eth":18.635636211823762}