{"sdcrv.eth":17.999142384157153,"sdbal.eth":35.94689112308941,"sdfxs.eth":2.779177343823222,"sdpendle.eth":1.510290071436932,"sdcake.eth":5.557536529427858,"sdfxn.eth":17.7556099911686,"sdspectra.eth":39.58781101022356}