{"sdcrv.eth":15.060855499386394,"sdbal.eth":24.58055356245305,"sdfxs.eth":2.355079271318712,"sdpendle.eth":6.798509834782811,"sdcake.eth":5.557536529427858,"sdfxn.eth":9.977381453336104,"sdspectra.eth":24.573444162602012}