{"sdcrv.eth":26.590654692924538,"sdbal.eth":23.003188375063555,"sdfxs.eth":7.525734690332751,"sdpendle.eth":12.773789863651546}