{"sdcrv.eth":25.004543907839523,"sdbal.eth":29.087947526803244,"sdfxs.eth":5.7439633038854465,"sdpendle.eth":7.1889195306620035,"sdcake.eth":37.52366693561715}