{"sdcrv.eth":12.917622880482483,"sdbal.eth":73.24835523359522,"sdfxs.eth":1.0660712189428787,"sdpendle.eth":10.287551869849993,"sdcake.eth":6.534809790360244,"sdfxn.eth":9.493560378490812}