{"sdcrv.eth":8.939468910599196,"sdbal.eth":34.30833235266745,"sdfxs.eth":3.1001267687503566,"sdpendle.eth":4.0450994713058135,"sdcake.eth":7.137448907530581,"sdfxn.eth":30.23672266152117}