{"sdcrv.eth":23.009726534248188,"sdbal.eth":30.472259908642354,"sdfxs.eth":5.391364285527213,"sdpendle.eth":0,"sdcake.eth":22.48079060687911,"sdfxn.eth":21.37404882908212}