{"sdcrv.eth":18.39691903272352,"sdbal.eth":34.94345163501807,"sdfxs.eth":2.2539974235346176,"sdpendle.eth":25.326922617876118,"sdcake.eth":7.717324698831007,"sdfxn.eth":20.751046692189277,"sdapw.eth":45.72661171445754}