{"sdcrv.eth":14.969563907418532,"sdbal.eth":31.233505909337918,"sdfxs.eth":2.9295435800051037,"sdpendle.eth":38.88648101166768,"sdcake.eth":5.557536529427858,"sdfxn.eth":21.2871293666696,"sdspectra.eth":40.36016725657389}