{"sdcrv.eth":13.712704214472385,"sdbal.eth":45.573747965197285,"sdfxs.eth":4.867428189387655,"sdpendle.eth":11.693708793894965,"sdcake.eth":17.303980918052332,"sdfxn.eth":42.227274590269175}