{"sdcrv.eth":24.962971964538962,"sdbal.eth":52.82900610496731,"sdfxs.eth":3.43759312516321,"sdpendle.eth":5.496622787919141,"sdcake.eth":22.263654522773447,"sdfxn.eth":1.0411523921628745}