{"sdcrv.eth":11.46983882857709,"sdbal.eth":32.24312349001095,"sdfxs.eth":6.569722916726166,"sdpendle.eth":14.744495849801616,"sdcake.eth":21.770578400567075,"sdfxn.eth":24.567213226935817}