{"sdcrv.eth":25.074921785060077,"sdbal.eth":35.09203318258322,"sdfxs.eth":3.8256305112345528,"sdpendle.eth":8.99095566571378,"sdcake.eth":25.31361412124988}