{"sdcrv.eth":24.62420971012107,"sdbal.eth":54.674159617752245,"sdfxs.eth":3.3535300140791344,"sdpendle.eth":0,"sdcake.eth":23.26177681211336,"sdfxn.eth":18.997307443915624}