{
  "sdcrv.eth": 13.943650731124677,
  "sdbal.eth": 14.462687310607155,
  "sdfxs.eth": 2.9295435800051037,
  "sdpendle.eth": 12.548421880990531,
  "sdcake.eth": 5.557536529427858,
  "sdfxn.eth": 22.48902838370877,
  "sdspectra.eth": 40.36016725657389
}