{"sdcrv.eth":14.301870552983292,"sdbal.eth":45.36803764126179,"sdfxs.eth":1.1524903495317889,"sdpendle.eth":24.370779710970304,"sdcake.eth":6.850026473311272,"sdfxn.eth":16.64847044114083}