{"sdcrv.eth":24.962971964538962,"sdbal.eth":52.829006104967306,"sdfxs.eth":3.4375931251632097,"sdpendle.eth":5.496622787919141,"sdcake.eth":22.263654522773447,"sdfxn.eth":1.0411523921628747}