{"sdcrv.eth":28.39313886448758,"sdbal.eth":25.3728842639897,"sdfxs.eth":5.475712275599534,"sdpendle.eth":6.115791810927803,"sdcake.eth":12.604746278342787}