{"sdcrv.eth":21.70559947915807,"sdbal.eth":58.10079066797395,"sdfxs.eth":2.442914661922927,"sdpendle.eth":25.326922617876118,"sdcake.eth":7.717324698831007,"sdfxn.eth":25.46823252905944,"sdapw.eth":49.63462471100833}