{"sdcrv.eth":11.340920831659169,"sdbal.eth":46.93253487131754,"sdfxs.eth":2.8424872214236663,"sdpendle.eth":11.81102089833643,"sdcake.eth":6.534809790360244,"sdfxn.eth":16.372637992582888}