{"sdcrv.eth":13.880223110624506,"sdbal.eth":40.083675465728874,"sdfxs.eth":4.012677555556,"sdpendle.eth":3.110852259753099,"sdcake.eth":14.416174518489308,"sdfxn.eth":38.09331428852911}