{"sdcrv.eth":12.118226237268994,"sdbal.eth":9.850104775770133,"sdfxs.eth":2.9277935172221867,"sdpendle.eth":9.249929394818523,"sdcake.eth":5.557536529427858,"sdfxn.eth":14.684075548522221,"sdspectra.eth":24.573444162602012}