{"sdcrv.eth":12.620514981767053,"sdbal.eth":43.37256412380492,"sdfxs.eth":1.9138715759954092,"sdpendle.eth":24.14122549765099,"sdcake.eth":9.318385477948647,"sdfxn.eth":15.927567472298099}