{"sdcrv.eth":9.389294036286095,"sdbal.eth":38.9380292063111,"sdfxs.eth":2.3524740485924163,"sdpendle.eth":11.899563714771535,"sdcake.eth":10.352562554017696,"sdfxn.eth":11.441672023297853}