{"sdcrv.eth":12.776105169539983,"sdbal.eth":38.68996253896936,"sdfxs.eth":5.782378560444206,"sdpendle.eth":11.693708793894965,"sdcake.eth":11.726731349709777,"sdfxn.eth":36.72579584975564}