{"TotalReported":{"sdCRV":280002.98553299997,"sdFXN":60.573099},"Transactions":[{"network":"ethereum","tokenAddressesToFreeze":["0xD1b5651E55D4CeeD36251c61c50C889B36F6abB5","0xe19d1c837B8A1C83A56cD9165b2c0256D39653aD"],"newMerkleRoots":["0xb385feff007d5551dd40ed523acf92217fa861ace14af4a289426c9663849aee","0xf9288c27bef36941f67d788d0dd4d1e472911aeb322b13a92d87bf90765e94b3"],"toFreeze":{"contract":"0x2f18e001B44DCc1a1968553A2F32ab8d45B12195","data":"0xde1be3c200000000000000000000000000000000000000000000000000000000000000200000000000000000000000000000000000000000000000000000000000000002000000000000000000000000d1b5651e55d4ceed36251c61c50c889b36f6abb5000000000000000000000000e19d1c837b8a1c83a56cd9165b2c0256d39653ad"},"toSet":{"contract":"0x2f18e001B44DCc1a1968553A2F32ab8d45B12195","function":"multiSet","data":"0xd665811c000000000000000000000000000000000000000000000000000000000000004000000000000000000000000000000000000000000000000000000000000000a00000000000000000000000000000000000000000000000000000000000000002000000000000000000000000d1b5651e55d4ceed36251c61c50c889b36f6abb5000000000000000000000000e19d1c837b8a1c83a56cd9165b2c0256d39653ad0000000000000000000000000000000000000000000000000000000000000002b385feff007d5551dd40ed523acf92217fa861ace14af4a289426c9663849aeef9288c27bef36941f67d788d0dd4d1e472911aeb322b13a92d87bf90765e94b3"}}],"SnapshotIds":[{"space":"sdcrv.eth","ids":["0xb4bed9609711e57918903934e235d4393a62dbab13b936c6baa3230122e79721"]},{"space":"sdfxn.eth","ids":["0xef632d81f8b8b17c5ec141c191f875d961c410ed93f67dbfcff203ab894a822a"]}],"Delegators":["0xb4bed9609711e57918903934e235d4393a62dbab13b936c6baa3230122e79721 : 268","0xef632d81f8b8b17c5ec141c191f875d961c410ed93f67dbfcff203ab894a822a : 88"],"Concentrator":["Voting power : 14563437.457129318","Rewards : 57142.8937599197"],"DelegationsAPRsDetails":{"sdspectra.eth":8.337089651776848,"sdcrv.eth":20.40545511093602,"sdfxn.eth":12.554717616593974},"TotalRewards":{"sdCRV":2081084.2525998866,"sdFXN":429.47720672836545,"sdBAL":9106.027055691075,"sdPENDLE":40306.96960067365,"sdFXS":1194.3103335724074,"tacIOU":325065.1210426528,"sdCAKE":11528.84824455533,"SDT":460229.887410849,"sdANGLE":44883.802944},"Merkle":"/home/runner/work/workflows/workflows/devops/script/merkle.json","DelegationsAPRs":"/home/runner/work/workflows/workflows/devops/delegationsAPRs.json","DistributionSurplus":{"sdCRV":0.9829880286706612,"sdFXN":0.005693348800463127,"sdBAL":0,"sdPENDLE":0,"sdFXS":0,"tacIOU":0,"sdCAKE":0,"SDT":0,"sdANGLE":0,"sdMAV":0},"MerkleRoots":["0xb385feff007d5551dd40ed523acf92217fa861ace14af4a289426c9663849aee","0xf9288c27bef36941f67d788d0dd4d1e472911aeb322b13a92d87bf90765e94b3","0xca4f979846d95ebbd96031b9d96042f016fae583ee91c05129185b466a7caea2","0xa3cbf3833ff5916d7559e6d502521ebb4c81702689d01b00dd828a3b803b0416","0xdd789a2a65e0ed779cfc7d9f1db8b878d1ab0926b860d39b5b79f19dd8694540","0x8f844e72cf0c4524dab8a2c493807df00e6145e270bcefdc27cf45eb2df47821","0x26bca40676de954f2dccb7ccf891858da1e791c49049bc9adc4a67f9f4b8ebb2","0xc311bf551083eeda7b42d73232a5cbdcef88ef1f72d82288053a43d2a186bc56","0xf91bf7b94218ccc3673dad727213295cf2e5799e2e40bbc804da2a061894e7be","0x096cf8a1834d45de424e12ebb5b8ca84a7f4b8be0c1d4104e63dbf4ebc733548","0xee20c69e8150f0ea3d0fd85569f8d23bd84c517816fad18815bfcb33de159acb"],"ActiveUsers":{"sdCRV":281,"sdFXN":71,"sdBAL":0,"sdPENDLE":0,"sdFXS":0,"tacIOU":0,"sdCAKE":0,"SDT":0,"sdANGLE":0,"sdMAV":0},"TotalHolders":{"sdCRV":558,"sdFXN":119,"sdBAL":118,"sdPENDLE":272,"sdFXS":85,"tacIOU":2,"sdCAKE":398,"SDT":406,"sdANGLE":51,"sdMAV":8},"ClaimedSinceLastDistrib":{"sdCRV":33,"sdFXN":18,"sdBAL":25,"sdPENDLE":95,"sdFXS":42,"tacIOU":2,"sdCAKE":163,"SDT":222,"sdANGLE":27,"sdMAV":3},"TopHolders":{"sdCRV":[{"address":"0x1c0d72a330f2768daf718def8a19bab019eead09","prevAmount":53655.18959710997,"newAmount":57142.8937599197,"claimed":true},{"address":"0x52434934895014cbeed22b8177fb359723c6c0a4","prevAmount":80469.63221035784,"newAmount":126002.72202711432,"claimed":false},{"address":"0x8e99d4ecb0690b81c7eb818e1903023620d46aff","prevAmount":14542.208009301296,"newAmount":15487.483196870795,"claimed":true},{"address":"0xb0e83c2d71a991017e0116d58c5765abc57384af","prevAmount":14201.718786651963,"newAmount":15084.566797012805,"claimed":true},{"address":"0xe4f02accc88a3000f11afec71c04896127a3aeb5","prevAmount":18996.352627,"newAmount":31488.703642,"claimed":false}],"sdFXN":[{"address":"0x21777106355ba506a31ff7984c0ae5c924deb77f","prevAmount":20.583009908025574,"newAmount":18.355242875728102,"claimed":true},{"address":"0xed2c819a58e58eaa8aaa8c167506f1899fd283b8","prevAmount":22.19676229134636,"newAmount":10.100195785904559,"claimed":true},{"address":"0x2f707265e61300e8290c18e38ebcbd129fb0b0f5","prevAmount":12.369304546011492,"newAmount":16.216327903033196,"claimed":false},{"address":"0xb0e83c2d71a991017e0116d58c5765abc57384af","prevAmount":3.1716404551284576,"newAmount":2.8283633505743206,"claimed":true},{"address":"0x2c636dfbc7fec91b88b6f5d05e0cfc87645aced7","prevAmount":48.66777126921929,"newAmount":51.273141562867494,"claimed":false}],"sdBAL":[{"address":"0x279a7dbfae376427ffac52fcb0883147d42165ff","prevAmount":401.291400149778,"newAmount":401.291400149778,"claimed":true},{"address":"0x1d9d7711a5f625f5867f81dcb99b39a08c0b10fe","prevAmount":161.6175783893013,"newAmount":161.6175783893013,"claimed":false},{"address":"0x4d2eb1b7c4b2814d04967263d7c5b21864e9fe08","prevAmount":33.59996398799112,"newAmount":33.59996398799112,"claimed":false},{"address":"0xa7499aa6464c078eeb940da2fc95c6acd010c3cc","prevAmount":27.584612887812717,"newAmount":27.584612887812717,"claimed":true},{"address":"0xddb50ffdba4d89354e1088e4ea402de895562173","prevAmount":209.33027119230695,"newAmount":209.33027119230695,"claimed":true}],"sdPENDLE":[{"address":"0xb727fee36a2dc39a8b4c8c27b70fafadf6a47e95","prevAmount":49.87627990006827,"newAmount":49.87627990006827,"claimed":true},{"address":"0x7e1e1c5ac70038a9718431c92a618f01f8dada18","prevAmount":35.05079605021313,"newAmount":35.05079605021313,"claimed":false},{"address":"0x49de76e8e7c1b6a974d6b766b9b5f5d199566e94","prevAmount":9.151363734496712,"newAmount":9.151363734496712,"claimed":true},{"address":"0xc69adca4485c0c494f34e9aa6b0a31f343f76411","prevAmount":20.129076479910722,"newAmount":20.129076479910722,"claimed":true},{"address":"0x21b46688692b680acc10ed55c6806796282422ab","prevAmount":4.656874055444897,"newAmount":4.656874055444897,"claimed":true}],"sdFXS":[{"address":"0xc5d3d004a223299c4f95bb702534c14a32e8778c","prevAmount":26.32795630774684,"newAmount":26.32795630774684,"claimed":true},{"address":"0x7e1e1c5ac70038a9718431c92a618f01f8dada18","prevAmount":8.104669085536209,"newAmount":8.104669085536209,"claimed":false},{"address":"0xcad5334ac97b0a58cfe8012e7dd2589f0c302ab5","prevAmount":143.15307976991073,"newAmount":143.15307976991073,"claimed":true},{"address":"0xbc6f1ffd1fc6aa7fa2b29d20d9b84edc8887aa9f","prevAmount":2.3538987251059806,"newAmount":2.3538987251059806,"claimed":true},{"address":"0xb727fee36a2dc39a8b4c8c27b70fafadf6a47e95","prevAmount":6.688068068966134,"newAmount":6.688068068966134,"claimed":true}],"tacIOU":[{"address":"0xb0e83c2d71a991017e0116d58c5765abc57384af","prevAmount":218965.0313233874,"newAmount":218965.0313233874,"claimed":true},{"address":"0xf930ebbd05ef8b25b1797b9b2109ddc9b0d43063","prevAmount":106100.08971926544,"newAmount":106100.08971926544,"claimed":true}],"sdCAKE":[{"address":"0x8da33f7ef539a6346ae0b4330f41e04ee73bb7c1","prevAmount":10.457720458121276,"newAmount":10.457720458121276,"claimed":true},{"address":"0x591a75bf20973b58aa39921f8a5eeb1cf7051a61","prevAmount":5.209661234640182,"newAmount":5.209661234640182,"claimed":false},{"address":"0xb734ec7a75d65406fde5bcf9156cab673ba1e1c5","prevAmount":28.232650862506308,"newAmount":28.232650862506308,"claimed":true},{"address":"0x7e1e1c5ac70038a9718431c92a618f01f8dada18","prevAmount":3.1589818741941427,"newAmount":3.1589818741941427,"claimed":true},{"address":"0xd4f9fe0039da59e6ddb21bbb6e84e0c9e83d73ed",