Gauge Name;Gauge Address;Reward Token;Reward Address;Reward Amount;Reward sd Value;Share % per Protocol
B-sdBAL-STABLE;0xDc2Df969EE5E66236B950F5c4c5f8aBe62035df2;SDT;0x73968b9a57c6E53d41345FD57a6E6ae27d6CDB2F;2153.578986;203.434048;27.04
75SDEX25AaveLidoETH;0x4eB7C7fD67B9b2C24d9fF1601ccDa5A01bD40c7f;SDEX;0x5DE8ab7E27f6E7A1fFf3E5B337584Aa43961BEeF;395998.034665;318.621363;42.35
Surge tETH-Lido wstETH;0xd5a0eb558d62780b10ecc202d0049b89f6145073;USDC;0xa0b86991c6218b36c1d19d4a2e9eb0ce3606eb48;22.928735;7.913756;1.05
EURe-Aave USDC;0x7f49d37d0da53a4899bc0ba916f59ec9d4e6d1e2;USDC;0xa0b86991c6218b36c1d19d4a2e9eb0ce3606eb48;267.264974;92.245383;12.26
50WETH-50AURA;0x275df57d2b23d53e20322b4bb71bf1dcb21d0a00;AURA;0xc0c293ce456ff0ed870add98a0828dd4d2903dbf;2160.483578;53.953696;7.17
B-auraBAL-STABLE;0x0312aa8d0ba4a1969fddb382235870bf55f7f242;AURA;0xc0c293ce456ff0ed870add98a0828dd4d2903dbf;3049.684736;76.159692;10.12