{
  "rewardValueUSD": 5887.815887708568,
  "usdPerAURA": 0.0004592466618555663,
  "totalVotingPower": 16120140.626792695,
  "delegationVotingPower": 12820595.938398555,
  "delegationShare": 0.7953153905549628,
  "timestamp": 1773273600,
  "sdtUsdPerAURA": 0,
  "sdtAmount": "0"
}