{"sdcrv.eth":16.650142694055337,"sdbal.eth":62.10293752991998,"sdfxs.eth":3.751730889974693,"sdpendle.eth":21.844745957611682,"sdcake.eth":6.034753234893316,"sdfxn.eth":3.265525341009719,"sdapw.eth":34.11868185758565}