{
  "rewardValueUSD": 43130.16037808205,
  "usdPerCVX": 0.004773800744964698,
  "totalVotingPower": 19994391.0994293,
  "delegationVotingPower": 9034763.426934987,
  "delegationShare": 0.4518648946100123,
  "timestamp": 1779926400,
  "periodStartBlock": 25139894,
  "periodEndBlock": 1779753600
}