{
  "rewardValueUSD": 43702.02127493374,
  "usdPerCVX": 0.010906816747401456,
  "totalVotingPower": 4005165.859134404,
  "delegationVotingPower": 4006853.9049531315,
  "delegationShare": 1.000421467144707,
  "timestamp": 1761177600,
  "periodStartBlock": 23536461,
  "periodEndBlock": 1760400000
}