Gauge Name;Gauge Address;Reward Token;Reward Address;Reward Amount;Reward sd Value;Share % per Protocol
B-sdBAL-STABLE;0xDc2Df969EE5E66236B950F5c4c5f8aBe62035df2;SDT;0x73968b9a57c6E53d41345FD57a6E6ae27d6CDB2F;1264.465451;66.672008;5.34
50WETH-50AURA;0x275df57d2b23d53e20322b4bb71bf1dcb21d0a00;AURA;0xc0c293ce456ff0ed870add98a0828dd4d2903dbf;2815.511601;117.115131;9.39
B-auraBAL-STABLE;0x0312aa8d0ba4a1969fddb382235870bf55f7f242;AURA;0xc0c293ce456ff0ed870add98a0828dd4d2903dbf;2754.259740;114.567274;9.18
B-rETH-STABLE;0x79ef6103a513951a3b25743db509e267685726b7;RPL;0xd33526068d116ce69f19a9ee46f0bd304f21a51f;49.601403;47.552725;3.81
rETH-WETH-BPT;0xd75026f8723b94d9a360a282080492d905c6a558;USDC;0xa0b86991c6218b36c1d19d4a2e9eb0ce3606eb48;680.143443;70.730820;5.67
bb-WETH-wstETH;0xf8c85bd74fee26831336b51a90587145391a27ba;USDC;0xa0b86991c6218b36c1d19d4a2e9eb0ce3606eb48;738.212602;76.769663;6.15
B-rETH-STABLE;0x79ef6103a513951a3b25743db509e267685726b7;USDC;0xa0b86991c6218b36c1d19d4a2e9eb0ce3606eb48;5968.775902;620.716734;49.76
wstETH-WETH-BPT;0x5c0f23a5c1be65fa710d385814a7fd1bda480b1c;USDC;0xa0b86991c6218b36c1d19d4a2e9eb0ce3606eb48;719.388113;74.812030;6.00
STG/USDC;0x15c84754c7445d0df6c613f1490ca07654347c1b;USDC;0xa0b86991c6218b36c1d19d4a2e9eb0ce3606eb48;562.253686;58.470996;4.69