{
  "delegatorsApr": 32.30381385437082,
  "delegatorsAprWithoutSDT": 31.726685118183784,
  "votersApr": 32.434131764010104
}