{
  "rewardValueUSD": 37725.60872544419,
  "usdPerCVX": 0.005449058070569692,
  "totalVotingPower": 11148515.002884313,
  "delegationVotingPower": 6923326.607436948,
  "delegationShare": 0.621008861327788,
  "timestamp": 1775692800,
  "periodStartBlock": 24738010,
  "periodEndBlock": 1774915200
}