{
  "delegatorsApr": 33.04583447974464,
  "delegatorsAprWithoutSDT": 28.84644689245385,
  "votersApr": 23.551650981353
}