{
  "delegatorsApr": 17.684171845900977,
  "votersApr": 32.434131764010104
}