{
  "delegatorsApr": 25.11261703039347,
  "delegatorsAprWithoutSDT": 24.445280380277005,
  "votersApr": 32.434131764010104
}