{
  "votersApr": 29.04725846535631,
  "delegatorsApr": 44.57981983365132
}