{
  "votersApr": 30.338314714354723,
  "delegatorsApr": 44.57981983365132
}