{
  "delegatorsApr": 28.50150128167751,
  "delegatorsAprWithoutSDT": 26.835763798676936,
  "votersApr": 32.434131764010104
}