{
  "delegatorsApr": 49.02228788148153,
  "delegatorsAprWithoutSDT": 43.59767254875062,
  "votersApr": 34.120028085646304
}