{
  "votersApr": 28.696737859227884,
  "delegatorsApr": 35.16883135231141,
  "delegatorsAprWithoutSDT": 31.426379318273746
}