{
  "votersApr": 23.205888705576616,
  "delegatorsApr": 33.04583447974464,
  "delegatorsAprWithoutSDT": 28.84644689245385
}