{
  "votersApr": 28.696737859227884,
  "delegatorsApr": 30.958051002650755,
  "delegatorsAprWithoutSDT": 27.695124503273906
}