{
  "delegatorsApr": 23.971570936812014,
  "delegatorsAprWithoutSDT": 23.4825856663016,
  "votersApr": 32.434131764010104
}