{
  "votersApr": 22.982920349285624,
  "delegatorsApr": 38.96369959308191,
  "delegatorsAprWithoutSDT": 21.17303889982905
}