{
  "votersApr": 29.04725846535631,
  "delegatorsApr": 47.77960515311671
}