{
  "delegatorsApr": 20.632022147738827,
  "delegatorsAprHistory": {
    "-1": 20.477261256053808,
    "-2": 17.684171845900977,
    "-3": 19.748691007089892,
    "-4": 38.21412612271354
  },
  "delegatorsAprMean": 23.351254435859407
}