{
  "delegatorsApr": 55.218832192425126,
  "delegatorsAprWithoutSDT": 50.58916395305256,
  "votersApr": 32.0991791536372
}