{
  "votersApr": 13.340123984615765,
  "delegatorsApr": 44.00679380808644,
  "delegatorsAprWithoutSDT": 24.850574634521536
}