{
  "delegatorsApr": 48.070193330132156,
  "delegatorsAprWithoutSDT": 43.44052509075959,
  "votersApr": 35.59931626629672
}