{
  "votersApr": 30.338314714354723,
  "delegatorsApr": 35.16883135231141
}