{
  "rewardValueUSD": 58333.781601840354,
  "usdPerCVX": 0.015961155160826104,
  "totalVotingPower": 5535489.683149686,
  "delegationVotingPower": 3503152.4477340505,
  "delegationShare": 0.6328532159309819,
  "timestamp": 1756339200,
  "periodStartBlock": 23135571,
  "periodEndBlock": 1755561600,
  "delegatorsApr": 20.19622648546326
}