{
  "delegatorsApr": 49.02228788148153,
  "delegatorsAprWithoutSDT": 43.59767254875062,
  "votersApr": 35.59931626629672
}