{
  "delegatorsApr": 24.779376114737126,
  "delegatorsAprWithoutSDT": 24.190037669680336,
  "votersApr": 32.434131764010104
}