{
  "delegatorsApr": 38.21412612271354,
  "delegatorsAprWithoutSDT": 38.21412612271354,
  "votersApr": 32.434131764010104
}
