{
  "rewardValueUSD": 56838.27116420692,
  "usdPerCVX": 0.018006503197701283,
  "totalVotingPower": 4637205.006903669,
  "delegationVotingPower": 3156541.3084458793,
  "delegationShare": 0.6806991072740062,
  "timestamp": 1758153600,
  "periodStartBlock": 23336104,
  "periodEndBlock": 1757980800
}