{
  "delegatorsApr": 26.164350834952668,
  "delegatorsAprWithoutSDT": 25.696110991784455,
  "votersApr": 32.434131764010104
}