{
  "delegatorsApr": 20.19622648546326,
  "delegatorsAprHistory": {
    "-1": 20.632022147738827,
    "-2": 20.477261256053808,
    "-3": 17.684171845900977,
    "-4": 19.748691007089892
  },
  "delegatorsAprMean": 19.74767454844935
}