{
  "delegatorsApr": 28.604053541606895,
  "delegatorsAprWithoutSDT": 27.75558515155474,
  "votersApr": 32.434131764010104
}