{
  "delegatorsApr": 20.477261256053808,
  "votersApr": 32.434131764010104
}