{
  "delegatorsApr": 33.852951432381666,
  "delegatorsAprWithoutSDT": 33.07874407310544,
  "votersApr": 32.434131764010104
}