{
  "votersApr": 36.2702405595469,
  "delegatorsApr": 47.77960515311671
}