{
  "delegatorsApr": 19.748691007089892,
  "votersApr": 32.434131764010104
}