{
  "delegatorsApr": 33.83615125108888,
  "delegatorsAprWithoutSDT": 28.767334414407653,
  "votersApr": 32.0991791536372
}