{
  "rewardValueUSD": 61951.53373214762,
  "usdPerCVX": 0.01619387924756737,
  "totalVotingPower": 4786457.027390938,
  "delegationVotingPower": 3528100.0214643516,
  "delegationShare": 0.7371005320374708,
  "timestamp": 1756944000,
  "periodStartBlock": 23235896,
  "periodEndBlock": 1756771200
}