{
  "votersApr": 22.982920349285624,
  "delegatorsApr": 37.217557130998294,
  "delegatorsAprWithoutSDT": 27.695124503273906
}