{
  "votersApr": 24.427877094867814,
  "delegatorsApr": 38.96369959308191,
  "delegatorsAprWithoutSDT": 21.17303889982905
}