{
  "delegatorsApr": 28.50150128167751,
  "delegatorsAprWithoutSDT": 26.835763798676936,
  "votersApr": 34.120028085646304
}