{
  "delegatorsApr": 33.83615125108888,
  "delegatorsAprWithoutSDT": 28.767334414407653,
  "votersApr": 23.70786728763611
}