{
  "delegatorsApr": 30.39446312127546,
  "delegatorsAprWithoutSDT": 28.652400912655988,
  "votersApr": 32.434131764010104
}