{
  "votersApr": 24.427877094867814,
  "delegatorsApr": 44.00679380808644,
  "delegatorsAprWithoutSDT": 24.850574634521536
}