{
  "delegatorsApr": 20.632022147738827,
  "votersApr": 32.434131764010104
}