{
  "rewardValueUSD": 33111.37497502687,
  "usdPerCVX": 0.004190005625204185,
  "totalVotingPower": 16102191.579854228,
  "delegationVotingPower": 7902465.51838777,
  "delegationShare": 0.4907695625901447,
  "timestamp": 1781740800,
  "periodStartBlock": 25240303,
  "periodEndBlock": 1780963200
}