{
  "protocol": "curve",
  "period": 1779321600,
  "aggregator": "0x0000000a3Fc396B89e4c11841B39D9dff85a5D05",
  "totals": {
    "sdInTotal": 268918.4730400161,
    "sdAssigned": 268918.47304001614,
    "wethInTotal": 19.695083968407488,
    "wethOutTotal": 19.690782775927037
  },
  "dropped": {
    "tokensNotSwapped": [
      "0xcacd6fd266af91b8aed52accc382b4e165586e29",
      "0x501ebf66d76a96d4fb26ccead42957653e16b8b8"
    ],
    "wethNotSwapped": false
  },
  "perToken": {
    "0xdd468a1ddc392dcdbef6db6e34e89aa338f9f186": {
      "mappedWeth": 0.103659433210392,
      "sd": 1451.0954270057878
    },
    "0xa0b86991c6218b36c1d19d4a2e9eb0ce3606eb48": {
      "mappedWeth": 3.920361997601078,
      "sd": 53454.32466160978
    },
    "0x2a8e1e676ec238d8a992307b495b45b3feaa5e86": {
      "mappedWeth": 0.11647838270793065,
      "sd": 1621.2179870446348
    },
    "0x04acaf8d2865c0714f79da09645c13fd2888977f": {
      "mappedWeth": 6.726429054208739,
      "sd": 92015.4916427256
    },
    "0xcacd6fd266af91b8aed52accc382b4e165586e29": {
      "mappedWeth": 0,
      "sd": 0
    },
    "0xf4c13d631450de6b12a19829e37c8e2826891dc4": {
      "mappedWeth": 0.12606997761085134,
      "sd": 1754.7197220408398
    },
    "0x501ebf66d76a96d4fb26ccead42957653e16b8b8": {
      "mappedWeth": 0,
      "sd": 0
    },
    "0x01791f726b4103694969820be083196cc7c045ff": {
      "mappedWeth": 1.3189767784397264,
      "sd": 18256.876402549882
    },
    "0x52c66b5e7f8fde20843de900c5c8b4b0f23708a0": {
      "mappedWeth": 0.3393593575721152,
      "sd": 4697.309269213917
    },
    "0x4e3fbd56cd56c3e72c1403e103b45db9da5b9d2b": {
      "mappedWeth": 0.3050702203183209,
      "sd": 4246.155526831991
    },
    "0x090185f2135308bad17527004364ebcc2d37e5f6": {
      "mappedWeth": 0.6803303851545129,
      "sd": 9416.926785745298
    },
    "0x865377367054516e17014ccded1e7d814edc9ce4": {
      "mappedWeth": 6.058348381583819,
      "sd": 82004.35561524842
    }
  },
  "txs": [
    {
      "tx": "0x0ff3121bee93203052b8bfbeca50b8b2f950f6e923cfc4a2aed667c6d8da7c63",
      "wethIn": 2.1526743515209397,
      "wethOut": 2.1527415712716413,
      "sdIn": 29639.26601758627,
      "nativeIn": 18974.431731284978,
      "nativeOut": 18974.431731284978,
      "nativeShareSd": 0,
      "wethBasis": 2.1526743515209397,
      "tokenWeth": {
        "0x04acaf8d2865c0714f79da09645c13fd2888977f": 2.1526743515209397
      },
      "tokenSd": {
        "0x04acaf8d2865c0714f79da09645c13fd2888977f": 29639.26601758627
      }
    },
    {
      "tx": "0x9f808d77f6870f3ad647571730b5833ae28bed4229fe080ab5b3293feb463e8b",
      "wethIn": 2.253500221260358,
      "wethOut": 2.253048521416106,
      "sdIn": 31009.73778018179,
      "nativeIn": 20024.33497424103,
      "nativeOut": 20024.33497424103,
      "nativeShareSd": 0,
      "wethBasis": 2.253500221260358,
      "tokenWeth": {
        "0x04acaf8d2865c0714f79da09645c13fd2888977f": 2.253500221260358
      },
      "tokenSd": {
        "0x04acaf8d2865c0714f79da09645c13fd2888977f": 31009.73778018179
      }
    },
    {
      "tx": "0x98cb1d5cd122b48d56367b02c7edfaecb4c5436d8e6c5e257a1bff6433d982c5",
      "wethIn": 2.3202544814274413,
      "wethOut": 2.3203903863659043,
      "sdIn": 31366.487844957497,
      "nativeIn": 20485.207365521037,
      "nativeOut": 20485.207365521037,
      "nativeShareSd": 0,
      "wethBasis": 2.3202544814274413,
      "tokenWeth": {
        "0x04acaf8d2865c0714f79da09645c13fd2888977f": 2.3202544814274413
      },
      "tokenSd": {
        "0x04acaf8d2865c0714f79da09645c13fd2888977f": 31366.487844957497
      }
    },
    {
      "tx": "0x25c8dae900a76bf287bffd818ed4b85f10da4196a144627ecfd7ed3c30d80026",
      "wethIn": 2.1940699283244705,
      "wethOut": 2.1947790490608807,
      "sdIn": 29486.23360994898,
      "nativeIn": 19075.485850707944,
      "nativeOut": 19075.485850707944,
      "nativeShareSd": 0,
      "wethBasis": 2.1940699283244705,
      "tokenWeth": {
        "0x865377367054516e17014ccded1e7d814edc9ce4": 2.1940699283244705
      },
      "tokenSd": {
        "0x865377367054516e17014ccded1e7d814edc9ce4": 29486.23360994898
      }
    },
    {
      "tx": "0x84ae80805cccbb5358c43cf430e5e2583d02b5c58b8f905c6448384f098ab838",
      "wethIn": 2.172211622830159,
      "wethOut": 2.1717761807055926,
      "sdIn": 29198.975398472277,
      "nativeIn": 18896.706136430545,
      "nativeOut": 18896.706136430545,
      "nativeShareSd": 0,
      "wethBasis": 2.172211622830159,
      "tokenWeth": {
        "0x865377367054516e17014ccded1e7d814edc9ce4": 2.172211622830159
      },
      "tokenSd": {
        "0x865377367054516e17014ccded1e7d814edc9ce4": 29198.975398472277
      }
    },
    {
      "tx": "0x61118ddda8d8cb106e57a67790c0e26226377e01f1a781299ba796c60092920b",
      "wethIn": 1.6920668304291895,
      "wethOut": 1.6920658304291893,
      "sdIn": 23319.146606827166,
      "nativeIn": 14865.991404262531,
      "nativeOut": 14865.991404262531,
      "nativeShareSd": 0,
      "wethBasis": 1.6920668304291895,
      "tokenWeth": {
        "0x865377367054516e17014ccded1e7d814edc9ce4": 1.6920668304291895
      },
      "tokenSd": {
        "0x865377367054516e17014ccded1e7d814edc9ce4": 23319.146606827166
      }
    },
    {
      "tx": "0x6b2007bce173e897df2b32e07a76331a9d27ed1d4b4919e501c21b6b288f4bda",
      "wethIn": 2.012183273819186,
      "wethOut": 2.012182796021893,
      "sdIn": 27181.937605152692,
      "nativeIn": 17740.629820347913,
      "nativeOut": 17740.629820347913,
      "nativeShareSd": 0,
      "wethBasis": 2.012183273819186,
      "tokenWeth": {
        "0xa0b86991c6218b36c1d19d4a2e9eb0ce3606eb48": 2.012183273819186
      },
      "tokenSd": {
        "0xa0b86991c6218b36c1d19d4a2e9eb0ce3606eb48": 27181.937605152692
      }
    },
    {
      "tx": "0xd7e43ed749a0588d5d4074d0b5053b25e5b873379c1161e33a521ad440775546",
      "wethIn": 1.9081787237818923,
      "wethOut": 1.907795540241313,
      "sdIn": 26272.387056457086,
      "nativeIn": 17149.455320070036,
      "nativeOut": 17149.455320070036,
      "nativeShareSd": 0,
      "wethBasis": 1.9081787237818923,
      "tokenWeth": {
        "0xa0b86991c6218b36c1d19d4a2e9eb0ce3606eb48": 1.9081787237818923
      },
      "tokenSd": {
        "0xa0b86991c6218b36c1d19d4a2e9eb0ce3606eb48": 26272.387056457086
      }
    },
    {
      "tx": "0xca8f126976727587ca7f041e154e7292582f851ce83599a63d702cd3bda38b43",
      "wethIn": 2.3386665211663544,
      "wethOut": 2.3368586304550125,
      "sdIn": 32371.112457509094,
      "nativeIn": 21074.467528275807,
      "nativeOut": 21074.467528275807,
      "nativeShareSd": 0,
      "wethBasis": 2.3386665211663544,
      "tokenWeth": {
        "0x090185f2135308bad17527004364ebcc2d37e5f6": 0.6803303851545129,
        "0x52c66b5e7f8fde20843de900c5c8b4b0f23708a0": 0.3393593575721152,
        "0x01791f726b4103694969820be083196cc7c045ff": 1.3189767784397264
      },
      "tokenSd": {
        "0x090185f2135308bad17527004364ebcc2d37e5f6": 9416.926785745298,
        "0x52c66b5e7f8fde20843de900c5c8b4b0f23708a0": 4697.309269213917,
        "0x01791f726b4103694969820be083196cc7c045ff": 18256.876402549882
      }
    },
    {
      "tx": "0x5c26d77a24f6e8cfe4b575867a5f87e8e0ee75a6f65c65316c1891be056b5f27",
      "wethIn": 0.5476185806371029,
      "wethOut": 0.5455065684357573,
      "sdIn": 7622.093235917466,
      "nativeIn": 4922.450379524484,
      "nativeOut": 4922.450379524484,
      "nativeShareSd": 0,
      "wethBasis": 0.5476185806371029,
      "tokenWeth": {
        "0x4e3fbd56cd56c3e72c1403e103b45db9da5b9d2b": 0.3050702203183209,
        "0xf4c13d631450de6b12a19829e37c8e2826891dc4": 0.12606997761085134,
        "0x2a8e1e676ec238d8a992307b495b45b3feaa5e86": 0.11647838270793065
      },
      "tokenSd": {
        "0x4e3fbd56cd56c3e72c1403e103b45db9da5b9d2b": 4246.155526831991,
        "0xf4c13d631450de6b12a19829e37c8e2826891dc4": 1754.7197220408398,