{"sdspectra.eth":8.337089651776848,"sdcrv.eth":20.40545511093602,"sdfxn.eth":12.554717616593974}