{"sdspectra.eth":0,"sdcrv.eth":20.40545511093602,"sdfxn.eth":12.554717616593974}