{
  "rewardValueUSD": 57161.29102493565,
  "usdPerCVX": 0.009413596835519848,
  "totalVotingPower": 6789784.409645294,
  "delegationVotingPower": 6072205.133031813,
  "delegationShare": 0.8943148657865901,
  "timestamp": 1768435200,
  "periodStartBlock": 24136053,
  "periodEndBlock": 1767657600
}