{
  "distribution": {
    "0x5180db0237291A6449DdA9ed33aD90a38787621c": {
      "isStakeDelegator": false,
      "tokens": {
        "0x73968b9a57c6e53d41345fd57a6e6ae27d6cdb2f": 455.24788972523766
      }
    },
    "0xC1aa82499Da8d37383F1E6d95De417ecF7514e7C": {
      "isStakeDelegator": false,
      "tokens": {
        "0x8207c1ffc5b6804f6024322ccf34f29c3541ae26": 61929.16803921783
      }
    }
  }
}