{
  "rewardValueUSD": 48202.40827960646,
  "usdPerCVX": 0.009250731121501198,
  "totalVotingPower": 9054151.829974703,
  "delegationVotingPower": 5210659.314005035,
  "delegationShare": 0.5754994406825176,
  "timestamp": 1769040000,
  "periodStartBlock": 24236387,
  "periodEndBlock": 1768867200
}