Gauge Name;Gauge Address;Reward Token;Reward Address;Reward Amount;Reward sd Value;Share % per Protocol
Convex stkcvxfrxETHWETH;0xB4fdD7444E1d86b2035c97124C46b1528802DA35;FXS;0x3432B6A60D23Ca0dFCa7761B7ab56459D9C964D0;352.327748;362.439520;90.16
Convex stkcvxfrxETHrETH;0x719505cB97DF15565255eb1bDe65586271dB873C;FXS;0x3432B6A60D23Ca0dFCa7761B7ab56459D9C964D0;38.458182;39.561928;9.84