Period;Gauge Name;Gauge Address;Reward Token;Reward Address;Reward Amount;Reward sd Value;Share % per Protocol
1760572800;wstUSDN - 18DEC2025;0x75636D1cF056D765B269E7cBACF4E0EA57300507;SDEX;0x5DE8ab7E27f6E7A1fFf3E5B337584Aa43961BEeF;218737.085978;822.911339;79.24
1760572800;fGHO - 18DEC2025;0x1821eC9c2D2C13f6b89D21301B93BD8D6667712b;GHO;0x40D16FC0246aD3160Ccc09B8D0D3A2cD28aE6C2f;489.228075;215.632663;20.76