Gauge Name;Gauge Address;Reward Token;Reward Address;Reward Amount;Reward sd Value;Share % per Protocol
OHM+FRAXBP ;0x06f691180F643B35E3644a2296a4097E1f577d0d;FXS;0x3432B6A60D23Ca0dFCa7761B7ab56459D9C964D0;179.974632;1092.838462;0.56
ETH+OETH ;0xd03BE91b1932715709e18021734fcB91BB431715;OGN;0x8207c1FfC5B6804F6024322CcF34F29c3541Ae26;62774.299640;11353.391936;5.85
FRAX+USDC ;0xCFc25170633581Bf896CB6CDeE170e3E3Aa59503;FXS;0x3432B6A60D23Ca0dFCa7761B7ab56459D9C964D0;48.128385;292.244247;0.15
ETH+frxETH ;0x2932a86df44Fe8D2A706d8e9c5d51c24883423F5;FXS;0x3432B6A60D23Ca0dFCa7761B7ab56459D9C964D0;146.749369;891.088669;0.46
crvUSD+CJPY ;0xa5Dc66685bD13A0924505807c29F8C65dDa0d207;CJPY;0x1cfa5641c01406aB8AC350dEd7d735ec41298372;33831.850661;551.304687;0.28
ROME+USDT ;0x960Eca61ec93c9c80C7Aa1Ac89a5d62C88b1e309;USDT;0xdAC17F958D2ee523a2206206994597C13D831ec7;465.467884;1331.192770;0.69
ETH+OETH ;0xd03BE91b1932715709e18021734fcB91BB431715;CRV;0xD533a949740bb3306d119CC777fa900bA034cd52;6927.191582;8801.717648;4.54
MIM+3Crv ;0xd8b712d29381748dB89c36BCa0138d7c75866ddF;SPELL;0x090185f2135308BaD17527004364eBcC2D37e5F6;53219661.966493;97280.326793;50.15
sDOLA+alUSD ;0x19f9266f349158b54a6D95dCe79297DF670f7F14;ALCX;0xdBdb4d16EdA451D0503b854CF79D55697F90c8DF;597.532960;18875.921021;9.73
alETH+pxETH ;0x4C5a449c6B81b800938EFCCDB41970e9CF9eC478;ALCX;0xdBdb4d16EdA451D0503b854CF79D55697F90c8DF;103.970225;3284.394156;1.69
CVX1+cvgCVX ;0xeE624fCbb0C197E41ffc58999e6D35b9B893533E;crvUSD;0xf939E0A03FB07F59A73314E73794Be0E57ac1b4E;204.615836;584.359285;0.30
SDT+cvgSDT ;0x63DC752E11D4c9D0f2160DA20EdF2111FECB0a66;crvUSD;0xf939E0A03FB07F59A73314E73794Be0E57ac1b4E;68.956133;196.930783;0.10
CVX+clevCVX ;0x7970489a543FB237ABab63d62524d8A5CE165B86;CVX;0x4e3FBD56CD56c3e72c1403e103b45Db9da5B9D2B;229.882541;1323.543225;0.68
sUSD+sUSDe ;0x411387Be45F5c001159f3d76e26Fe7D200e5Dc71;USDC;0xA0b86991c6218b36c1d19D4a2e9Eb0cE3606eB48;13136.879856;37434.859877;19.30
ETH+ETHx ;0x7671299eA7B4bbE4f3fD305A994e6443b4be680E;SD;0x30D20208d987713f46DFD34EF128Bb16C404D10f;5760.000000;10680.820837;5.51