Gauge Name;Gauge Address;Reward Token;Reward Address;Reward Amount;Reward sd Value;Share % per Protocol
FLE FRAX/FXS [Fraxtal];0x83Dc6775c1B0fc7AaA46680D78B04b4a3d4f5650;FXS;0x3432B6A60D23Ca0dFCa7761B7ab56459D9C964D0;21.103122;21.357246;9.05
FLE FXS/wfrxETH [Fraxtal];0x6f82A6551cc351Bc295602C3ea99C78EdACF590C;FXS;0x3432B6A60D23Ca0dFCa7761B7ab56459D9C964D0;51.118996;51.734573;21.93
Morpho Re7FRAX;0xE1e697Fd7EC9b3675808Ba8Ad508fD51cac756a3;FXS;0x3432B6A60D23Ca0dFCa7761B7ab56459D9C964D0;66.660594;67.463324;28.60
Convex stkcvxfrxETHWETH;0xB4fdD7444E1d86b2035c97124C46b1528802DA35;FXS;0x3432B6A60D23Ca0dFCa7761B7ab56459D9C964D0;94.201357;95.335733;40.42