{
  "rewardValueUSD": 52631.09890827024,
  "usdPerCVX": 0.010541104328007407,
  "totalVotingPower": 8678080.753240414,
  "delegationVotingPower": 4992939.759492841,
  "delegationShare": 0.575350691180013,
  "timestamp": 1764806400,
  "periodStartBlock": 23836545,
  "periodEndBlock": 1764028800
}