{
  "rewardValueUSD": 39622.020554584546,
  "usdPerCVX": 0.005195625665206543,
  "totalVotingPower": 14670761.762692582,
  "delegationVotingPower": 7626034.496657573,
  "delegationShare": 0.5198117602898036,
  "timestamp": 1778112000,
  "periodStartBlock": 24938911,
  "periodEndBlock": 1777334400
}