{
  "amount": 2500,
  "timestamp": 1747044693,
  "period": 1746662400,
  "sdtPrice": 0.344813,
  "cvxPrice": 2.8,
  "delegationVotingPower": 1646471.3281458903,
  "apr": 0.9723324497869094
}