{
  "amount": 2500,
  "timestamp": 1746943876,
  "period": 1746662400,
  "sdtPrice": 0.384202,
  "cvxPrice": 2.8,
  "delegationVotingPower": 1646471.3281458903,
  "apr": 1.0834048364563698
}