{
  "amount": 2500,
  "timestamp": 1746932488,
  "period": 1746662400,
  "sdtPrice": 0.385828,
  "cvxPrice": 2.8,
  "delegationVotingPower": 1646471.3281458903,
  "apr": 1.0879899668411102
}