{
  "amount": 2500,
  "timestamp": 1747017635,
  "period": 1746662400,
  "sdtPrice": 0.337794,
  "cvxPrice": 2.8,
  "delegationVotingPower": 1646471.3281458903,
  "apr": 0.9525396883044412
}