{
  "amount": 2500,
  "timestamp": 1747087779,
  "period": 1746662400,
  "sdtPrice": 0.327085,
  "cvxPrice": 2.8,
  "delegationVotingPower": 1646471.3281458903,
  "apr": 0.9223415571296655
}