{
  "amount": 2500,
  "timestamp": 1746958097,
  "period": 1746662400,
  "sdtPrice": 0.381864,
  "cvxPrice": 2.8,
  "delegationVotingPower": 1646471.3281458903,
  "apr": 1.0768119491011894
}