Gauge Name;Gauge Address;Reward Token;Reward Address;Reward Amount;Reward sd Value;Share % per Protocol
kaiAURA-AURA;0x7a59aF3a8650Edc8ebE6d79162A2Aa97f2B98AAC;USDC;0xA0b86991c6218b36c1d19D4a2e9Eb0cE3606eB48;200.419824;37.037431;1.84
B-KAI-WETH-WEIGHTED;0x80CD37A62A8A58C4Cbf64003410c5cCC4d01519f;USDC;0xA0b86991c6218b36c1d19D4a2e9Eb0cE3606eB48;198.668241;36.713740;1.82
B-sdBAL-STABLE;0xDc2Df969EE5E66236B950F5c4c5f8aBe62035df2;SDT;0x73968b9a57c6E53d41345FD57a6E6ae27d6CDB2F;1033.811604;54.831294;2.72
50WETH-50AURA;0x275df57d2b23d53e20322b4bb71bf1dcb21d0a00;AURA;0xc0c293ce456ff0ed870add98a0828dd4d2903dbf;2259.834294;94.814115;4.71
B-auraBAL-STABLE;0x0312aa8d0ba4a1969fddb382235870bf55f7f242;AURA;0xc0c293ce456ff0ed870add98a0828dd4d2903dbf;3112.887598;130.605011;6.49
ECLP-wstETH-WETH;0x6d060a785530cb13795b3c5a43320c462811d43b;USDC;0xa0b86991c6218b36c1d19d4a2e9eb0ce3606eb48;168.502914;31.139210;1.55
bb-WETH-wstETH;0xf8c85bd74fee26831336b51a90587145391a27ba;USDC;0xa0b86991c6218b36c1d19d4a2e9eb0ce3606eb48;1019.019833;188.314091;9.36
sUSDX/USDX;0x0d1b58fb1fc10f2160178de1eae2d520335ee372;USDC;0xa0b86991c6218b36c1d19d4a2e9eb0ce3606eb48;76.466611;14.130972;0.70
ezETH/wstETH;0xcd41bc6dc6e9821c4c36848ff3397493e458a5d1;USDC;0xa0b86991c6218b36c1d19d4a2e9eb0ce3606eb48;653.375496;120.743295;6.00
rETH/wETH BPT;0xf8a95653cc7ee59afa2304dcc518c431a15c292c;USDC;0xa0b86991c6218b36c1d19d4a2e9eb0ce3606eb48;218.246395;40.331768;2.00
sAVAX-WAVAX-BPT;0x1e916950a659da9813ee34479bff04c732e03deb;USDC;0xa0b86991c6218b36c1d19d4a2e9eb0ce3606eb48;487.443959;90.079273;4.47
maticX-WMATIC-BPT;0x9965713498c74aee49cef80b2195461f188f24f8;USDC;0xa0b86991c6218b36c1d19d4a2e9eb0ce3606eb48;697.216262;128.845035;6.40
tETH/wstETH;0xf697535848b535900c76f70f1e36ec3985d27862;USDC;0xa0b86991c6218b36c1d19d4a2e9eb0ce3606eb48;435.661859;80.509981;4.00
B-rETH-STABLE;0x79ef6103a513951a3b25743db509e267685726b7;USDC;0xa0b86991c6218b36c1d19d4a2e9eb0ce3606eb48;4499.292250;831.465790;41.31
wstETH-WETH-BPT;0x5c0f23a5c1be65fa710d385814a7fd1bda480b1c;USDC;0xa0b86991c6218b36c1d19d4a2e9eb0ce3606eb48;682.791806;126.179407;6.27
ETHx/wstETH;0xac08fde28aa2d123b61a5db3074caf72760ffeeb;USDC;0xa0b86991c6218b36c1d19d4a2e9eb0ce3606eb48;39.099016;7.225469;0.36