Gauge Name;Gauge Address;Reward Token;Reward Address;Reward Amount;Reward sd Value;Share % per Protocol
OHM+FRAXBP ;0x06f691180F643B35E3644a2296a4097E1f577d0d;FXS;0x3432B6A60D23Ca0dFCa7761B7ab56459D9C964D0;221.454676;1082.875173;0.60
ETH+OETH ;0xd03BE91b1932715709e18021734fcB91BB431715;OGN;0x8207c1FfC5B6804F6024322CcF34F29c3541Ae26;101086.526400;14778.102241;8.13
FRAX+USDC ;0xCFc25170633581Bf896CB6CDeE170e3E3Aa59503;FXS;0x3432B6A60D23Ca0dFCa7761B7ab56459D9C964D0;90.005463;440.111192;0.24
ETH+frxETH ;0x2932a86df44Fe8D2A706d8e9c5d51c24883423F5;FXS;0x3432B6A60D23Ca0dFCa7761B7ab56459D9C964D0;182.536036;892.569738;0.49
crvUSD+CJPY ;0xa5Dc66685bD13A0924505807c29F8C65dDa0d207;CJPY;0x1cfa5641c01406aB8AC350dEd7d735ec41298372;37668.412059;513.981920;0.28
ROME+USDT ;0x960Eca61ec93c9c80C7Aa1Ac89a5d62C88b1e309;USDT;0xdAC17F958D2ee523a2206206994597C13D831ec7;465.704329;1112.098580;0.61
MIM+3Crv ;0xd8b712d29381748dB89c36BCa0138d7c75866ddF;SPELL;0x090185f2135308BaD17527004364eBcC2D37e5F6;61128262.353260;86257.252330;47.42
sDOLA+alUSD ;0x19f9266f349158b54a6D95dCe79297DF670f7F14;ALCX;0xdBdb4d16EdA451D0503b854CF79D55697F90c8DF;597.535557;14198.961716;7.81
alETH+pxETH ;0x4C5a449c6B81b800938EFCCDB41970e9CF9eC478;ALCX;0xdBdb4d16EdA451D0503b854CF79D55697F90c8DF;173.837644;4130.823722;2.27
CVX1+cvgCVX ;0xeE624fCbb0C197E41ffc58999e6D35b9B893533E;crvUSD;0xf939E0A03FB07F59A73314E73794Be0E57ac1b4E;204.840576;489.261725;0.27
SDT+cvgSDT ;0x63DC752E11D4c9D0f2160DA20EdF2111FECB0a66;crvUSD;0xf939E0A03FB07F59A73314E73794Be0E57ac1b4E;69.181261;165.239445;0.09
CVX+clevCVX ;0x7970489a543FB237ABab63d62524d8A5CE165B86;CVX;0x4e3FBD56CD56c3e72c1403e103b45Db9da5B9D2B;228.771997;1206.621089;0.66
ETH+OETH ;0xd03BE91b1932715709e18021734fcB91BB431715;CRV;0xD533a949740bb3306d119CC777fa900bA034cd52;9710.220934;12471.149854;6.86
sUSD+sUSDe ;0x411387Be45F5c001159f3d76e26Fe7D200e5Dc71;USDC;0xA0b86991c6218b36c1d19D4a2e9Eb0cE3606eB48;15121.722750;35759.794633;19.66
ETH+ETHx ;0x7671299eA7B4bbE4f3fD305A994e6443b4be680E;SD;0x30D20208d987713f46DFD34EF128Bb16C404D10f;5760.000000;8384.684610;4.61