Gauge Name;Gauge Address;Reward Token;Reward Address;Reward Amount;Reward sd Value;Share % per Protocol
75SDEX25AaveLidoETH;0x4eB7C7fD67B9b2C24d9fF1601ccDa5A01bD40c7f;SDEX;0x5DE8ab7E27f6E7A1fFf3E5B337584Aa43961BEeF;287999.999958;241.149714;21.51
B-sdBAL-STABLE;0xDc2Df969EE5E66236B950F5c4c5f8aBe62035df2;SDT;0x73968b9a57c6E53d41345FD57a6E6ae27d6CDB2F;2062.560976;157.016232;14.00
20WETH-80ALCX;0x183d73da7adc5011ec3c46e33bb50271e59ec976;USDC;0xa0b86991c6218b36c1d19d4a2e9eb0ce3606eb48;72.389127;21.007114;1.87
Aave GHO/USDT/USDC;0xd3ea1345352047bd039bac9d4177c883e06d449d;USDC;0xa0b86991c6218b36c1d19d4a2e9eb0ce3606eb48;271.510603;78.791586;7.03
xUSD-vgUSDC;0xc13a3315806f097cee00e39c4285f5bf250dd8a4;USDC;0xa0b86991c6218b36c1d19d4a2e9eb0ce3606eb48;306.964307;89.080148;7.95
80TREE-20AavePrimeWETH;0xdbd4dd2d5e0b927022c2be8d493f20e79e60c2e7;USDC;0xa0b86991c6218b36c1d19d4a2e9eb0ce3606eb48;158.848759;46.097447;4.11
EURe-Aave USDC;0x7f49d37d0da53a4899bc0ba916f59ec9d4e6d1e2;USDC;0xa0b86991c6218b36c1d19d4a2e9eb0ce3606eb48;193.058629;56.025052;5.00
50WETH-50AURA;0x275df57d2b23d53e20322b4bb71bf1dcb21d0a00;AURA;0xc0c293ce456ff0ed870add98a0828dd4d2903dbf;8883.416178;189.951970;16.94
B-auraBAL-STABLE;0x0312aa8d0ba4a1969fddb382235870bf55f7f242;AURA;0xc0c293ce456ff0ed870add98a0828dd4d2903dbf;11319.715748;242.046783;21.59