{
  "protocol": "fxn",
  "period": 1762992000,
  "aggregator": "0x0000000a3Fc396B89e4c11841B39D9dff85a5D05",
  "totals": {
    "sdInTotal": 68.17360548207748,
    "sdAssigned": 68.17360548207746,
    "wethInTotal": 0.4871302600442405,
    "wethOutTotal": 0.8459040188307553
  },
  "dropped": {
    "tokensNotSwapped": [],
    "wethNotSwapped": false
  },
  "perToken": {
    "0x7159cc276d7d17ab4b3beb19959e1f39368a45ba": {
      "mappedWeth": 0.02623858631523367,
      "sd": 3.6720753740482532
    },
    "0x5de8ab7e27f6e7a1fff3e5b337584aa43961beef": {
      "mappedWeth": 0.02796029531033681,
      "sd": 3.9130275780366603
    },
    "0xdbdb4d16eda451d0503b854cf79d55697f90c8df": {
      "mappedWeth": 0.011858586526770342,
      "sd": 1.6596025042207376
    },
    "0xc02aaa39b223fe8d0a0e5c4f27ead9083c756cc2": {
      "mappedWeth": 1.1102230246251565e-16,
      "sd": 0
    },
    "0xa0b86991c6218b36c1d19d4a2e9eb0ce3606eb48": {
      "mappedWeth": 0.33806735818684247,
      "sd": 47.312336337522645
    },
    "0x9cf12ccd6020b6888e4d4c4e4c7aca33c1eb91f8": {
      "mappedWeth": 0.0830054337050571,
      "sd": 11.616563688249169
    }
  },
  "txs": [
    {
      "tx": "0x033ecb656d618024ec0c75f643e6ba166ab8d0097d2a7042d65de04a7629bda0",
      "wethIn": 0.4871302600442405,
      "wethOut": 0.8459040188307553,
      "sdIn": 68.17360548207748,
      "nativeIn": 68.11913144275955,
      "nativeOut": 68.11913144275955,
      "nativeShareSd": 0,
      "wethBasis": 0.4871302600442405,
      "tokenWeth": {
        "0x9cf12ccd6020b6888e4d4c4e4c7aca33c1eb91f8": 0.0830054337050571,
        "0x7159cc276d7d17ab4b3beb19959e1f39368a45ba": 0.02623858631523367,
        "0x5de8ab7e27f6e7a1fff3e5b337584aa43961beef": 0.02796029531033681,
        "0xa0b86991c6218b36c1d19d4a2e9eb0ce3606eb48": 0.33806735818684247,
        "0xdbdb4d16eda451d0503b854cf79d55697f90c8df": 0.011858586526770342,
        "0xc02aaa39b223fe8d0a0e5c4f27ead9083c756cc2": 1.1102230246251565e-16
      },
      "tokenSd": {
        "0x9cf12ccd6020b6888e4d4c4e4c7aca33c1eb91f8": 11.616563688249169,
        "0x7159cc276d7d17ab4b3beb19959e1f39368a45ba": 3.6720753740482532,
        "0x5de8ab7e27f6e7a1fff3e5b337584aa43961beef": 3.9130275780366603,
        "0xa0b86991c6218b36c1d19d4a2e9eb0ce3606eb48": 47.312336337522645,
        "0xdbdb4d16eda451d0503b854cf79d55697f90c8df": 1.6596025042207376,
        "0xc02aaa39b223fe8d0a0e5c4f27ead9083c756cc2": 1.553750868834146e-14
      }
    }
  ]
}