Gauge Name;Gauge Address;Reward Token;Reward Address;Reward Amount;Reward sd Value;Share % per Protocol
ynRWAx+fxUSD;0x0BbfD53Ec934e5d4d3d55dD860642aDD395De979;YND;0x7159cc276D7d17Ab4b3bEb19959E1F39368a45Ba;62997.333440;3.672075;5.39
USDN+fxUSD;0xa295829c082C4d21fE37dbC8C96bFa0ef6dbaa92;SDEX;0x5DE8ab7E27f6E7A1fFf3E5B337584Aa43961BEeF;31293.420123;3.913028;5.74
alUSD+fxUSD;0x9c7003bC16F2A1AA47451C858FEe6480B755363e;ALCX;0xdBdb4d16EdA451D0503b854CF79D55697F90c8DF;2.660091;1.659603;2.43
fxUSD Stability Pool V2.0 (Rewards FXN);0x215D87bd3c7482E2348338815E059DE07Daf798A;WETH;0xC02aaA39b223FE8D0A0e5C4F27eAD9083C756Cc2;0.359736;0.000000;0.00
msUSD+fxUSD;0x2122a2bee97545595550b85379AC7676Fd21a5B4;USDC;0xA0b86991c6218b36c1d19D4a2e9Eb0cE3606eB48;1089.989938;47.312336;69.40
USDaf+fxUSD+BOLD+USDC;0xE534E5e86382d64133ecd6b7f717C69BEC8B40CA;USDaf;0x9Cf12ccd6020b6888e4D4C4e4c7AcA33c1eB91f8;271.575484;11.616564;17.04