Gauge Name;Gauge Address;Reward Token;Reward Address;Reward Amount;Reward sd Value;Share % per Protocol
ETH+frxETH ;0x2932a86df44Fe8D2A706d8e9c5d51c24883423F5;FXS;0x3432B6A60D23Ca0dFCa7761B7ab56459D9C964D0;97.621732;654.449469;0.45
ETH+OETH ;0xd03BE91b1932715709e18021734fcB91BB431715;OGN;0x8207c1FfC5B6804F6024322CcF34F29c3541Ae26;39898.775500;10374.469702;7.11
crvUSD+zunUSD ;0xB1A829a05E618F7C4f50Cb86f8F64Fb86e42dE5a;ZUN;0x6b5204B0Be36771253Cc38e88012E02B752f0f36;7647.025233;2203.032325;1.51
arbi-zunUSD+crvUSD ;0x5C5480A5C90EAcb8f31028f0f0eA9a716d04028D;ZUN;0x6b5204B0Be36771253Cc38e88012E02B752f0f36;1713.611277;493.674458;0.34
arbi-zunETH+WETH ;0x39D053f054e9e5E5ADA759FBDDCEc904D43e9B7c;ZUN;0x6b5204B0Be36771253Cc38e88012E02B752f0f36;6138.961396;1768.574051;1.21
CVX+clevCVX ;0x7970489a543FB237ABab63d62524d8A5CE165B86;CVX;0x4e3FBD56CD56c3e72c1403e103b45Db9da5B9D2B;248.013677;1771.540613;1.21
WETH+ZUN ;0xdA22f2De17547E3A5CADcC960EB4e9cfDC52e10A;ZUN;0x6b5204B0Be36771253Cc38e88012E02B752f0f36;76110.323586;21926.631337;15.02
MIM+3Crv ;0xd8b712d29381748dB89c36BCa0138d7c75866ddF;SPELL;0x090185f2135308BaD17527004364eBcC2D37e5F6;17788585.971660;29616.529533;20.29
USR+USDC ;0xf589273a91622f1f48C0CD378881f0b3e6c40a95;CRV;0xD533a949740bb3306d119CC777fa900bA034cd52;1367.720937;1342.400805;0.92
arbi-USDe+USDx ;0x99178264ec6b9de40689eE4F2f561cA3885a4BD2;SNX;0xC011a73ee8576Fb46F5E1c5751cA3B9Fe0af2a6F;154.451073;730.872707;0.50
ETH+ETHx ;0x7671299eA7B4bbE4f3fD305A994e6443b4be680E;SD;0x30D20208d987713f46DFD34EF128Bb16C404D10f;1279.113967;1939.186268;1.33
DOLA+crvUSD ;0xEcAD6745058377744c09747b2715c0170B5699e5;INV;0x41D5D79431A913C4aE7d69a668ecdfE5fF9DFB68;35.389634;2800.660197;1.92
USDC+WETH+INV ;0x4Fc86cd0F9b650280Fa783e3116258e0E0496A2c;INV;0x41D5D79431A913C4aE7d69a668ecdfE5fF9DFB68;45.338889;3588.023015;2.46
DOLA+FRAXBP ;0xBE266d68Ce3dDFAb366Bb866F4353B6FC42BA43c;INV;0x41D5D79431A913C4aE7d69a668ecdfE5fF9DFB68;199.713352;15804.889049;10.83
DOLA+FRAXPYUSD ;0x4B092818708A721cB187dFACF41f440ADb79044D;INV;0x41D5D79431A913C4aE7d69a668ecdfE5fF9DFB68;539.588518;42701.885254;29.25
alETH+WETH ;0xB251c0885c7c1975D773B57e67c138FBcEaa6db4;ALCX;0xdBdb4d16EdA451D0503b854CF79D55697F90c8DF;68.164357;3123.320109;2.14
GHO+WBTC+wstETH ;0x6373E119F2A1Fd081249BC16FE7FEA1F6b3A4Ca8;GHO;0x40D16FC0246aD3160Ccc09B8D0D3A2cD28aE6C2f;638.673085;1839.293513;1.26
alUSD+3Crv ;0x9582C4ADACB3BCE56Fea3e590F05c3ca2fb9C477;ALCX;0xdBdb4d16EdA451D0503b854CF79D55697F90c8DF;72.153237;3306.092306;2.26