{
  "rewardValueUSD": 8378.600175512624,
  "usdPerAURA": 0.0010933169033475265,
  "totalVotingPower": 15856725.192861617,
  "delegationVotingPower": 7663468.981279772,
  "delegationShare": 0.48329455723491466,
  "timestamp": 1769040000,
  "sdtUsdPerAURA": 0.00006081544716955895,
  "sdtAmount": "2000000000000000000000"
}