{
  "rewardValueUSD": 59010.08838761697,
  "usdPerCVX": 0.01542499738374467,
  "totalVotingPower": 4786457.027390938,
  "delegationVotingPower": 3528100.0214643516,
  "delegationShare": 0.7371005320374708,
  "timestamp": 1757548800,
  "periodStartBlock": 23235896,
  "periodEndBlock": 1756771200
}