{
  "protocol": "curve",
  "period": 1772668800,
  "aggregator": "0x0000000a3Fc396B89e4c11841B39D9dff85a5D05",
  "totals": {
    "sdInTotal": 304669.4767483707,
    "sdAssigned": 304669.47674837074,
    "wethInTotal": 26.530557394973822,
    "wethOutTotal": 26.535144155058216
  },
  "dropped": {
    "tokensNotSwapped": [
      "0x8ee73c484a26e0a5df2ee2a4960b789967dd0415",
      "0x833589fcd6edb6e08f4c7c32d4f71b54bda02913",
      "0x76a9a0062ec6712b99b4f63bd2b4270185759dd5"
    ],
    "wethNotSwapped": false
  },
  "perToken": {
    "0x04acaf8d2865c0714f79da09645c13fd2888977f": {
      "mappedWeth": 6.40351443487073,
      "sd": 72642.86463709059
    },
    "0xa0b86991c6218b36c1d19d4a2e9eb0ce3606eb48": {
      "mappedWeth": 10.23507167701613,
      "sd": 117716.487749201
    },
    "0xf4c13d631450de6b12a19829e37c8e2826891dc4": {
      "mappedWeth": 0.10130573569888643,
      "sd": 1184.022527003632
    },
    "0x73968b9a57c6e53d41345fd57a6e6ae27d6cdb2f": {
      "mappedWeth": 0.1370143421196972,
      "sd": 1601.3710030644127
    },
    "0x8207c1ffc5b6804f6024322ccf34f29c3541ae26": {
      "mappedWeth": 1.9226995869551202,
      "sd": 22229.626431819153
    },
    "0x419905009e4656fdc02418c7df35b1e61ed5f726": {
      "mappedWeth": 0.19328987142685092,
      "sd": 2259.0977740023736
    },
    "0xc0c17dd08263c16f6b64e772fb9b723bf1344ddf": {
      "mappedWeth": 6.128570923898351,
      "sd": 70734.83344147884
    },
    "0x4e3fbd56cd56c3e72c1403e103b45db9da5b9d2b": {
      "mappedWeth": 0.4860664912694683,
      "sd": 5619.742467962355
    },
    "0x01791f726b4103694969820be083196cc7c045ff": {
      "mappedWeth": 0.8679201477277808,
      "sd": 10034.61008029447
    },
    "0xf939e0a03fb07f59a73314e73794be0e57ac1b4e": {
      "mappedWeth": 0.055104183990809234,
      "sd": 646.8206364538637
    },
    "0x8ee73c484a26e0a5df2ee2a4960b789967dd0415": {
      "mappedWeth": 0,
      "sd": 0
    },
    "0x833589fcd6edb6e08f4c7c32d4f71b54bda02913": {
      "mappedWeth": 0,
      "sd": 0
    },
    "0x76a9a0062ec6712b99b4f63bd2b4270185759dd5": {
      "mappedWeth": 0,
      "sd": 0
    }
  },
  "txs": [
    {
      "tx": "0x6dae9d0736ffdfeafa0c5dc8c297c6129003625e34da740db17f2087149f442d",
      "wethIn": 2.0960107651215125,
      "wethOut": 2.0974616200405856,
      "sdIn": 24353.02900082029,
      "nativeIn": 17306.6948679785,
      "nativeOut": 17306.6948679785,
      "nativeShareSd": 0,
      "wethBasis": 2.0960107651215125,
      "tokenWeth": {
        "0xa0b86991c6218b36c1d19d4a2e9eb0ce3606eb48": 2.0960107651215125
      },
      "tokenSd": {
        "0xa0b86991c6218b36c1d19d4a2e9eb0ce3606eb48": 24353.02900082029
      }
    },
    {
      "tx": "0x0bee9a86ec6d10ed454ad74693c83ed9e13ad7a6708519a43969171023bbec2a",
      "wethIn": 1.9455175145320474,
      "wethOut": 1.9461999581632012,
      "sdIn": 22593.030354463313,
      "nativeIn": 15987.128073200853,
      "nativeOut": 15987.128073200853,
      "nativeShareSd": 0,
      "wethBasis": 1.9455175145320474,
      "tokenWeth": {
        "0xa0b86991c6218b36c1d19d4a2e9eb0ce3606eb48": 1.9455175145320474
      },
      "tokenSd": {
        "0xa0b86991c6218b36c1d19d4a2e9eb0ce3606eb48": 22593.030354463313
      }
    },
    {
      "tx": "0x51203284b22af576acc803faecc56d31c0046ba4d74637decbebce0c382fa79b",
      "wethIn": 2.2122951871265153,
      "wethOut": 2.2135255985105133,
      "sdIn": 25109.538032603516,
      "nativeIn": 18085.713006208895,
      "nativeOut": 18085.730470184168,
      "nativeShareSd": 0.017463975273130927,
      "wethBasis": 2.2122951871265153,
      "tokenWeth": {
        "0xa0b86991c6218b36c1d19d4a2e9eb0ce3606eb48": 2.2122951871265153
      },
      "tokenSd": {
        "0xd533a949740bb3306d119cc777fa900ba034cd52": 0.017463975273130927,
        "0xa0b86991c6218b36c1d19d4a2e9eb0ce3606eb48": 25109.520568628242
      }
    },
    {
      "tx": "0x708cf54072f696ee2958969881e945e565a41d53ca5c0315271b2f236bd11ce3",
      "wethIn": 2.1541915082595975,
      "wethOut": 2.156398430756253,
      "sdIn": 24881.38570464709,
      "nativeIn": 17628.905917517124,
      "nativeOut": 17628.905917517124,
      "nativeShareSd": 0,
      "wethBasis": 2.1541915082595975,
      "tokenWeth": {
        "0xa0b86991c6218b36c1d19d4a2e9eb0ce3606eb48": 2.1541915082595975
      },
      "tokenSd": {
        "0xa0b86991c6218b36c1d19d4a2e9eb0ce3606eb48": 24881.38570464709
      }
    },
    {
      "tx": "0xc00a4a5a0f998492d2eff348ea4d385b477bb21c385da2fbc4f11577fb255cd5",
      "wethIn": 1.8270567019764556,
      "wethOut": 1.8297411755656399,
      "sdIn": 20779.51537300898,
      "nativeIn": 14884.649349754984,
      "nativeOut": 14884.649349754984,
      "nativeShareSd": 0,
      "wethBasis": 1.8270567019764556,
      "tokenWeth": {
        "0xa0b86991c6218b36c1d19d4a2e9eb0ce3606eb48": 1.8270567019764556
      },
      "tokenSd": {
        "0xa0b86991c6218b36c1d19d4a2e9eb0ce3606eb48": 20779.51537300898
      }
    },
    {
      "tx": "0x35f73fa6a6a12d065f990d16390fa583b62544aea99b7dcfabbb2710470bb495",
      "wethIn": 2.302205477310889,
      "wethOut": 2.302204477310889,
      "sdIn": 25822.880877632506,
      "nativeIn": 18697.97481329546,
      "nativeOut": 18697.97481329546,
      "nativeShareSd": 0,
      "wethBasis": 2.302205477310889,
      "tokenWeth": {
        "0x04acaf8d2865c0714f79da09645c13fd2888977f": 2.302205477310889
      },
      "tokenSd": {
        "0x04acaf8d2865c0714f79da09645c13fd2888977f": 25822.880877632506
      }
    },
    {
      "tx": "0x1962b0790f942cf492a8e0a5202e4f06c1ca8c7c94b550ed11b9cbb1e5bd38ca",
      "wethIn": 2.0711830377941185,
      "wethOut": 2.0711820377941184,
      "sdIn": 23556.47636901776,
      "nativeIn": 16939.79308276163,
      "nativeOut": 16939.79308276163,
      "nativeShareSd": 0,
      "wethBasis": 2.0711830377941185,
      "tokenWeth": {
        "0x04acaf8d2865c0714f79da09645c13fd2888977f": 2.0711830377941185
      },
      "tokenSd": {
        "0x04acaf8d2865c0714f79da09645c13fd2888977f": 23556.47636901776
      }
    },
    {
      "tx": "0x9fad40660498c76ad4a0ce4a7e6e99f28b1f8e5711fbeb90403612eea343f569",
      "wethIn": 2.030125919765722,
      "wethOut": 2.030124919765722,
      "sdIn": 23263.50322647483,
      "nativeIn": 16729.533664573697,
      "nativeOut": 16729.533664573697,
      "nativeShareSd": 0,
      "wethBasis": 2.030125919765722,
      "tokenWeth": {
        "0x04acaf8d2865c0714f79da09645c13fd2888977f": 2.030125919765722
      },
      "tokenSd": {
        "0x04acaf8d2865c0714f79da09645c13fd2888977f": 23263.50322647483
      }
    },
    {
      "tx": "0xf0aad53b0a88deb2f932872dc2a1711032b9715b6853e667e2fbf6e787564a72",
      "wethIn": 2.088204025128495,
      "wethOut": 2.0882030251284953,
      "sdIn": 23971.81086412041,
      "nativeIn": 17217.78291833476,
      "nativeOut": 17217.78291833476,
      "nativeShareSd": 0,
      "wethBasis": 2.088204025128495,
      "tokenWeth": {
        "0xc0c17dd08263c16f6b64e772fb9b723bf1344ddf": 2.088204025128495
      },
      "tokenSd": {
        "0xc0c17dd08263c16f6b64e772fb9b723bf1344ddf": 23971.81086412041
      }
    },
    {
      "tx": "0xb656c8bd0786c17757e701db675e00d459e2238c4ca6e53d1534267e35734029",
      "wethIn": 2.0342660963571704,
      "wethOut": 2.0342650963571702,
      "sdIn": 23371.987529522732,
      "nativeIn": 16884.421045465067,
      "nativeOut": 16884.421045465067,
      "nativeShareSd": 0,
      "wethBasis": 2.0342660963571704,
      "tokenWeth": {
        "0xc0c17dd08263c16f6b64e772fb9b723bf1344ddf": 2.0342660963571704
      },
      "tokenSd": {
        "0xc0c17dd08263c16f6b64e772fb9b723bf1344ddf": 23371.98752952273
      }
    },
    {
      "tx": "0xdd980a1a9fd22389824093b5bf822e900a0976a015a5f7ed64b3a2d8e966d3e7",
      "wethIn": 2.0061008024126847,
      "wethOut": 2.0061886529023742,
      "sdIn": 23391.030993240533,
      "nativeIn": 16855.09343883725,
      "nativeOut": 16855.09343883725,
      "nativeShareSd": 0,
      "wethBasis": 2.0061008024126847,