Gauge Name;Gauge Address;Reward Token;Reward Address;Reward Amount;Reward sd Value;Share % per Protocol
B-sdBAL-STABLE;0xDc2Df969EE5E66236B950F5c4c5f8aBe62035df2;SDT;0x73968b9a57c6E53d41345FD57a6E6ae27d6CDB2F;565.112909;25.800916;2.35
B-rETH-STABLE;0x79ef6103a513951a3b25743db509e267685726b7;USDC;0xa0b86991c6218b36c1d19d4a2e9eb0ce3606eb48;6135.471829;485.009731;44.16
maticX-WMATIC-BPT;0x9965713498c74aee49cef80b2195461f188f24f8;USDC;0xa0b86991c6218b36c1d19d4a2e9eb0ce3606eb48;818.101914;64.671047;5.89
bb-WETH-wstETH;0xf8c85bd74fee26831336b51a90587145391a27ba;USDC;0xa0b86991c6218b36c1d19d4a2e9eb0ce3606eb48;1450.894557;114.693376;10.44
50WETH-50AURA;0x275df57d2b23d53e20322b4bb71bf1dcb21d0a00;AURA;0xc0c293ce456ff0ed870add98a0828dd4d2903dbf;3211.913976;117.317861;10.68
B-auraBAL-STABLE;0x0312aa8d0ba4a1969fddb382235870bf55f7f242;AURA;0xc0c293ce456ff0ed870add98a0828dd4d2903dbf;2951.468918;107.804886;9.82
B-rETH-STABLE;0x79ef6103a513951a3b25743db509e267685726b7;RPL;0xd33526068d116ce69f19a9ee46f0bd304f21a51f;151.927235;183.063932;16.67