Gauge Name;Gauge Address;Reward Token;Reward Address;Reward Amount;Reward sd Value;Share % per Protocol
crvUSD+zunUSD ;0xB1A829a05E618F7C4f50Cb86f8F64Fb86e42dE5a;ZUN;0x6b5204B0Be36771253Cc38e88012E02B752f0f36;7630.351396;883.258790;0.68
arbi-zunETH+WETH ;0x39D053f054e9e5E5ADA759FBDDCEc904D43e9B7c;ZUN;0x6b5204B0Be36771253Cc38e88012E02B752f0f36;3803.154002;440.237812;0.34
CVX+clevCVX ;0x7970489a543FB237ABab63d62524d8A5CE165B86;CVX;0x4e3FBD56CD56c3e72c1403e103b45Db9da5B9D2B;93.638231;649.808211;0.50
SDT+cvgSDT ;0x63DC752E11D4c9D0f2160DA20EdF2111FECB0a66;crvUSD;0xf939E0A03FB07F59A73314E73794Be0E57ac1b4E;120.958676;305.412917;0.24
arbi-USDe+USDx ;0x99178264ec6b9de40689eE4F2f561cA3885a4BD2;SNX;0xC011a73ee8576Fb46F5E1c5751cA3B9Fe0af2a6F;67.522712;317.200869;0.25
CVX1+cvgCVX ;0xeE624fCbb0C197E41ffc58999e6D35b9B893533E;crvUSD;0xf939E0A03FB07F59A73314E73794Be0E57ac1b4E;374.891063;946.575950;0.73
MIM+3Crv ;0xd8b712d29381748dB89c36BCa0138d7c75866ddF;SPELL;0x090185f2135308BaD17527004364eBcC2D37e5F6;17780560.060363;35090.965289;27.11
zunETH+pxETH ;0xf792934842e86f964bDF19A439797a6e3c9fE17B;ZUN;0x6b5204B0Be36771253Cc38e88012E02B752f0f36;5206.103408;602.637593;0.47
CVX1+cvgCVX ;0xeE624fCbb0C197E41ffc58999e6D35b9B893533E;CVG;0x97efFB790f2fbB701D88f89DB4521348A2B77be8;104738.252840;0.000000;0.00
cbBTC+WBTC ;0xc62B10c61BF060eBf40A60859dCDbeA025Fc7e2e;USDC;0xA0b86991c6218b36c1d19D4a2e9Eb0cE3606eB48;10172.978369;25800.729564;19.94
DOLA+FRAXBP ;0xBE266d68Ce3dDFAb366Bb866F4353B6FC42BA43c;INV;0x41D5D79431A913C4aE7d69a668ecdfE5fF9DFB68;234.385274;17408.391002;13.45
DOLA+FRAXPYUSD ;0x4B092818708A721cB187dFACF41f440ADb79044D;INV;0x41D5D79431A913C4aE7d69a668ecdfE5fF9DFB68;453.922382;33713.970904;26.05
DOLA+crvUSD ;0xEcAD6745058377744c09747b2715c0170B5699e5;INV;0x41D5D79431A913C4aE7d69a668ecdfE5fF9DFB68;84.577405;6281.779172;4.85
USDC+WETH+INV ;0x4Fc86cd0F9b650280Fa783e3116258e0E0496A2c;INV;0x41D5D79431A913C4aE7d69a668ecdfE5fF9DFB68;93.991885;6981.016599;5.39