{
  "amount": 3750,
  "timestamp": 1745878201,
  "period": 1745452800,
  "sdtPrice": 0.28295,
  "cvxPrice": 1.91,
  "delegationVotingPower": 1488326.8658334136,
  "apr": 1.9409422827861205
}