{
  "amount": 3750,
  "timestamp": 1745837049,
  "period": 1745452800,
  "sdtPrice": 0.285577,
  "cvxPrice": 1.91,
  "delegationVotingPower": 1488326.8658334136,
  "apr": 1.9589626234006432
}