{
  "amount": 3750,
  "timestamp": 1745791657,
  "period": 1745452800,
  "sdtPrice": 0.282894,
  "cvxPrice": 1.91,
  "delegationVotingPower": 1488326.8658334136,
  "apr": 1.9405581415320612
}