{
  "amount": 3750,
  "timestamp": 1745734168,
  "period": 1745452800,
  "sdtPrice": 0.280665,
  "cvxPrice": 1.91,
  "delegationVotingPower": 1488326.8658334136,
  "apr": 1.925267947687459
}