{
  "amount": 3750,
  "timestamp": 1745721936,
  "period": 1745452800,
  "sdtPrice": 0.28243,
  "cvxPrice": 1.91,
  "delegationVotingPower": 1488326.8658334136,
  "apr": 1.9373752568555718
}