{
  "protocol": "curve",
  "period": 1781740800,
  "aggregator": "0xDBd24b092f686b12650EC1450e3A7138F714506c",
  "totals": {
    "sdInTotal": 87459.64054341255,
    "sdAssigned": 87459.64054341255,
    "wethInTotal": 6.996442335311416,
    "wethOutTotal": 0
  },
  "dropped": {
    "tokensNotSwapped": [
      "0x04acaf8d2865c0714f79da09645c13fd2888977f",
      "0xf4c13d631450de6b12a19829e37c8e2826891dc4",
      "0x4e3fbd56cd56c3e72c1403e103b45db9da5b9d2b",
      "0x865377367054516e17014ccded1e7d814edc9ce4",
      "0x2a8e1e676ec238d8a992307b495b45b3feaa5e86",
      "0x501ebf66d76a96d4fb26ccead42957653e16b8b8"
    ],
    "wethNotSwapped": true
  },
  "perToken": {
    "0xdd468a1ddc392dcdbef6db6e34e89aa338f9f186": {
      "mappedWeth": 0.3465905561999067,
      "sd": 4349.497344490502
    },
    "0xa0b86991c6218b36c1d19d4a2e9eb0ce3606eb48": {
      "mappedWeth": 5.434180588511625,
      "sd": 67854.220841251
    },
    "0x04acaf8d2865c0714f79da09645c13fd2888977f": {
      "mappedWeth": 0,
      "sd": 0
    },
    "0xf4c13d631450de6b12a19829e37c8e2826891dc4": {
      "mappedWeth": 0,
      "sd": 0
    },
    "0x741bd193b6b40f8703d2e116fd1965421f290f58": {
      "mappedWeth": 0.9517291748537156,
      "sd": 11943.61313270395
    },
    "0x01791f726b4103694969820be083196cc7c045ff": {
      "mappedWeth": 0.2639420157461686,
      "sd": 3312.309224967104
    },
    "0x4e3fbd56cd56c3e72c1403e103b45db9da5b9d2b": {
      "mappedWeth": 0,
      "sd": 0
    },
    "0x865377367054516e17014ccded1e7d814edc9ce4": {
      "mappedWeth": 0,
      "sd": 0
    },
    "0x2a8e1e676ec238d8a992307b495b45b3feaa5e86": {
      "mappedWeth": 0,
      "sd": 0
    },
    "0x501ebf66d76a96d4fb26ccead42957653e16b8b8": {
      "mappedWeth": 0,
      "sd": 0
    }
  },
  "txs": [
    {
      "tx": "0x97b793bc664090af06dd94a00556bed1baf4d05a8eab607ecd1a65606505b6e5",
      "wethIn": 2.811867907163124,
      "wethOut": 0,
      "sdIn": 35789.56962520554,
      "nativeIn": 22088.336294313944,
      "nativeOut": 0,
      "nativeShareSd": 0,
      "wethBasis": 2.811867907163124,
      "tokenWeth": {
        "0xa0b86991c6218b36c1d19d4a2e9eb0ce3606eb48": 2.8118679071631236,
        "0xc02aaa39b223fe8d0a0e5c4f27ead9083c756cc2": 4.440892098500626e-16
      },
      "tokenSd": {
        "0xa0b86991c6218b36c1d19d4a2e9eb0ce3606eb48": 35789.569625205535,
        "0xc02aaa39b223fe8d0a0e5c4f27ead9083c756cc2": 5.652385610021933e-12
      }
    },
    {
      "tx": "0xde59cad000bb898b97ff95d046c23d61a470e331a99b139f8187f4ce33b4bee5",
      "wethIn": 2.6223126813485016,
      "wethOut": 0,
      "sdIn": 32064.65121604546,
      "nativeIn": 20442.855030853083,
      "nativeOut": 0,
      "nativeShareSd": 0,
      "wethBasis": 2.6223126813485016,
      "tokenWeth": {
        "0xa0b86991c6218b36c1d19d4a2e9eb0ce3606eb48": 2.6223126813485016
      },
      "tokenSd": {
        "0xa0b86991c6218b36c1d19d4a2e9eb0ce3606eb48": 32064.65121604546
      }
    },
    {
      "tx": "0x8dc8ca9248d780f723d10b4a057308ecec98582737635f50731161808e25068a",
      "wethIn": 1.5622617467997908,
      "wethOut": 0,
      "sdIn": 19605.419702161555,
      "nativeIn": 12408.940338545504,
      "nativeOut": 0,
      "nativeShareSd": 0,
      "wethBasis": 1.5622617467997908,
      "tokenWeth": {
        "0xdd468a1ddc392dcdbef6db6e34e89aa338f9f186": 0.3465905561999067,
        "0x741bd193b6b40f8703d2e116fd1965421f290f58": 0.9517291748537156,
        "0x01791f726b4103694969820be083196cc7c045ff": 0.2639420157461686
      },
      "tokenSd": {
        "0xdd468a1ddc392dcdbef6db6e34e89aa338f9f186": 4349.497344490502,
        "0x741bd193b6b40f8703d2e116fd1965421f290f58": 11943.61313270395,
        "0x01791f726b4103694969820be083196cc7c045ff": 3312.309224967104
      }
    }
  ]
}