{"sdspectra.eth":29.771084001786242,"sdfxs.eth":1.3317245603405132,"sdcrv.eth":17.265201004871585,"sdfxn.eth":10.717714836055297}