{
  "rewardValueUSD": 27817.368104155863,
  "usdPerCVX": 0.003387000058288739,
  "totalVotingPower": 14369050.793192785,
  "delegationVotingPower": 8212981.288878518,
  "delegationShare": 0.5715743793437871,
  "timestamp": 1784160000,
  "periodStartBlock": 25441106,
  "periodEndBlock": 1783382400
}