{
  "rewardValueUSD": 66637.24810580851,
  "usdPerCVX": 0.013878380871652165,
  "totalVotingPower": 4152360.14122528,
  "delegationVotingPower": 4801514.580272188,
  "delegationShare": 1.1563338479728678,
  "timestamp": 1762387200,
  "periodStartBlock": 23636491,
  "periodEndBlock": 1761609600
}