{
  "rewardValueUSD": 50991.165823232404,
  "usdPerCVX": 0.016154125937397557,
  "totalVotingPower": 4637205.006903669,
  "delegationVotingPower": 3156541.3084458793,
  "delegationShare": 0.6806991072740062,
  "timestamp": 1758758400,
  "periodStartBlock": 23336104,
  "periodEndBlock": 1757980800
}