{
  "protocol": "curve",
  "period": 1778716800,
  "aggregator": "0x0000000a3Fc396B89e4c11841B39D9dff85a5D05",
  "totals": {
    "sdInTotal": 260764.75069416128,
    "sdAssigned": 260764.75069416128,
    "wethInTotal": 19.317556743965618,
    "wethOutTotal": 19.325006200936205
  },
  "dropped": {
    "tokensNotSwapped": [
      "0x76a9a0062ec6712b99b4f63bd2b4270185759dd5",
      "0xcacd6fd266af91b8aed52accc382b4e165586e29"
    ],
    "wethNotSwapped": false
  },
  "perToken": {
    "0x76a9a0062ec6712b99b4f63bd2b4270185759dd5": {
      "mappedWeth": 0,
      "sd": 0
    },
    "0xdd468a1ddc392dcdbef6db6e34e89aa338f9f186": {
      "mappedWeth": 0.09741390435575097,
      "sd": 1321.8144741198003
    },
    "0xa0b86991c6218b36c1d19d4a2e9eb0ce3606eb48": {
      "mappedWeth": 3.659106564617244,
      "sd": 49459.94987607547
    },
    "0x04acaf8d2865c0714f79da09645c13fd2888977f": {
      "mappedWeth": 6.910342672687409,
      "sd": 91783.82603742079
    },
    "0x2a8e1e676ec238d8a992307b495b45b3feaa5e86": {
      "mappedWeth": 0.11176328131195169,
      "sd": 1516.5219368865105
    },
    "0xf4c13d631450de6b12a19829e37c8e2826891dc4": {
      "mappedWeth": 0.11746194142922216,
      "sd": 1610.9062289360706
    },
    "0x501ebf66d76a96d4fb26ccead42957653e16b8b8": {
      "mappedWeth": 0.350613793889748,
      "sd": 4787.104059847423
    },
    "0x01791f726b4103694969820be083196cc7c045ff": {
      "mappedWeth": 1.0041977966631925,
      "sd": 13710.81067850927
    },
    "0x090185f2135308bad17527004364ebcc2d37e5f6": {
      "mappedWeth": 0.6573285062536378,
      "sd": 8974.83218224359
    },
    "0x4e3fbd56cd56c3e72c1403e103b45db9da5b9d2b": {
      "mappedWeth": 0.298785435125349,
      "sd": 4097.6278163154675
    },
    "0x865377367054516e17014ccded1e7d814edc9ce4": {
      "mappedWeth": 5.790407974605374,
      "sd": 79110.93736831675
    },
    "0xcacd6fd266af91b8aed52accc382b4e165586e29": {
      "mappedWeth": 0,
      "sd": 0
    },
    "0x52c66b5e7f8fde20843de900c5c8b4b0f23708a0": {
      "mappedWeth": 0.32013487302673505,
      "sd": 4390.420035490133
    }
  },
  "txs": [
    {
      "tx": "0xb3a5fe163549372222f584c94996c537808719b8f40c754acd03b2512826c109",
      "wethIn": 1.7290952751633821,
      "wethOut": 1.7299234478342995,
      "sdIn": 22518.58661504915,
      "nativeIn": 14087.882945788522,
      "nativeOut": 14087.882945788522,
      "nativeShareSd": 0,
      "wethBasis": 1.7290952751633821,
      "tokenWeth": {
        "0x04acaf8d2865c0714f79da09645c13fd2888977f": 1.729095275163382,
        "0xc02aaa39b223fe8d0a0e5c4f27ead9083c756cc2": 2.220446049250313e-16
      },
      "tokenSd": {
        "0x04acaf8d2865c0714f79da09645c13fd2888977f": 22518.586615049146,
        "0xc02aaa39b223fe8d0a0e5c4f27ead9083c756cc2": 2.8917612234734863e-12
      }
    },
    {
      "tx": "0xd71a07f7f27ab831ac04786b61e2d3855f2450bdc105f9e7aa139c3074fe9d81",
      "wethIn": 1.9089684570349834,
      "wethOut": 1.9089674570349835,
      "sdIn": 25114.17913420722,
      "nativeIn": 15856.840116187846,
      "nativeOut": 15856.840116187846,
      "nativeShareSd": 0,
      "wethBasis": 1.9089684570349834,
      "tokenWeth": {
        "0x04acaf8d2865c0714f79da09645c13fd2888977f": 1.9089684570349834
      },
      "tokenSd": {
        "0x04acaf8d2865c0714f79da09645c13fd2888977f": 25114.17913420722
      }
    },
    {
      "tx": "0x066b129d5b79aac3ad8deb91299e65347ed6ca61816b45920632d97b6740b153",
      "wethIn": 1.7541825495392316,
      "wethOut": 1.7540461104314442,
      "sdIn": 23482.67510721866,
      "nativeIn": 14925.134961272537,
      "nativeOut": 14925.134961272537,
      "nativeShareSd": 0,
      "wethBasis": 1.7541825495392316,
      "tokenWeth": {
        "0x04acaf8d2865c0714f79da09645c13fd2888977f": 1.7541825495392318
      },
      "tokenSd": {
        "0x04acaf8d2865c0714f79da09645c13fd2888977f": 23482.675107218663
      }
    },
    {
      "tx": "0xc7d736540c24489c0775f83feed71f07916f1089377a671b3d130abf86db2bf1",
      "wethIn": 1.5180963909498117,
      "wethOut": 1.5177917718716218,
      "sdIn": 20668.38518094577,
      "nativeIn": 13101.721243521944,
      "nativeOut": 13101.721243521944,
      "nativeShareSd": 0,
      "wethBasis": 1.5180963909498117,
      "tokenWeth": {
        "0x04acaf8d2865c0714f79da09645c13fd2888977f": 1.5180963909498117
      },
      "tokenSd": {
        "0x04acaf8d2865c0714f79da09645c13fd2888977f": 20668.38518094577
      }
    },
    {
      "tx": "0x87036b3797c909fe7052f16595a6b240b0491fcb9886a62be9058d24fb153c1c",
      "wethIn": 2.065353885592464,
      "wethOut": 2.0711546599653285,
      "sdIn": 28953.591340914736,
      "nativeIn": 18180.980561345033,
      "nativeOut": 18180.980561345033,
      "nativeShareSd": 0,
      "wethBasis": 2.065353885592464,
      "tokenWeth": {
        "0x865377367054516e17014ccded1e7d814edc9ce4": 2.065353885592464
      },
      "tokenSd": {
        "0x865377367054516e17014ccded1e7d814edc9ce4": 28953.591340914736
      }
    },
    {
      "tx": "0x3a0044dd958298018338fb64ddcb29ced67cc2be99bb13ae00194a9a73168361",
      "wethIn": 1.8706478643475513,
      "wethOut": 1.8779711878434362,
      "sdIn": 25327.668377389607,
      "nativeIn": 16326.68293072369,
      "nativeOut": 16326.68293072369,
      "nativeShareSd": 0,
      "wethBasis": 1.8706478643475513,
      "tokenWeth": {
        "0x865377367054516e17014ccded1e7d814edc9ce4": 1.8706478643475513
      },
      "tokenSd": {
        "0x865377367054516e17014ccded1e7d814edc9ce4": 25327.668377389607
      }
    },
    {
      "tx": "0x96a51fcd074666db455444186cc62cc6f544cbf364f5eb2f3b93e133635de401",
      "wethIn": 1.854406224665359,
      "wethOut": 1.8540880396894337,
      "sdIn": 24829.67765001242,
      "nativeIn": 15982.456527398745,
      "nativeOut": 15982.456527398745,
      "nativeShareSd": 0,
      "wethBasis": 1.854406224665359,
      "tokenWeth": {
        "0x865377367054516e17014ccded1e7d814edc9ce4": 1.8544062246653588,
        "0xc02aaa39b223fe8d0a0e5c4f27ead9083c756cc2": 2.220446049250313e-16
      },
      "tokenSd": {
        "0x865377367054516e17014ccded1e7d814edc9ce4": 24829.677650012418,
        "0xc02aaa39b223fe8d0a0e5c4f27ead9083c756cc2": 2.9730788706815314e-12
      }
    },
    {
      "tx": "0xc1f57a8ee12e5c325bb4eaaa5c70869af113a58bb5987bc5385482f70c0a188d",
      "wethIn": 1.7720637440480245,
      "wethOut": 1.771708331499215,
      "sdIn": 24001.564853483942,
      "nativeIn": 15522.189134481481,
      "nativeOut": 15522.189134481481,
      "nativeShareSd": 0,
      "wethBasis": 1.7720637440480245,
      "tokenWeth": {
        "0xa0b86991c6218b36c1d19d4a2e9eb0ce3606eb48": 1.7720637440480245
      },
      "tokenSd": {
        "0xa0b86991c6218b36c1d19d4a2e9eb0ce3606eb48": 24001.564853483942
      }
    },
    {
      "tx": "0xea3e83859e1823f1330419b539e271e7e4507dca89a91d8d45e7b786bddcf982",
      "wethIn": 1.8870428205692193,
      "wethOut": 1.8866645515328972,
      "sdIn": 25458.385022591523,
      "nativeIn": 16683.097193088874,
      "nativeOut": 16683.097193088874,
      "nativeShareSd": 0,
      "wethBasis": 1.8870428205692193,
      "tokenWeth": {
        "0xa0b86991c6218b36c1d19d4a2e9eb0ce3606eb48": 1.8870428205692193
      },
      "tokenSd": {
        "0xa0b86991c6218b36c1d19d4a2e9eb0ce3606eb48": 25458.385022591523
      }
    },
    {
      "tx": "0x5314b9c1fd7ad2bd3365bfdce1bc6e005f18c494d74b073ba888cfd94b81bc78",
      "wethIn": 2.0121400968065783,
      "wethOut": 2.0107098262734784,
      "sdIn": 27472.746920600282,
      "nativeIn": 17990.40409200879,
      "nativeOut": 17990.40409200879,
      "nativeShareSd": 0,
      "wethBasis": 2.0121400968065783,
      "tokenWeth": {
        "0x090185f2135308bad17527004364ebcc2d37e5f6": 0.6573285062536378,
        "0x501ebf66d76a96d4fb26ccead42957653e16b8b8": 0.350613793889748,
        "0x01791f726b4103694969820be083196cc7c045ff": 1.0041977966631925
      },