{"sdspectra.eth":14.516396255146011,"sdcrv.eth":19.160012571161175,"sdfxn.eth":14.078477677706372}