{
  "rewardValueUSD": 30389.0559870249,
  "usdPerCVX": 0.003864473496733582,
  "totalVotingPower": 15684159.433328647,
  "delegationVotingPower": 7863698.900435216,
  "delegationShare": 0.5013784088246994,
  "timestamp": 1782950400,
  "periodStartBlock": 25340719,
  "periodEndBlock": 1782172800
}