{"sdcrv.eth":12.873948743306354,"sdbal.eth":36.09797687226586,"sdfxs.eth":2.7034360684453933,"sdpendle.eth":5.497228293265594,"sdcake.eth":5.557536529427858,"sdfxn.eth":21.855438015754345,"sdspectra.eth":24.573444162602012}