{
  "rewardValueUSD": 53553.39365346067,
  "usdPerCVX": 0.011348438986985959,
  "totalVotingPower": 4681389.517029226,
  "delegationVotingPower": 4719009.699472682,
  "delegationShare": 1.0080361145567158,
  "timestamp": 1763596800,
  "periodStartBlock": 23736528,
  "periodEndBlock": 1762819200
}