{
  "sdspectra.eth": 8.337089651776848,
  "sdcrv.eth": 19.01962505464762,
  "sdfxn.eth": 13.045706697195088,
  "sdpendle.eth": 0
}
