{
  "sdcrv.eth": 19.530872122443014,
  "sdbal.eth": 12.309083141623764,
  "sdfxs.eth": 2.9295435800051037,
  "sdpendle.eth": 5.95034479302065,
  "sdcake.eth": 5.557536529427858,
  "sdfxn.eth": 24.091146794945146,
  "sdspectra.eth": 0
}
