{
  "sdspectra.eth": 13.211663057148082,
  "sdpendle.eth": 0,
  "sdcrv.eth": 23.577047667250305,
  "sdbal.eth": 14.277136616148356,
  "sdfxn.eth": 17.421684398095234
}
