{
  "sdspectra.eth": 23.640754731167284,
  "sdcrv.eth": 22.20945215926464,
  "sdbal.eth": 32.1922375860313,
  "sdpendle.eth": 0,
  "sdfxn.eth": 12.420445572287115
}
