{"sdcrv.eth":18.434538418891115,"sdbal.eth":22.407101906414987,"sdfxs.eth":2.9295435800051037,"sdpendle.eth":37.64354591739346,"sdcake.eth":5.557536529427858,"sdfxn.eth":17.61437644652944,"sdspectra.eth":40.36016725657389}