{"sdcrv.eth":16.059769491559344,"sdbal.eth":15.621915321295232,"sdfxs.eth":3.0095741867002475,"sdpendle.eth":9.249929394818523,"sdcake.eth":5.557536529427858,"sdfxn.eth":12.527668146416959,"sdspectra.eth":24.573444162602012}