{"sdcrv.eth":15.027091386945552,"sdbal.eth":18.502389331589512,"sdfxs.eth":2.9295435800051037,"sdpendle.eth":11.021866152887519,"sdcake.eth":5.557536529427858,"sdfxn.eth":16.729953250509983,"sdspectra.eth":40.36016725657389}