{"sdspectra.eth":29.771084001786242,"sdfxs.eth":2.1276031634808477,"sdcrv.eth":25.13333811877032,"sdfxn.eth":14.739818366146476}