{
  "sdspectra.eth": 34.61703114370978,
  "sdcrv.eth": 21.489090222558676,
  "sdbal.eth": 19.763924641394787,
  "sdfxn.eth": 18.510893161637725,
  "sdpendle.eth": 0
}
