{"sdcrv.eth":14.228299097099992,"sdbal.eth":35.55534736008811,"sdfxs.eth":2.9295435800051037,"sdpendle.eth":0,"sdcake.eth":5.557536529427858,"sdfxn.eth":17.686803386115074,"sdspectra.eth":40.36016725657389}