{
  "sdspectra.eth": 0,
  "sdcrv.eth": 20.6505873375943,
  "sdbal.eth": 8.990506668375783,
  "sdpendle.eth": 3.8589805314339136,
  "sdfxn.eth": 10.512592041847713
}
