{
  "sdspectra.eth": 34.61703114370978,
  "sdcrv.eth": 22.27591283328758,
  "sdbal.eth": 20.149758353026876,
  "sdfxn.eth": 16.291111929776967,
  "sdpendle.eth": 0
}
