{"sdspectra.eth":8.337089651776848,"sdcrv.eth":21.005810630677672,"sdfxn.eth":13.192299057477236}