{
  "sdspectra.eth": 0,
  "sdcrv.eth": 22.979482873748573,
  "sdbal.eth": 10.736170214906538,
  "sdpendle.eth": 0,
  "sdfxn.eth": 10.443185760360798
}