{"sdcrv.eth":13.670750741812826,"sdbal.eth":27.074288986404778,"sdfxs.eth":2.431918233594628,"sdpendle.eth":11.579144021325966,"sdcake.eth":5.557536529427858,"sdfxn.eth":15.948490335354892,"sdspectra.eth":24.573444162602012}