{
  "sdspectra.eth": 29.771084001786242,
  "sdcrv.eth": 22.6087305497374,
  "sdfxn.eth": 15.662176399570216
}
