{"sdspectra.eth":0,"sdfxs.eth":1.483262597231346,"sdcrv.eth":22.566139327813445,"sdfxn.eth":9.04306381271323}