{"sdcrv.eth":15.334637130296553,"sdbal.eth":24.63141389000748,"sdfxs.eth":2.5515596398338594,"sdpendle.eth":6.963658049626173,"sdcake.eth":5.557536529427858,"sdfxn.eth":11.986695268303055,"sdspectra.eth":24.573444162602012}