{
  "sdspectra.eth": 25.128721992798848,
  "sdcrv.eth": 23.585393730084,
  "sdbal.eth": 40.287911244801364,
  "sdpendle.eth": 7.71952553749913,
  "sdfxn.eth": 15.251898570204073
}
