{
  "protocol": "curve",
  "period": 1764201600,
  "aggregator": "0x0000000a3Fc396B89e4c11841B39D9dff85a5D05",
  "totals": {
    "sdInTotal": 287581.84616505814,
    "sdAssigned": 287581.8461650582,
    "wethInTotal": 26.770204078706236,
    "wethOutTotal": 26.774471364812072
  },
  "dropped": {
    "tokensNotSwapped": [
      "0x8ee73c484a26e0a5df2ee2a4960b789967dd0415",
      "0xe5020a6d073a794b6e7f05678707de47986fb0b6",
      "0x76a9a0062ec6712b99b4f63bd2b4270185759dd5"
    ],
    "wethNotSwapped": false
  },
  "perToken": {
    "0x1cfa5641c01406ab8ac350ded7d735ec41298372": {
      "mappedWeth": 0.06061061894539982,
      "sd": 632.6621631939419
    },
    "0x59a529070fbb61e6d6c91f952ccb7f35c34cf8aa": {
      "mappedWeth": 0.057271367140094946,
      "sd": 597.8065833079061
    },
    "0x7fe24f1a024d33506966cb7ca48bab8c65fb632d": {
      "mappedWeth": 0.06412404614839319,
      "sd": 666.9040287350942
    },
    "0x04acaf8d2865c0714f79da09645c13fd2888977f": {
      "mappedWeth": 3.917364912341416,
      "sd": 40257.8071562858
    },
    "0x090185f2135308bad17527004364ebcc2d37e5f6": {
      "mappedWeth": 3.4701893052839474,
      "sd": 36023.5039931175
    },
    "0xa0b86991c6218b36c1d19d4a2e9eb0ce3606eb48": {
      "mappedWeth": 11.279632638816047,
      "sd": 113916.07690258794
    },
    "0x01791f726b4103694969820be083196cc7c045ff": {
      "mappedWeth": 2.8503820245413882,
      "sd": 29462.772569587818
    },
    "0x4e3fbd56cd56c3e72c1403e103b45db9da5b9d2b": {
      "mappedWeth": 0.08816687319116698,
      "sd": 916.954659974132
    },
    "0x865377367054516e17014ccded1e7d814edc9ce4": {
      "mappedWeth": 3.691972130191134,
      "sd": 38510.08582891678
    },
    "0x856c4efb76c1d1ae02e20ceb03a2a6a08b0b8dc3": {
      "mappedWeth": 0.014926293723514065,
      "sd": 150.03248526189884
    },
    "0x2a8e1e676ec238d8a992307b495b45b3feaa5e86": {
      "mappedWeth": 0.015819433292076118,
      "sd": 159.00992813145785
    },
    "0x7159cc276d7d17ab4b3beb19959e1f39368a45ba": {
      "mappedWeth": 0.17518856385220932,
      "sd": 1821.9991725254117
    },
    "0x73968b9a57c6e53d41345fd57a6e6ae27d6cdb2f": {
      "mappedWeth": 0.29495988975835125,
      "sd": 4226.636793590545
    },
    "0xa0ed3359902eff692e5b8167038133a73d641909": {
      "mappedWeth": 0.04330660030655063,
      "sd": 452.04038347140516
    },
    "0x476ef9ac6d8673e220d0e8bc0a810c2dc6a2aa84": {
      "mappedWeth": 0.7462893811745468,
      "sd": 10693.976593639374
    },
    "0x8ee73c484a26e0a5df2ee2a4960b789967dd0415": {
      "mappedWeth": 0,
      "sd": 0
    },
    "0xe5020a6d073a794b6e7f05678707de47986fb0b6": {
      "mappedWeth": 0,
      "sd": 0
    },
    "0x76a9a0062ec6712b99b4f63bd2b4270185759dd5": {
      "mappedWeth": 0,
      "sd": 0
    },
    "0xd533a949740bb3306d119cc777fa900ba034cd52": {
      "mappedWeth": 0,
      "sd": 9093.576922731178
    }
  },
  "txs": [
    {
      "tx": "0xabb3a97888a30192a288dcd4cc5413f067da92b8b1d4d61c0ca62067a41e68dd",
      "wethIn": 2.7588373481766357,
      "wethOut": 2.76037085412918,
      "sdIn": 28018.059524615073,
      "nativeIn": 19017.83708842331,
      "nativeOut": 19017.83708842331,
      "nativeShareSd": 0,
      "wethBasis": 2.7588373481766357,
      "tokenWeth": {
        "0xa0b86991c6218b36c1d19d4a2e9eb0ce3606eb48": 2.7588373481766357
      },
      "tokenSd": {
        "0xa0b86991c6218b36c1d19d4a2e9eb0ce3606eb48": 28018.059524615073
      }
    },
    {
      "tx": "0xf1dce9a6a439a7c49edcdbe0557253dee8ff41c21b0bf15eba6c0aa25c225ca3",
      "wethIn": 2.801161619868915,
      "wethOut": 2.8011606198689147,
      "sdIn": 28338.805787900736,
      "nativeIn": 19123.517152989483,
      "nativeOut": 19123.517152989483,
      "nativeShareSd": 0,
      "wethBasis": 2.801161619868915,
      "tokenWeth": {
        "0xa0b86991c6218b36c1d19d4a2e9eb0ce3606eb48": 2.801161619868915
      },
      "tokenSd": {
        "0xa0b86991c6218b36c1d19d4a2e9eb0ce3606eb48": 28338.80578790074
      }
    },
    {
      "tx": "0x64176adb4b3796a539fe61825eeec994a4627d35904692b568e825a7b44fcc17",
      "wethIn": 3.080715203436694,
      "wethOut": 3.080822466407823,
      "sdIn": 30968.18451782833,
      "nativeIn": 20981.239517258346,
      "nativeOut": 20981.239517258346,
      "nativeShareSd": 0,
      "wethBasis": 3.080715203436694,
      "tokenWeth": {
        "0xa0b86991c6218b36c1d19d4a2e9eb0ce3606eb48": 3.0807152034366934,
        "0xc02aaa39b223fe8d0a0e5c4f27ead9083c756cc2": 4.440892098500626e-16
      },
      "tokenSd": {
        "0xa0b86991c6218b36c1d19d4a2e9eb0ce3606eb48": 30968.184517828322,
        "0xc02aaa39b223fe8d0a0e5c4f27ead9083c756cc2": 4.464105145997125e-12
      }
    },
    {
      "tx": "0xa32f5fd26f736c806e20a1ed7494871c78a780dfa8e8c2c33b326ede2cde224c",
      "wethIn": 2.6389184673338018,
      "wethOut": 2.6393158445496785,
      "sdIn": 26597.205065668946,
      "nativeIn": 17972.96171028006,
      "nativeOut": 17979.139703705234,
      "nativeShareSd": 6.177993425175373,
      "wethBasis": 2.6389184673338018,
      "tokenWeth": {
        "0xa0b86991c6218b36c1d19d4a2e9eb0ce3606eb48": 2.638918467333802
      },
      "tokenSd": {
        "0xd533a949740bb3306d119cc777fa900ba034cd52": 6.177993425175373,
        "0xa0b86991c6218b36c1d19d4a2e9eb0ce3606eb48": 26591.027072243778
      }
    },
    {
      "tx": "0xdf982b255fab85bcbf61cdef656f418e062b28cf34ca09b93e9b85162603fff4",
      "wethIn": 1.9646286559635093,
      "wethOut": 1.9646276559635092,
      "sdIn": 19955.43341878743,
      "nativeIn": 13556.401294316316,
      "nativeOut": 13556.401294316316,
      "nativeShareSd": 0,
      "wethBasis": 1.9646286559635093,
      "tokenWeth": {
        "0x04acaf8d2865c0714f79da09645c13fd2888977f": 1.9646286559635093
      },
      "tokenSd": {
        "0x04acaf8d2865c0714f79da09645c13fd2888977f": 19955.43341878743
      }
    },
    {
      "tx": "0xa62acaf497b20c9db319a111a82cefde4ee68138555e3a98140011167edf5008",
      "wethIn": 1.9527362563779063,
      "wethOut": 1.951772181048141,
      "sdIn": 20306.885155662658,
      "nativeIn": 13695.634041935891,
      "nativeOut": 13700.145460100186,
      "nativeShareSd": 4.51141816429481,
      "wethBasis": 1.9527362563779063,
      "tokenWeth": {
        "0x04acaf8d2865c0714f79da09645c13fd2888977f": 1.9527362563779065
      },
      "tokenSd": {
        "0xd533a949740bb3306d119cc777fa900ba034cd52": 4.51141816429481,
        "0x04acaf8d2865c0714f79da09645c13fd2888977f": 20302.37373749836
      }
    },
    {
      "tx": "0x24ef17f286a1ceca5eb0f68ff18fae594d7b82b1bd1e29325eff282d7799d1dc",
      "wethIn": 1.8409178784211462,
      "wethOut": 1.840916878421146,
      "sdIn": 19162.798276186782,
      "nativeIn": 12925.779485835754,
      "nativeOut": 12933.48832569669,
      "nativeShareSd": 7.708839860935768,
      "wethBasis": 1.8409178784211462,
      "tokenWeth": {
        "0x865377367054516e17014ccded1e7d814edc9ce4": 1.8409178784211462
      },
      "tokenSd": {
        "0xd533a949740bb3306d119cc777fa900ba034cd52": 7.708839860935768,
        "0x865377367054516e17014ccded1e7d814edc9ce4": 19155.08943632585
      }
    },
    {
      "tx": "0x13643d839e77dfacb272217253827e6d80ee00e6298b5915ee574e249f6731a1",
      "wethIn": 1.8510542517699877,
      "wethOut": 1.8511688529900505,
      "sdIn": 19354.99639259092,
      "nativeIn": 13077.753655703093,
      "nativeOut": 13077.753655703093,
      "nativeShareSd": 0,
      "wethBasis": 1.8510542517699877,
      "tokenWeth": {
        "0x865377367054516e17014ccded1e7d814edc9ce4": 1.851054251769988
      },
      "tokenSd": {
        "0x865377367054516e17014ccded1e7d814edc9ce4": 19354.996392590925
      }
    },
    {
      "tx": "0x5cf97a5f174e5378a5ebf0d31b230cdb93f3b74f10563f397b382c82777d13da",
      "wethIn": 1.7019765750504472,
      "wethOut": 1.701975575050447,
      "sdIn": 17694.584717546088,
      "nativeIn": 12084.618072024807,
      "nativeOut": 12084.618072024808,
      "nativeShareSd": 1.8189894035458565e-12,