Gauge Name;Gauge Address;Reward Token;Reward Address;Reward Amount;Reward sd Value;Share % per Protocol
alUSD+fxUSD;0x9c7003bC16F2A1AA47451C858FEe6480B755363e;ALCX;0xdBdb4d16EdA451D0503b854CF79D55697F90c8DF;7.364198;2.124815;3.09
USDaf+fxUSD+BOLD+USDC;0xE534E5e86382d64133ecd6b7f717C69BEC8B40CA;USDaf;0x9Cf12ccd6020b6888e4D4C4e4c7AcA33c1eB91f8;93.960689;2.889477;4.20
msUSD+fxUSD;0x2122a2bee97545595550b85379AC7676Fd21a5B4;USDC;0xA0b86991c6218b36c1d19D4a2e9Eb0cE3606eB48;738.047040;22.908952;33.32
fxUSD Stability Pool V2.0 (Rewards FXN);0x215D87bd3c7482E2348338815E059DE07Daf798A;WETH;0xC02aaA39b223FE8D0A0e5C4F27eAD9083C756Cc2;0.436265;40.820993;59.38