Gauge Name;Gauge Address;Reward Token;Reward Address;Reward Amount;Reward sd Value;Share % per Protocol
B-sdBAL-STABLE;0xDc2Df969EE5E66236B950F5c4c5f8aBe62035df2;SDT;0x73968b9a57c6E53d41345FD57a6E6ae27d6CDB2F;1238.323880;71.088418;3.39
50wstETH-50ACX;0xf7b0751fea697cf1a541a5f57d11058a8fb794ee;USDC;0xa0b86991c6218b36c1d19d4a2e9eb0ce3606eb48;14227.447803;1474.746816;70.34
wstETH-WETH-BPT;0x5c0f23a5c1be65fa710d385814a7fd1bda480b1c;USDC;0xa0b86991c6218b36c1d19d4a2e9eb0ce3606eb48;3151.364574;326.654853;15.58
bb-WETH-wstETH;0xf8c85bd74fee26831336b51a90587145391a27ba;USDC;0xa0b86991c6218b36c1d19d4a2e9eb0ce3606eb48;2163.177017;224.224222;10.69