Gauge Name;Gauge Address;Reward Token;Reward Address;Reward Amount;Reward sd Value;Share % per Protocol
zunETH+pxETH ;0xf792934842e86f964bDF19A439797a6e3c9fE17B;ZUN;0x6b5204B0Be36771253Cc38e88012E02B752f0f36;11222.582690;418.856479;0.28
DOLA+sUSDe ;0x8f5e52BE9B7BDe850BA13e40284F63f14677058f;INV;0x41D5D79431A913C4aE7d69a668ecdfE5fF9DFB68;419.720690;25585.962710;17.40
DOLA+sUSDS ;0x8B0aBcFC78a5c14520682FCD76A0E52B71126079;INV;0x41D5D79431A913C4aE7d69a668ecdfE5fF9DFB68;312.897746;19074.089638;12.97
lend-crvUSD;0x30e06CADFbC54d61B7821dC1e58026bf3435d2Fe;INV;0x41D5D79431A913C4aE7d69a668ecdfE5fF9DFB68;65.350027;3983.704846;2.71
ETH+OETH ;0xd03BE91b1932715709e18021734fcB91BB431715;OGN;0x8207c1FfC5B6804F6024322CcF34F29c3541Ae26;61568.169958;10373.164131;7.06
CVX1+cvgCVX ;0xeE624fCbb0C197E41ffc58999e6D35b9B893533E;crvUSD;0xf939E0A03FB07F59A73314E73794Be0E57ac1b4E;367.922377;493.943659;0.34
DOLA+crvUSD ;0xEcAD6745058377744c09747b2715c0170B5699e5;INV;0x41D5D79431A913C4aE7d69a668ecdfE5fF9DFB68;22.214121;1354.161658;0.92
cbBTC+WBTC ;0xc62B10c61BF060eBf40A60859dCDbeA025Fc7e2e;USDC;0xA0b86991c6218b36c1d19D4a2e9Eb0cE3606eB48;964.007904;1356.174578;0.92
CVX+afCVX ;0x9755e37A291a37d8a0AB0828699A59b445477514;CVX;0x4e3FBD56CD56c3e72c1403e103b45Db9da5B9D2B;297.733666;2157.470876;1.47
sDOLA+alUSD ;0x19f9266f349158b54a6D95dCe79297DF670f7F14;ALCX;0xdBdb4d16EdA451D0503b854CF79D55697F90c8DF;294.163080;8005.169857;5.45
sDOLA+alUSD ;0x19f9266f349158b54a6D95dCe79297DF670f7F14;USDC;0xA0b86991c6218b36c1d19D4a2e9Eb0cE3606eB48;5510.785342;7752.620028;5.27
MIM+3Crv ;0xd8b712d29381748dB89c36BCa0138d7c75866ddF;SPELL;0x090185f2135308BaD17527004364eBcC2D37e5F6;29438890.710897;31794.963311;21.63
USDC+WETH+INV ;0x4Fc86cd0F9b650280Fa783e3116258e0E0496A2c;INV;0x41D5D79431A913C4aE7d69a668ecdfE5fF9DFB68;26.615555;1622.470858;1.10
DOLA+scrvUSD ;0xd51E1Eee15eF7dc924AAA8B82ff2D2E73408F58c;INV;0x41D5D79431A913C4aE7d69a668ecdfE5fF9DFB68;330.076100;20121.273433;13.69
alETH+pxETH ;0x4C5a449c6B81b800938EFCCDB41970e9CF9eC478;ALCX;0xdBdb4d16EdA451D0503b854CF79D55697F90c8DF;76.417166;2079.568899;1.41
GHO+cbBTC+WETH ;0x1E4B83f6bFE9dbeB6d5b92a5237E5c18a44176f4;GHO;0x40D16FC0246aD3160Ccc09B8D0D3A2cD28aE6C2f;2100.520250;2944.820905;2.00
COIL+FRAXBP ;0x06B30D5F2341C2FB3F6B48b109685997022Bd272;USDC;0xA0b86991c6218b36c1d19D4a2e9Eb0cE3606eB48;5610.125988;7892.373300;5.37