{
  "protocol": "fxn",
  "period": 1772064000,
  "aggregator": "0x0000000a3Fc396B89e4c11841B39D9dff85a5D05",
  "totals": {
    "sdInTotal": 65.71090827258553,
    "sdAssigned": 65.71090827258553,
    "wethInTotal": 0.5237627542901722,
    "wethOutTotal": 0.5218078401857398
  },
  "dropped": {
    "tokensNotSwapped": [],
    "wethNotSwapped": false
  },
  "perToken": {
    "0xdbdb4d16eda451d0503b854cf79d55697f90c8df": {
      "mappedWeth": 0.11425489148373176,
      "sd": 14.352800373372242
    },
    "0x8207c1ffc5b6804f6024322ccf34f29c3541ae26": {
      "mappedWeth": 0.0693289908379874,
      "sd": 8.709169057559947
    },
    "0xa0b86991c6218b36c1d19d4a2e9eb0ce3606eb48": {
      "mappedWeth": 0.058823180685425025,
      "sd": 7.304788420991158
    },
    "0x5de8ab7e27f6e7a1fff3e5b337584aa43961beef": {
      "mappedWeth": 0.28135569128302795,
      "sd": 35.344150420662174
    }
  },
  "txs": [
    {
      "tx": "0x1f6177ef64972589709cf5bab3bc796ac6d608f75d26d62c235e71bb6051ad07",
      "wethIn": 0.46493957360474714,
      "wethOut": 0.4629674034004117,
      "sdIn": 58.40610807860759,
      "nativeIn": 54.65481337027148,
      "nativeOut": 54.660279398211294,
      "nativeShareSd": 0.005466027939817764,
      "wethBasis": 0.46493957360474714,
      "tokenWeth": {
        "0x8207c1ffc5b6804f6024322ccf34f29c3541ae26": 0.0693289908379874,
        "0xdbdb4d16eda451d0503b854cf79d55697f90c8df": 0.11425489148373176,
        "0x5de8ab7e27f6e7a1fff3e5b337584aa43961beef": 0.28135569128302795
      },
      "tokenSd": {
        "0x365accfca291e7d3914637abf1f7635db165bb09": 0.005466027939817764,
        "0x8207c1ffc5b6804f6024322ccf34f29c3541ae26": 8.708352240855557,
        "0xdbdb4d16eda451d0503b854cf79d55697f90c8df": 14.351454251024373,
        "0x5de8ab7e27f6e7a1fff3e5b337584aa43961beef": 35.34083555878784
      }
    },
    {
      "tx": "0x727a4595991e1374fa4480017287dd5a0e63f06e90d2f229cd927fd2b0e4afdc",
      "wethIn": 0.058823180685425025,
      "wethOut": 0.058840436785328104,
      "sdIn": 7.3048001939779335,
      "nativeIn": 6.968057659367614,
      "nativeOut": 6.9687545348210955,
      "nativeShareSd": 0.0006968754534817378,
      "wethBasis": 0.058823180685425025,
      "tokenWeth": {
        "0xa0b86991c6218b36c1d19d4a2e9eb0ce3606eb48": 0.058823180685425025
      },
      "tokenSd": {
        "0x365accfca291e7d3914637abf1f7635db165bb09": 0.0006968754534817378,
        "0xa0b86991c6218b36c1d19d4a2e9eb0ce3606eb48": 7.304103318524452
      }
    }
  ]
}