Gauge Name;Gauge Address;Reward Token;Reward Address;Reward Amount;Reward sd Value;Share % per Protocol
B-KAI-WETH-WEIGHTED;0x80CD37A62A8A58C4Cbf64003410c5cCC4d01519f;USDC;0xA0b86991c6218b36c1d19D4a2e9Eb0cE3606eB48;248.484124;76.599703;3.91
B-sdBAL-STABLE;0xDc2Df969EE5E66236B950F5c4c5f8aBe62035df2;SDT;0x73968b9a57c6E53d41345FD57a6E6ae27d6CDB2F;2412.207631;169.812091;8.66
50WETH-50AURA;0x275df57d2b23d53e20322b4bb71bf1dcb21d0a00;AURA;0xc0c293ce456ff0ed870add98a0828dd4d2903dbf;2636.465732;126.555255;6.45
B-auraBAL-STABLE;0x0312aa8d0ba4a1969fddb382235870bf55f7f242;AURA;0xc0c293ce456ff0ed870add98a0828dd4d2903dbf;3666.990743;176.022370;8.98
maticX-WMATIC-BPT;0x9965713498c74aee49cef80b2195461f188f24f8;USDC;0xa0b86991c6218b36c1d19d4a2e9eb0ce3606eb48;277.590665;85.572318;4.36
rETH-WETH-BPT;0xd75026f8723b94d9a360a282080492d905c6a558;USDC;0xa0b86991c6218b36c1d19d4a2e9eb0ce3606eb48;162.650152;50.139836;2.56
bb-WETH-wstETH;0xf8c85bd74fee26831336b51a90587145391a27ba;USDC;0xa0b86991c6218b36c1d19d4a2e9eb0ce3606eb48;743.156016;229.091215;11.68
sUSDX/USDX;0x0d1b58fb1fc10f2160178de1eae2d520335ee372;USDC;0xa0b86991c6218b36c1d19d4a2e9eb0ce3606eb48;95.337893;29.389621;1.50
rETH/wETH BPT;0xf8a95653cc7ee59afa2304dcc518c431a15c292c;USDC;0xa0b86991c6218b36c1d19d4a2e9eb0ce3606eb48;199.693232;61.559032;3.14
RDNT-WETH;0x8135d6abfd42707a87a7b94c5cfa3529f9b432ad;USDC;0xa0b86991c6218b36c1d19d4a2e9eb0ce3606eb48;56.368923;17.376735;0.89
sAVAX-WAVAX-BPT;0x1e916950a659da9813ee34479bff04c732e03deb;USDC;0xa0b86991c6218b36c1d19d4a2e9eb0ce3606eb48;646.275757;199.226132;10.16
B-rETH-STABLE;0x79ef6103a513951a3b25743db509e267685726b7;USDC;0xa0b86991c6218b36c1d19d4a2e9eb0ce3606eb48;1137.419688;350.630086;17.88
50wstETH-50ACX;0xf7b0751fea697cf1a541a5f57d11058a8fb794ee;USDC;0xa0b86991c6218b36c1d19d4a2e9eb0ce3606eb48;312.397834;96.302254;4.91
wstETH-rETH-sfrxETH-BPT;0x0021e01b9fab840567a8291b864ff783894eabc6;USDC;0xa0b86991c6218b36c1d19d4a2e9eb0ce3606eb48;41.932491;12.926445;0.66
weETH/ezETH/rswETH;0x253ed65fff980aee7e94a0dc57be304426048b35;USDC;0xa0b86991c6218b36c1d19d4a2e9eb0ce3606eb48;532.908684;164.278692;8.38
wstETH-WETH-BPT;0x5c0f23a5c1be65fa710d385814a7fd1bda480b1c;USDC;0xa0b86991c6218b36c1d19d4a2e9eb0ce3606eb48;374.498354;115.445857;5.89