{"sdcrv.eth":19.9225895881725,"sdbal.eth":33.569787140943205,"sdfxs.eth":2.173493514567455,"sdpendle.eth":10.259377272087448,"sdcake.eth":4.958160566643615,"sdfxn.eth":20.07777575085494,"sdapw.eth":0}