{
  "rewardValueUSD": 5687.650041498775,
  "usdPerAURA": 0.00023787381292264428,
  "totalVotingPower": 26356882.828953493,
  "delegationVotingPower": 23910366.473792467,
  "delegationShare": 0.9071773255191814,
  "timestamp": 1775692800,
  "sdtUsdPerAURA": 0,
  "sdtAmount": "0"
}