{
  "protocol": "curve",
  "period": 1780531200,
  "aggregator": "0xDBd24b092f686b12650EC1450e3A7138F714506c",
  "totals": {
    "sdInTotal": 319100.0040574982,
    "sdAssigned": 319100.0040574982,
    "wethInTotal": 22.203710889612427,
    "wethOutTotal": 22.20500064468071
  },
  "dropped": {
    "tokensNotSwapped": [
      "0xe5020a6d073a794b6e7f05678707de47986fb0b6"
    ],
    "wethNotSwapped": false
  },
  "perToken": {
    "0xdd468a1ddc392dcdbef6db6e34e89aa338f9f186": {
      "mappedWeth": 0.2909842683567994,
      "sd": 4025.162449675605
    },
    "0xa0b86991c6218b36c1d19d4a2e9eb0ce3606eb48": {
      "mappedWeth": 6.267724321336658,
      "sd": 89328.92919733912
    },
    "0x04acaf8d2865c0714f79da09645c13fd2888977f": {
      "mappedWeth": 4.154143136243533,
      "sd": 59184.162044701276
    },
    "0xf4c13d631450de6b12a19829e37c8e2826891dc4": {
      "mappedWeth": 0.0681778945290412,
      "sd": 958.4833036192301
    },
    "0x741bd193b6b40f8703d2e116fd1965421f290f58": {
      "mappedWeth": 0.06007728797470042,
      "sd": 844.6004067483558
    },
    "0x01791f726b4103694969820be083196cc7c045ff": {
      "mappedWeth": 0.5188300042007756,
      "sd": 7176.934555490376
    },
    "0x090185f2135308bad17527004364ebcc2d37e5f6": {
      "mappedWeth": 2.058351709764718,
      "sd": 27972.357786575867
    },
    "0x4e3fbd56cd56c3e72c1403e103b45db9da5b9d2b": {
      "mappedWeth": 0.2500729279072941,
      "sd": 3459.2391017462846
    },
    "0x865377367054516e17014ccded1e7d814edc9ce4": {
      "mappedWeth": 7.875142284947334,
      "sd": 117178.12724525962
    },
    "0x501ebf66d76a96d4fb26ccead42957653e16b8b8": {
      "mappedWeth": 0.6602070543515742,
      "sd": 8972.007966342411
    },
    "0xe5020a6d073a794b6e7f05678707de47986fb0b6": {
      "mappedWeth": 0,
      "sd": 0
    }
  },
  "txs": [
    {
      "tx": "0x744b936b831e2a12216f7304e95ef2d0a32a4faccb0707ebe0e3334f7acdf5f3",
      "wethIn": 2.430395852375396,
      "wethOut": 2.431896555719654,
      "sdIn": 36677.8758915423,
      "nativeIn": 22253.326236105408,
      "nativeOut": 22256.04448091737,
      "nativeShareSd": 2.718244811963814,
      "wethBasis": 2.430395852375396,
      "tokenWeth": {
        "0x865377367054516e17014ccded1e7d814edc9ce4": 2.430395852375396
      },
      "tokenSd": {
        "0xd533a949740bb3306d119cc777fa900ba034cd52": 2.718244811963814,
        "0x865377367054516e17014ccded1e7d814edc9ce4": 36675.15764673034
      }
    },
    {
      "tx": "0x87d619d0e0dcb11bbd9552c52dfe235f0b143976510627b86696f785c6603bca",
      "wethIn": 2.89922342152154,
      "wethOut": 2.896306658157758,
      "sdIn": 43495.56785968355,
      "nativeIn": 26633.724661628123,
      "nativeOut": 26633.724661628123,
      "nativeShareSd": 0,
      "wethBasis": 2.89922342152154,
      "tokenWeth": {
        "0x865377367054516e17014ccded1e7d814edc9ce4": 2.89922342152154
      },
      "tokenSd": {
        "0x865377367054516e17014ccded1e7d814edc9ce4": 43495.56785968355
      }
    },
    {
      "tx": "0xc3c369b47539c319ffd67a031b1cf247319c5ce7b8365e6a0cb0c541844e4d13",
      "wethIn": 2.545523011050397,
      "wethOut": 2.5429774880393463,
      "sdIn": 37006.40356011679,
      "nativeIn": 22927.32836358832,
      "nativeOut": 22927.32836358832,
      "nativeShareSd": 0,
      "wethBasis": 2.545523011050397,
      "tokenWeth": {
        "0x865377367054516e17014ccded1e7d814edc9ce4": 2.545523011050397
      },
      "tokenSd": {
        "0x865377367054516e17014ccded1e7d814edc9ce4": 37006.40356011679
      }
    },
    {
      "tx": "0xfd41386bbaa559b16968bb872c1e923009b4714b1da5926831a0e21c7894134c",
      "wethIn": 2.0902678584106775,
      "wethOut": 2.0893741263643615,
      "sdIn": 29314.759550899358,
      "nativeIn": 18277.945716881964,
      "nativeOut": 18277.945716881964,
      "nativeShareSd": 0,
      "wethBasis": 2.0902678584106775,
      "tokenWeth": {
        "0xa0b86991c6218b36c1d19d4a2e9eb0ce3606eb48": 2.0902678584106775
      },
      "tokenSd": {
        "0xa0b86991c6218b36c1d19d4a2e9eb0ce3606eb48": 29314.759550899358
      }
    },
    {
      "tx": "0x90831487ba980b3ff34085b2736daa26677d8e9e4dc61c9b28d571e4ed9b4935",
      "wethIn": 2.2695211201147374,
      "wethOut": 2.266798148674824,
      "sdIn": 32952.027519218886,
      "nativeIn": 19724.56030271712,
      "nativeOut": 19724.56030271712,
      "nativeShareSd": 0,
      "wethBasis": 2.2695211201147374,
      "tokenWeth": {
        "0xa0b86991c6218b36c1d19d4a2e9eb0ce3606eb48": 2.2695211201147374
      },
      "tokenSd": {
        "0xa0b86991c6218b36c1d19d4a2e9eb0ce3606eb48": 32952.027519218886
      }
    },
    {
      "tx": "0x52e22dcededf2e951c526ed1ac3ed7fd5cc99ba439d5a84fa9fabb416c3d9b33",
      "wethIn": 1.9079353428112422,
      "wethOut": 1.9154568357191493,
      "sdIn": 27061.381181137345,
      "nativeIn": 16639.70836181343,
      "nativeOut": 16639.70836181343,
      "nativeShareSd": 0,
      "wethBasis": 1.9079353428112422,
      "tokenWeth": {
        "0xa0b86991c6218b36c1d19d4a2e9eb0ce3606eb48": 1.9079353428112422
      },
      "tokenSd": {
        "0xa0b86991c6218b36c1d19d4a2e9eb0ce3606eb48": 27061.381181137345
      }
    },
    {
      "tx": "0x472a8053f409132dde23b66c895033e87c25a3a3ae54abe1e949489d9a856373",
      "wethIn": 2.151599611814779,
      "wethOut": 2.149018122600524,
      "sdIn": 30844.949329847936,
      "nativeIn": 18621.698896984017,
      "nativeOut": 18621.698896984017,
      "nativeShareSd": 0,
      "wethBasis": 2.151599611814779,
      "tokenWeth": {
        "0x04acaf8d2865c0714f79da09645c13fd2888977f": 2.151599611814779
      },
      "tokenSd": {
        "0x04acaf8d2865c0714f79da09645c13fd2888977f": 30844.949329847936
      }
    },
    {
      "tx": "0xad63d8672e2c30b480d73c9327dc93b8935c4add0efe06702c0a587eb841b55a",
      "wethIn": 2.002543524428755,
      "wethOut": 2.0087315482954295,
      "sdIn": 28338.70855615895,
      "nativeIn": 17295.948406319014,
      "nativeOut": 17295.948406319014,
      "nativeShareSd": 0,
      "wethBasis": 2.002543524428755,
      "tokenWeth": {
        "0x04acaf8d2865c0714f79da09645c13fd2888977f": 2.002543524428755
      },
      "tokenSd": {
        "0x04acaf8d2865c0714f79da09645c13fd2888977f": 28338.70855615895
      }
    },
    {
      "tx": "0x3e69fb7a21ad4c7b8751ecaedd5e8b52a78fe7a68f8d5662a5812b7fac23ead7",
      "wethIn": 2.7185587641162923,
      "wethOut": 2.7160532316828325,
      "sdIn": 36944.05104333112,
      "nativeIn": 22813.660515716107,
      "nativeOut": 22813.660515716107,
      "nativeShareSd": 0,
      "wethBasis": 2.7185587641162923,
      "tokenWeth": {
        "0x090185f2135308bad17527004364ebcc2d37e5f6": 2.058351709764718,
        "0x501ebf66d76a96d4fb26ccead42957653e16b8b8": 0.6602070543515742
      },
      "tokenSd": {
        "0x090185f2135308bad17527004364ebcc2d37e5f6": 27972.11950479754,
        "0x501ebf66d76a96d4fb26ccead42957653e16b8b8": 8971.931538533583
      }
    },
    {
      "tx": "0x5ea55915169b61eabbdb5bba07df3b750acb191d2309491c05d65b52882907ce",
      "wethIn": 1.059887200464869,
      "wethOut": 1.0603723303229797,
      "sdIn": 14661.211214714514,
      "nativeIn": 9094.293915682685,
      "nativeOut": 9094.293915682685,
      "nativeShareSd": 0,
      "wethBasis": 1.059887200464869,
      "tokenWeth": {
        "0xdd468a1ddc392dcdbef6db6e34e89aa338f9f186": 0.2909842683567994,
        "0x01791f726b4103694969820be083196cc7c045ff": 0.5188300042007756,
        "0x4e3fbd56cd56c3e72c1403e103b45db9da5b9d2b": 0.2500729279072941
      },
      "tokenSd": {
        "0xdd468a1ddc392dcdbef6db6e34e89aa338f9f186": 4025.1281614374134,
        "0x01791f726b4103694969820be083196cc7c045ff": 7176.873418966174,
        "0x4e3fbd56cd56c3e72c1403e103b45db9da5b9d2b": 3459.2096343109292
      }
    },
    {
      "tx": "0x8b77e9a97ef31b201e85752425a21c98e7b781f900c7d6434c5c22b17f79b53c",
      "wethIn": 0.12825518250374163,
      "wethOut": 0.1280155991038475,
      "sdIn": 1803.0683508474392,