Gauge Name;Gauge Address;Reward Token;Reward Address;Reward Amount;Reward sd Value;Share % per Protocol
ETH+frxETH ;0x2932a86df44Fe8D2A706d8e9c5d51c24883423F5;FXS;0x3432B6A60D23Ca0dFCa7761B7ab56459D9C964D0;79.400904;620.152038;0.35
crvUSD+zunUSD ;0xB1A829a05E618F7C4f50Cb86f8F64Fb86e42dE5a;ZUN;0x6b5204B0Be36771253Cc38e88012E02B752f0f36;5864.568313;763.843086;0.43
arbi-zunETH+WETH ;0x39D053f054e9e5E5ADA759FBDDCEc904D43e9B7c;ZUN;0x6b5204B0Be36771253Cc38e88012E02B752f0f36;5107.936345;665.293957;0.37
CVX+clevCVX ;0x7970489a543FB237ABab63d62524d8A5CE165B86;CVX;0x4e3FBD56CD56c3e72c1403e103b45Db9da5B9D2B;105.422923;686.773103;0.38
WETH+ZUN ;0xdA22f2De17547E3A5CADcC960EB4e9cfDC52e10A;ZUN;0x6b5204B0Be36771253Cc38e88012E02B752f0f36;23396.493339;3047.325688;1.70
SDT+cvgSDT ;0x63DC752E11D4c9D0f2160DA20EdF2111FECB0a66;crvUSD;0xf939E0A03FB07F59A73314E73794Be0E57ac1b4E;217.277843;792.643755;0.44
arbi-USDe+USDx ;0x99178264ec6b9de40689eE4F2f561cA3885a4BD2;SNX;0xC011a73ee8576Fb46F5E1c5751cA3B9Fe0af2a6F;60.932730;348.805213;0.20
CVX1+cvgCVX ;0xeE624fCbb0C197E41ffc58999e6D35b9B893533E;crvUSD;0xf939E0A03FB07F59A73314E73794Be0E57ac1b4E;380.158311;1386.842336;0.78
MIM+3Crv ;0xd8b712d29381748dB89c36BCa0138d7c75866ddF;SPELL;0x090185f2135308BaD17527004364eBcC2D37e5F6;37480890.145170;78364.746367;43.83
ETH+OETH ;0xd03BE91b1932715709e18021734fcB91BB431715;OGN;0x8207c1FfC5B6804F6024322CcF34F29c3541Ae26;9538.147772;3205.464718;1.79
zunETH+pxETH ;0xf792934842e86f964bDF19A439797a6e3c9fE17B;ZUN;0x6b5204B0Be36771253Cc38e88012E02B752f0f36;4033.991009;525.415679;0.29
CVX1+cvgCVX ;0xeE624fCbb0C197E41ffc58999e6D35b9B893533E;CVG;0x97efFB790f2fbB701D88f89DB4521348A2B77be8;48351.283698;0.000000;0.00
ETH+ETHx ;0x7671299eA7B4bbE4f3fD305A994e6443b4be680E;SD;0x30D20208d987713f46DFD34EF128Bb16C404D10f;2118.859808;7868.262084;4.40
DOLA+FRAXBP ;0xBE266d68Ce3dDFAb366Bb866F4353B6FC42BA43c;INV;0x41D5D79431A913C4aE7d69a668ecdfE5fF9DFB68;236.800560;22048.458562;12.33
DOLA+FRAXPYUSD ;0x4B092818708A721cB187dFACF41f440ADb79044D;INV;0x41D5D79431A913C4aE7d69a668ecdfE5fF9DFB68;449.115517;41817.067019;23.39
DOLA+crvUSD ;0xEcAD6745058377744c09747b2715c0170B5699e5;INV;0x41D5D79431A913C4aE7d69a668ecdfE5fF9DFB68;88.712355;8259.991772;4.62
USDC+WETH+INV ;0x4Fc86cd0F9b650280Fa783e3116258e0E0496A2c;INV;0x41D5D79431A913C4aE7d69a668ecdfE5fF9DFB68;90.047783;8384.333248;4.69