Period;Gauge Name;Gauge Address;Reward Token;Reward Address;Reward Amount;Reward sd Value;Share % per Protocol
1747872000;arbi-USD₮0+EYWA ;0xae0f794bc4cad74739354223b167dbd04a3ac6a5;WETH;0xC02aaA39b223FE8D0A0e5C4F27eAD9083C756Cc2;1.064291;5006.013503;59.23
1747872000;arbi-USDC+EURe ;0x576673a39cca0f0e4333ac0617638acebf15536e;WETH;0xC02aaA39b223FE8D0A0e5C4F27eAD9083C756Cc2;0.395296;1859.321184;22.00
1747872000;base-WETH+superOETHb ;0x9da8420dbeebdfc4902b356017610259ef7eedd8;WETH;0xC02aaA39b223FE8D0A0e5C4F27eAD9083C756Cc2;0.337429;1587.135607;18.78