{
  "rewardValueUSD": 5983.991517291474,
  "usdPerAURA": 0.0004667483123283695,
  "totalVotingPower": 16120140.626792695,
  "delegationVotingPower": 12820595.938398555,
  "delegationShare": 0.7953153905549628,
  "timestamp": 1772668800,
  "sdtUsdPerAURA": 0,
  "sdtAmount": "0"
}