{
  "protocol": "curve",
  "period": 1778112000,
  "aggregator": "0x0000000a3Fc396B89e4c11841B39D9dff85a5D05",
  "totals": {
    "sdInTotal": 282781.37853157654,
    "sdAssigned": 282781.3785315765,
    "wethInTotal": 19.478949137653363,
    "wethOutTotal": 19.47470007875931
  },
  "dropped": {
    "tokensNotSwapped": [
      "0x2a8e1e676ec238d8a992307b495b45b3feaa5e86"
    ],
    "wethNotSwapped": false
  },
  "perToken": {
    "0xa0b86991c6218b36c1d19d4a2e9eb0ce3606eb48": {
      "mappedWeth": 4.996685121055866,
      "sd": 72315.06019276367
    },
    "0x856c4efb76c1d1ae02e20ceb03a2a6a08b0b8dc3": {
      "mappedWeth": 0.08614548543116457,
      "sd": 1261.0840086370208
    },
    "0x2a8e1e676ec238d8a992307b495b45b3feaa5e86": {
      "mappedWeth": 0,
      "sd": 0
    },
    "0xc0c17dd08263c16f6b64e772fb9b723bf1344ddf": {
      "mappedWeth": 7.16938266388859,
      "sd": 106850.59940964487
    },
    "0xf4c13d631450de6b12a19829e37c8e2826891dc4": {
      "mappedWeth": 0.0924125407715034,
      "sd": 1352.8274497632508
    },
    "0x501ebf66d76a96d4fb26ccead42957653e16b8b8": {
      "mappedWeth": 0.10728673489727428,
      "sd": 1537.2801885690535
    },
    "0x04acaf8d2865c0714f79da09645c13fd2888977f": {
      "mappedWeth": 5.911924120568174,
      "sd": 83475.84002258773
    },
    "0x01791f726b4103694969820be083196cc7c045ff": {
      "mappedWeth": 0.7329357751940483,
      "sd": 10502.021967376859
    },
    "0xdac17f958d2ee523a2206206994597c13d831ec7": {
      "mappedWeth": 0.03405587582572785,
      "sd": 498.544064021451
    },
    "0x4e3fbd56cd56c3e72c1403e103b45db9da5b9d2b": {
      "mappedWeth": 0.34812082002101186,
      "sd": 4988.121228212631
    }
  },
  "txs": [
    {
      "tx": "0x075ab4f24823aca2b0d1555a82d5942d9c2d0eacd2cc6ac725d2a545741ccbe4",
      "wethIn": 1.8306127372252134,
      "wethOut": 1.8302456148777684,
      "sdIn": 27967.91178532923,
      "nativeIn": 17338.190342642833,
      "nativeOut": 17338.190342642833,
      "nativeShareSd": 0,
      "wethBasis": 1.8306127372252134,
      "tokenWeth": {
        "0xc0c17dd08263c16f6b64e772fb9b723bf1344ddf": 1.8306127372252134
      },
      "tokenSd": {
        "0xc0c17dd08263c16f6b64e772fb9b723bf1344ddf": 27967.91178532923
      }
    },
    {
      "tx": "0x5b4497c86fc8c2b2b21b631fda8f80293892827fa2b3ddbeff42cecb4cee555c",
      "wethIn": 1.8147529099540356,
      "wethOut": 1.8144075834827091,
      "sdIn": 27382.221673951703,
      "nativeIn": 17148.954603570393,
      "nativeOut": 17148.954603570393,
      "nativeShareSd": 0,
      "wethBasis": 1.8147529099540356,
      "tokenWeth": {
        "0xc0c17dd08263c16f6b64e772fb9b723bf1344ddf": 1.8147529099540358
      },
      "tokenSd": {
        "0xc0c17dd08263c16f6b64e772fb9b723bf1344ddf": 27382.221673951706
      }
    },
    {
      "tx": "0xe8db9828a9c5ad589afcf33c0d965c03cc6766eaa009235ec49707217b8207f3",
      "wethIn": 1.7154427129119856,
      "wethOut": 1.715976862547499,
      "sdIn": 25398.939085054513,
      "nativeIn": 16032.503347339516,
      "nativeOut": 16032.520370385182,
      "nativeShareSd": 0.017023045666064718,
      "wethBasis": 1.7154427129119856,
      "tokenWeth": {
        "0xc0c17dd08263c16f6b64e772fb9b723bf1344ddf": 1.7154427129119856
      },
      "tokenSd": {
        "0xd533a949740bb3306d119cc777fa900ba034cd52": 0.017023045666064718,
        "0xc0c17dd08263c16f6b64e772fb9b723bf1344ddf": 25398.922062008845
      }
    },
    {
      "tx": "0xe80978ea5e14a2c905003f3f900aaec3a194c48f675ade76a2c273345a622797",
      "wethIn": 1.8085743037973556,
      "wethOut": 1.809646102738175,
      "sdIn": 26101.53745609763,
      "nativeIn": 16701.467394558207,
      "nativeOut": 16701.467394558207,
      "nativeShareSd": 0,
      "wethBasis": 1.8085743037973556,
      "tokenWeth": {
        "0xc0c17dd08263c16f6b64e772fb9b723bf1344ddf": 1.8085743037973556
      },
      "tokenSd": {
        "0xc0c17dd08263c16f6b64e772fb9b723bf1344ddf": 26101.53745609763
      }
    },
    {
      "tx": "0x31ac4beb2269580c800f07ad1c125a44336fd04a1051b33bf40a0698ba636a5d",
      "wethIn": 1.868753986835462,
      "wethOut": 1.8683916635157074,
      "sdIn": 26203.946837207222,
      "nativeIn": 16748.687348181767,
      "nativeOut": 16748.687348181767,
      "nativeShareSd": 0,
      "wethBasis": 1.868753986835462,
      "tokenWeth": {
        "0x04acaf8d2865c0714f79da09645c13fd2888977f": 1.868753986835462
      },
      "tokenSd": {
        "0x04acaf8d2865c0714f79da09645c13fd2888977f": 26203.946837207222
      }
    },
    {
      "tx": "0x53ca45ed4739ab6e795efd9ab8ab6d18999d2084e31753f32b6b7e8538d28f55",
      "wethIn": 2.0759497063517136,
      "wethOut": 2.0759487063517135,
      "sdIn": 29014.766104864535,
      "nativeIn": 18545.221444971397,
      "nativeOut": 18545.221444971397,
      "nativeShareSd": 0,
      "wethBasis": 2.0759497063517136,
      "tokenWeth": {
        "0x04acaf8d2865c0714f79da09645c13fd2888977f": 2.0759497063517136
      },
      "tokenSd": {
        "0x04acaf8d2865c0714f79da09645c13fd2888977f": 29014.766104864535
      }
    },
    {
      "tx": "0x3bfd4ebd60fe3b2394ac2ca7a5ad15d9e5e956dacb1f617b47dde544b66a5c29",
      "wethIn": 1.9672204273809986,
      "wethOut": 1.9668259834955224,
      "sdIn": 28257.122055386513,
      "nativeIn": 17633.879005977808,
      "nativeOut": 17633.879005977808,
      "nativeShareSd": 0,
      "wethBasis": 1.9672204273809986,
      "tokenWeth": {
        "0x04acaf8d2865c0714f79da09645c13fd2888977f": 1.9672204273809983,
        "0xc02aaa39b223fe8d0a0e5c4f27ead9083c756cc2": 2.220446049250313e-16
      },
      "tokenSd": {
        "0x04acaf8d2865c0714f79da09645c13fd2888977f": 28257.12205538651,
        "0xc02aaa39b223fe8d0a0e5c4f27ead9083c756cc2": 3.189445074774792e-12
      }
    },
    {
      "tx": "0xbbbbf0336ad805758e7af054805d2a313fc6101f63e9c1b2b0d85f8bb1fefe76",
      "wethIn": 1.8000534733025775,
      "wethOut": 1.7997215152692176,
      "sdIn": 25781.001980481193,
      "nativeIn": 16394.302450796935,
      "nativeOut": 16394.302450796935,
      "nativeShareSd": 0,
      "wethBasis": 1.8000534733025775,
      "tokenWeth": {
        "0xa0b86991c6218b36c1d19d4a2e9eb0ce3606eb48": 1.8000534733025775
      },
      "tokenSd": {
        "0xa0b86991c6218b36c1d19d4a2e9eb0ce3606eb48": 25781.001980481193
      }
    },
    {
      "tx": "0x563208e1bb835733ba6beefe602957f7f77ac92bc8dae54f7d1c319804b9eb44",
      "wethIn": 1.7310478329155106,
      "wethOut": 1.7307006235489275,
      "sdIn": 25131.042232142307,
      "nativeIn": 15950.50825650321,
      "nativeOut": 15950.50825650321,
      "nativeShareSd": 0,
      "wethBasis": 1.7310478329155106,
      "tokenWeth": {
        "0xa0b86991c6218b36c1d19d4a2e9eb0ce3606eb48": 1.7310478329155106
      },
      "tokenSd": {
        "0xa0b86991c6218b36c1d19d4a2e9eb0ce3606eb48": 25131.042232142307
      }
    },
    {
      "tx": "0x1bd1b46bcf5551a5464a8c105d812627ea00414777a7456a245b82fbb83986ac",
      "wethIn": 1.4655838148377784,
      "wethOut": 1.4655828148377785,
      "sdIn": 21403.011626874144,
      "nativeIn": 13612.345677171867,
      "nativeOut": 13612.345677171867,
      "nativeShareSd": 0,
      "wethBasis": 1.4655838148377784,
      "tokenWeth": {
        "0xa0b86991c6218b36c1d19d4a2e9eb0ce3606eb48": 1.4655838148377784
      },
      "tokenSd": {
        "0xa0b86991c6218b36c1d19d4a2e9eb0ce3606eb48": 21403.011626874144
      }
    },
    {
      "tx": "0x91dc9f259f8c01029efdb7cc449b5986d878f59bfc92ff90cdca313b5621ecad",
      "wethIn": 1.1883433301123345,
      "wethOut": 1.1863905525674974,
      "sdIn": 17027.422359131342,
      "nativeIn": 10894.406906054392,
      "nativeOut": 10894.406906054392,
      "nativeShareSd": 0,
      "wethBasis": 1.1883433301123345,
      "tokenWeth": {
        "0x01791f726b4103694969820be083196cc7c045ff": 0.7329357751940483,
        "0x501ebf66d76a96d4fb26ccead42957653e16b8b8": 0.10728673489727428,