{"sdspectra.eth":32.6264513719781,"sdcrv.eth":19.01962505464762,"sdfxn.eth":13.045706697195088,"sdpendle.eth":0}