{
  "rewardValueUSD": 50710.88512472079,
  "usdPerCVX": 0.01287412857338208,
  "totalVotingPower": 4452716.744105327,
  "delegationVotingPower": 3938976.1284168116,
  "delegationShare": 0.8846231087192725,
  "timestamp": 1759968000,
  "periodStartBlock": 23436335,
  "periodEndBlock": 1759190400
}