Period;Gauge Name;Gauge Address;Reward Token;Reward Address;Reward Amount;Reward sd Value;Share % per Protocol
1782950400;base-WETH+superOETHb ;0x9da8420dbeebdfc4902b356017610259ef7eedd8;WETH;0xC02aaA39b223FE8D0A0e5C4F27eAD9083C756Cc2;0.331089;4795.496424;77.67
1782950400;sdUSD+frxUSD ;0x1211b5cb09ba1ada8f11de757d5a13c5ca407162;WETH;0xC02aaA39b223FE8D0A0e5C4F27eAD9083C756Cc2;0.095181;1378.608133;22.33