{
  "protocol": "curve",
  "period": 1782950400,
  "aggregator": "0xDBd24b092f686b12650EC1450e3A7138F714506c",
  "totals": {
    "sdInTotal": 301834.2847673814,
    "sdAssigned": 301834.2847673813,
    "wethInTotal": 20.327263271733973,
    "wethOutTotal": 20.31506964260389
  },
  "dropped": {
    "tokensNotSwapped": [
      "0x833589fcd6edb6e08f4c7c32d4f71b54bda02913",
      "0xe5020a6d073a794b6e7f05678707de47986fb0b6"
    ],
    "wethNotSwapped": false
  },
  "perToken": {
    "0x833589fcd6edb6e08f4c7c32d4f71b54bda02913": {
      "mappedWeth": 0,
      "sd": 0
    },
    "0xe5020a6d073a794b6e7f05678707de47986fb0b6": {
      "mappedWeth": 0,
      "sd": 0
    },
    "0x04acaf8d2865c0714f79da09645c13fd2888977f": {
      "mappedWeth": 3.206965193413837,
      "sd": 45656.3318700593
    },
    "0xa0b86991c6218b36c1d19d4a2e9eb0ce3606eb48": {
      "mappedWeth": 8.905763961374921,
      "sd": 123816.26629019529
    },
    "0xf4c13d631450de6b12a19829e37c8e2826891dc4": {
      "mappedWeth": 0.12222088031415201,
      "sd": 1824.1177090346002
    },
    "0x01791f726b4103694969820be083196cc7c045ff": {
      "mappedWeth": 0.2971702296599227,
      "sd": 5526.1815651476245
    },
    "0x090185f2135308bad17527004364ebcc2d37e5f6": {
      "mappedWeth": 0.1739731592470523,
      "sd": 2596.5082223556765
    },
    "0x4e3fbd56cd56c3e72c1403e103b45db9da5b9d2b": {
      "mappedWeth": 0.1534453608841936,
      "sd": 2290.135690715138
    },
    "0x865377367054516e17014ccded1e7d814edc9ce4": {
      "mappedWeth": 6.198310685904784,
      "sd": 87825.8134288344
    },
    "0x2a8e1e676ec238d8a992307b495b45b3feaa5e86": {
      "mappedWeth": 0.07072035999046387,
      "sd": 1037.0556866721643
    },
    "0x501ebf66d76a96d4fb26ccead42957653e16b8b8": {
      "mappedWeth": 1.1986934409446417,
      "sd": 22290.919259282087
    },
    "0xd533a949740bb3306d119cc777fa900ba034cd52": {
      "mappedWeth": 0,
      "sd": 8970.955045085031
    }
  },
  "txs": [
    {
      "tx": "0x7e51f216d425bdd846c330063c256444352776b5753c84af3db69c887be1da1c",
      "wethIn": 2.199265083359157,
      "wethOut": 2.1975778323774318,
      "sdIn": 30603.703194818998,
      "nativeIn": 18121.120598431382,
      "nativeOut": 18121.120598431382,
      "nativeShareSd": 0,
      "wethBasis": 2.199265083359157,
      "tokenWeth": {
        "0xa0b86991c6218b36c1d19d4a2e9eb0ce3606eb48": 2.199265083359157
      },
      "tokenSd": {
        "0xa0b86991c6218b36c1d19d4a2e9eb0ce3606eb48": 30603.703194818998
      }
    },
    {
      "tx": "0x5a224ee16331011ae76f26d44577031bd9195e10bc06d3d07a8a8aee2b212ec1",
      "wethIn": 2.3952561317578485,
      "wethOut": 2.3965353613477003,
      "sdIn": 32669.064856607318,
      "nativeIn": 19575.671220578286,
      "nativeOut": 19575.671220578286,
      "nativeShareSd": 0,
      "wethBasis": 2.3952561317578485,
      "tokenWeth": {
        "0xa0b86991c6218b36c1d19d4a2e9eb0ce3606eb48": 2.3952561317578485
      },
      "tokenSd": {
        "0xa0b86991c6218b36c1d19d4a2e9eb0ce3606eb48": 32669.064856607318
      }
    },
    {
      "tx": "0xf4e11ac35dee7b677c6a8c68313d3c944a5644e4d38f0dd723f80eca923cb600",
      "wethIn": 2.3912332447036184,
      "wethOut": 2.3898801407391,
      "sdIn": 33089.05578630851,
      "nativeIn": 19677.83290938787,
      "nativeOut": 19677.83290938787,
      "nativeShareSd": 0,
      "wethBasis": 2.3912332447036184,
      "tokenWeth": {
        "0xa0b86991c6218b36c1d19d4a2e9eb0ce3606eb48": 2.391233244703618,
        "0xc02aaa39b223fe8d0a0e5c4f27ead9083c756cc2": 4.440892098500626e-16
      },
      "tokenSd": {
        "0xa0b86991c6218b36c1d19d4a2e9eb0ce3606eb48": 33089.055786308505,
        "0xc02aaa39b223fe8d0a0e5c4f27ead9083c756cc2": 6.145152369127295e-12
      }
    },
    {
      "tx": "0x95626012debe7b7d96f9e935600982cefee17ef31805ea1c7cbd1357c54cb45c",
      "wethIn": 1.920009501554298,
      "wethOut": 1.9182186765874134,
      "sdIn": 27454.442452460476,
      "nativeIn": 15947.031579038656,
      "nativeOut": 15947.031579038656,
      "nativeShareSd": 0,
      "wethBasis": 1.920009501554298,
      "tokenWeth": {
        "0xa0b86991c6218b36c1d19d4a2e9eb0ce3606eb48": 1.920009501554298
      },
      "tokenSd": {
        "0xa0b86991c6218b36c1d19d4a2e9eb0ce3606eb48": 27454.442452460476
      }
    },
    {
      "tx": "0x93d3bdc096d3f7e95b3b3e45930a4c183481a42eb6ba48aaa25a31c3e7fd05dd",
      "wethIn": 2.2632975840073493,
      "wethOut": 2.260578761203082,
      "sdIn": 31720.711868193925,
      "nativeIn": 18931.227407896462,
      "nativeOut": 18931.227407896462,
      "nativeShareSd": 0,
      "wethBasis": 2.2632975840073493,
      "tokenWeth": {
        "0x865377367054516e17014ccded1e7d814edc9ce4": 2.2632975840073493
      },
      "tokenSd": {
        "0x865377367054516e17014ccded1e7d814edc9ce4": 31720.711868193925
      }
    },
    {
      "tx": "0x7cba756878c1e373e06f3b0b8ccbf91ec54c92a897398c23701a283b38d8221a",
      "wethIn": 1.9655242099711945,
      "wethOut": 1.9635839435614362,
      "sdIn": 28409.07749007556,
      "nativeIn": 16411.974945182024,
      "nativeOut": 16411.974945182024,
      "nativeShareSd": 0,
      "wethBasis": 1.9655242099711945,
      "tokenWeth": {
        "0x865377367054516e17014ccded1e7d814edc9ce4": 1.9655242099711943,
        "0xc02aaa39b223fe8d0a0e5c4f27ead9083c756cc2": 2.220446049250313e-16
      },
      "tokenSd": {
        "0x865377367054516e17014ccded1e7d814edc9ce4": 28409.077490075557,
        "0xc02aaa39b223fe8d0a0e5c4f27ead9083c756cc2": 3.2093638712600113e-12
      }
    },
    {
      "tx": "0xf233e03ea7a50735a01a5da162c27bd9b6575f5275402206039d8c655fd821a5",
      "wethIn": 1.9694888919262408,
      "wethOut": 1.967125128383669,
      "sdIn": 27696.024070564923,
      "nativeIn": 16361.145001050312,
      "nativeOut": 16361.145001050312,
      "nativeShareSd": 0,
      "wethBasis": 1.9694888919262408,
      "tokenWeth": {
        "0x865377367054516e17014ccded1e7d814edc9ce4": 1.9694888919262408
      },
      "tokenSd": {
        "0x865377367054516e17014ccded1e7d814edc9ce4": 27696.024070564923
      }
    },
    {
      "tx": "0x2531fed801b8a27a4db61e7949af87da0a00de695fef30e622996ccdea6fcd66",
      "wethIn": 1.5457761936122074,
      "wethOut": 1.5443801090748035,
      "sdIn": 21992.84571210498,
      "nativeIn": 13081.603542011622,
      "nativeOut": 13081.603542011622,
      "nativeShareSd": 0,
      "wethBasis": 1.5457761936122074,
      "tokenWeth": {
        "0x04acaf8d2865c0714f79da09645c13fd2888977f": 1.5457761936122074
      },
      "tokenSd": {
        "0x04acaf8d2865c0714f79da09645c13fd2888977f": 21992.84571210498
      }
    },
    {
      "tx": "0xd94928987dc3571080d55ff9aab5011e804389ba03975a8ec460c510622eb390",
      "wethIn": 1.6611889998016294,
      "wethOut": 1.6592093520057887,
      "sdIn": 23663.486157954314,
      "nativeIn": 14149.8787918902,
      "nativeOut": 14149.8787918902,
      "nativeShareSd": 0,
      "wethBasis": 1.6611889998016294,
      "tokenWeth": {
        "0x04acaf8d2865c0714f79da09645c13fd2888977f": 1.6611889998016294
      },
      "tokenSd": {
        "0x04acaf8d2865c0714f79da09645c13fd2888977f": 23663.486157954314
      }
    },
    {
      "tx": "0x00585b6cb413416f46f9639f6536b7dc1347df4896638946521cfaab7322534c",
      "wethIn": 1.4958636706045647,
      "wethOut": 1.4967803534589947,
      "sdIn": 36788.05586951475,
      "nativeIn": 12704.977980025307,
      "nativeOut": 21675.93302511034,
      "nativeShareSd": 8970.955045085031,
      "wethBasis": 1.4958636706045647,
      "tokenWeth": {
        "0x01791f726b4103694969820be083196cc7c045ff": 0.2971702296599227,
        "0x501ebf66d76a96d4fb26ccead42957653e16b8b8": 1.1986934409446417,
        "0xc02aaa39b223fe8d0a0e5c4f27ead9083c756cc2": 4.440892098500626e-16
      },
      "tokenSd": {
        "0xd533a949740bb3306d119cc777fa900ba034cd52": 8970.955045085031,
        "0x01791f726b4103694969820be083196cc7c045ff": 5526.1815651476245,