{
  "protocol": "curve",
  "period": 1770854400,
  "aggregator": "0x0000000a3Fc396B89e4c11841B39D9dff85a5D05",
  "totals": {
    "sdInTotal": 282911.4488090089,
    "sdAssigned": 282911.4488090089,
    "wethInTotal": 24.753332955385726,
    "wethOutTotal": 24.755118266379903
  },
  "dropped": {
    "tokensNotSwapped": [
      "0x8ee73c484a26e0a5df2ee2a4960b789967dd0415",
      "0x833589fcd6edb6e08f4c7c32d4f71b54bda02913"
    ],
    "wethNotSwapped": false
  },
  "perToken": {
    "0x8ee73c484a26e0a5df2ee2a4960b789967dd0415": {
      "mappedWeth": 0,
      "sd": 0
    },
    "0x833589fcd6edb6e08f4c7c32d4f71b54bda02913": {
      "mappedWeth": 0,
      "sd": 0
    },
    "0xdd468a1ddc392dcdbef6db6e34e89aa338f9f186": {
      "mappedWeth": 1.1165571896767714,
      "sd": 12607.352685044436
    },
    "0xa0b86991c6218b36c1d19d4a2e9eb0ce3606eb48": {
      "mappedWeth": 3.6363681724945764,
      "sd": 41725.7277741567
    },
    "0x73968b9a57c6e53d41345fd57a6e6ae27d6cdb2f": {
      "mappedWeth": 0.055833989755482906,
      "sd": 602.428965887012
    },
    "0x24a3d725c37a8d1a66eb87f0e5d07fe67c120035": {
      "mappedWeth": 1.02740585294899,
      "sd": 11250.22437298399
    },
    "0x8207c1ffc5b6804f6024322ccf34f29c3541ae26": {
      "mappedWeth": 1.8579556320226747,
      "sd": 20978.68532184671
    },
    "0x04acaf8d2865c0714f79da09645c13fd2888977f": {
      "mappedWeth": 2.933721345183431,
      "sd": 32947.215110987825
    },
    "0x2a8e1e676ec238d8a992307b495b45b3feaa5e86": {
      "mappedWeth": 0.07407633454950797,
      "sd": 808.5373328286261
    },
    "0x419905009e4656fdc02418c7df35b1e61ed5f726": {
      "mappedWeth": 0.6254278655695713,
      "sd": 6848.514437189495
    },
    "0x01791f726b4103694969820be083196cc7c045ff": {
      "mappedWeth": 1.6411748775450294,
      "sd": 18677.981531644116
    },
    "0xc0c17dd08263c16f6b64e772fb9b723bf1344ddf": {
      "mappedWeth": 11.220619954867932,
      "sd": 130297.57699633064
    },
    "0xdac17f958d2ee523a2206206994597c13d831ec7": {
      "mappedWeth": 0.2583672733232687,
      "sd": 2829.1544059046437
    },
    "0xf939e0a03fb07f59a73314e73794be0e57ac1b4e": {
      "mappedWeth": 0.10219549873055662,
      "sd": 1115.4557858889673
    },
    "0x4e3fbd56cd56c3e72c1403e103b45db9da5b9d2b": {
      "mappedWeth": 0.2036289687179317,
      "sd": 2222.5940883158046
    }
  },
  "txs": [
    {
      "tx": "0x3f281bff5354f004f8c107699b4117400b472e0d879ddfd1402e79bd1df43f0a",
      "wethIn": 2.482440865658438,
      "wethOut": 2.4824398656584377,
      "sdIn": 28562.24148235576,
      "nativeIn": 20375.4977466544,
      "nativeOut": 20375.4977466544,
      "nativeShareSd": 0,
      "wethBasis": 2.482440865658438,
      "tokenWeth": {
        "0xc0c17dd08263c16f6b64e772fb9b723bf1344ddf": 2.482440865658438
      },
      "tokenSd": {
        "0xc0c17dd08263c16f6b64e772fb9b723bf1344ddf": 28562.241482355756
      }
    },
    {
      "tx": "0x378e667d1f6be0fe79bbdb2c93c0c129a14cde475c6241a00f41d7ce34e36ba1",
      "wethIn": 2.21216341428147,
      "wethOut": 2.212905329854072,
      "sdIn": 25674.045534560308,
      "nativeIn": 18195.200798471164,
      "nativeOut": 18195.200798471164,
      "nativeShareSd": 0,
      "wethBasis": 2.21216341428147,
      "tokenWeth": {
        "0xc0c17dd08263c16f6b64e772fb9b723bf1344ddf": 2.21216341428147
      },
      "tokenSd": {
        "0xc0c17dd08263c16f6b64e772fb9b723bf1344ddf": 25674.045534560308
      }
    },
    {
      "tx": "0x590205420cbfc475558ae669314095b0bc991d17e4a9e2a281de5eae046b1a0a",
      "wethIn": 2.381722230142322,
      "wethOut": 2.3817212301423223,
      "sdIn": 28234.903533940997,
      "nativeIn": 19640.65979215503,
      "nativeOut": 19640.67080763798,
      "nativeShareSd": 0.011015482949005673,
      "wethBasis": 2.381722230142322,
      "tokenWeth": {
        "0xc0c17dd08263c16f6b64e772fb9b723bf1344ddf": 2.381722230142322
      },
      "tokenSd": {
        "0xd533a949740bb3306d119cc777fa900ba034cd52": 0.011015482949005673,
        "0xc0c17dd08263c16f6b64e772fb9b723bf1344ddf": 28234.892518458048
      }
    },
    {
      "tx": "0x730e73d205655f83426c014934213ebebf20f28cc4dd00130038566019b24f0f",
      "wethIn": 2.212640414449191,
      "wethOut": 2.2109238806244607,
      "sdIn": 25506.902907825726,
      "nativeIn": 17897.241317982593,
      "nativeOut": 17897.241317982593,
      "nativeShareSd": 0,
      "wethBasis": 2.212640414449191,
      "tokenWeth": {
        "0xc0c17dd08263c16f6b64e772fb9b723bf1344ddf": 2.212640414449191
      },
      "tokenSd": {
        "0xc0c17dd08263c16f6b64e772fb9b723bf1344ddf": 25506.902907825726
      }
    },
    {
      "tx": "0xbc324b4f0a76c0ca7daca9071379ce996440e70e1b555f43aeef97f56e382140",
      "wethIn": 1.9316530303365103,
      "wethOut": 1.9385434298638262,
      "sdIn": 22319.489479844622,
      "nativeIn": 15854.895632880944,
      "nativeOut": 15854.895632880944,
      "nativeShareSd": 0,
      "wethBasis": 1.9316530303365103,
      "tokenWeth": {
        "0xc0c17dd08263c16f6b64e772fb9b723bf1344ddf": 1.9316530303365103
      },
      "tokenSd": {
        "0xc0c17dd08263c16f6b64e772fb9b723bf1344ddf": 22319.489479844622
      }
    },
    {
      "tx": "0x1aab33f40977b2ea48468a00809909ea8089ab1acb52ae9679982b89ff1c77c4",
      "wethIn": 1.9998423129394602,
      "wethOut": 1.9998413129394603,
      "sdIn": 22922.711469490896,
      "nativeIn": 16283.666724991534,
      "nativeOut": 16283.666724991534,
      "nativeShareSd": 0,
      "wethBasis": 1.9998423129394602,
      "tokenWeth": {
        "0xa0b86991c6218b36c1d19d4a2e9eb0ce3606eb48": 1.9998423129394602
      },
      "tokenSd": {
        "0xa0b86991c6218b36c1d19d4a2e9eb0ce3606eb48": 22922.711469490896
      }
    },
    {
      "tx": "0x06d723c653adb41ad06cc71dc1427c5843c5d092fa1071eaed258c5d3f1b7ff8",
      "wethIn": 1.6365258595551164,
      "wethOut": 1.6365565979032148,
      "sdIn": 18803.014680026554,
      "nativeIn": 13312.400486967857,
      "nativeOut": 13312.400486967857,
      "nativeShareSd": 0,
      "wethBasis": 1.6365258595551164,
      "tokenWeth": {
        "0xa0b86991c6218b36c1d19d4a2e9eb0ce3606eb48": 1.6365258595551162,
        "0xc02aaa39b223fe8d0a0e5c4f27ead9083c756cc2": 2.220446049250313e-16
      },
      "tokenSd": {
        "0xa0b86991c6218b36c1d19d4a2e9eb0ce3606eb48": 18803.014680026554,
        "0xc02aaa39b223fe8d0a0e5c4f27ead9083c756cc2": 2.5512019511632088e-12
      }
    },
    {
      "tx": "0xc3ef56e3936ef840f474351dde3912a039cd6de1f50d2d5193373c82c9e6151a",
      "wethIn": 1.483784237293419,
      "wethOut": 1.483783237293419,
      "sdIn": 16494.360751516764,
      "nativeIn": 11768.017709448188,
      "nativeOut": 11768.017709448188,
      "nativeShareSd": 0,
      "wethBasis": 1.483784237293419,
      "tokenWeth": {
        "0x04acaf8d2865c0714f79da09645c13fd2888977f": 1.483784237293419
      },
      "tokenSd": {
        "0x04acaf8d2865c0714f79da09645c13fd2888977f": 16494.360751516764
      }
    },
    {
      "tx": "0x90d956bec2d43f0541a05c0cf47bef1c74bd78e21e8a037d0e9ba9d0c93bf0cd",
      "wethIn": 1.449937107890012,
      "wethOut": 1.4508664822051853,
      "sdIn": 16452.853076633302,
      "nativeIn": 11803.094018721367,
      "nativeOut": 11803.094018721367,
      "nativeShareSd": 0,
      "wethBasis": 1.449937107890012,
      "tokenWeth": {
        "0x04acaf8d2865c0714f79da09645c13fd2888977f": 1.449937107890012
      },
      "tokenSd": {
        "0x04acaf8d2865c0714f79da09645c13fd2888977f": 16452.853076633302
      }
    },
    {
      "tx": "0x38c2f7f16da10fd488103c9190ba707b091874ac1b49858b0d62cc26c65b7d52",
      "wethIn": 1.6411748775450294,
      "wethOut": 1.6411738775450293,
      "sdIn": 18677.980804395396,
      "nativeIn": 13454.42181222016,
      "nativeOut": 13454.42181222016,
      "nativeShareSd": 0,
      "wethBasis": 1.6411748775450294,
      "tokenWeth": {
        "0x01791f726b4103694969820be083196cc7c045ff": 1.6411748775450294
      },