Period;Gauge Name;Gauge Address;Reward Token;Reward Address;Reward Amount;Reward sd Value;Share % per Protocol
1770854400;base-WETH+cbETH ;0xe9c898ba654dec2ba440392028d2e7a194e6dc3e;WETH;0xC02aaA39b223FE8D0A0e5C4F27eAD9083C756Cc2;4.294594;45774.733222;96.35
1770854400;fraxtal-dUSD+sfrxUSD ;0xf5572d8d01bb6f96403f477d8b3bfb5739444702;WETH;0xC02aaA39b223FE8D0A0e5C4F27eAD9083C756Cc2;0.162624;1733.362664;3.65