{
  "amount": 2500,
  "timestamp": 1751796528,
  "period": 1751500800,
  "sdtPrice": 0.233303,
  "cvxPrice": 2.57,
  "delegationVotingPower": 2467241.455634031,
  "apr": 0.478320394592882
}