{
  "amount": 2500,
  "timestamp": 1751911978,
  "period": 1751500800,
  "sdtPrice": 0.231359,
  "cvxPrice": 2.57,
  "delegationVotingPower": 2467241.455634031,
  "apr": 0.47433478426173076
}