{
  "amount": 2500,
  "timestamp": 1751810878,
  "period": 1751500800,
  "sdtPrice": 0.234866,
  "cvxPrice": 2.57,
  "delegationVotingPower": 2467241.455634031,
  "apr": 0.4815248745041933
}