{
  "amount": 2500,
  "timestamp": 1751839615,
  "period": 1751500800,
  "sdtPrice": 0.235342,
  "cvxPrice": 2.57,
  "delegationVotingPower": 2467241.455634031,
  "apr": 0.4825007749762241
}