{
  "amount": 2500,
  "timestamp": 1751868881,
  "period": 1751500800,
  "sdtPrice": 0.234968,
  "cvxPrice": 2.57,
  "delegationVotingPower": 2467241.455634031,
  "apr": 0.48173399603391426
}