{
  "amount": 2500,
  "timestamp": 1751857117,
  "period": 1751500800,
  "sdtPrice": 0.234354,
  "cvxPrice": 2.57,
  "delegationVotingPower": 2467241.455634031,
  "apr": 0.4804751664334374
}