{
  "amount": 2500,
  "timestamp": 1751782211,
  "period": 1751500800,
  "sdtPrice": 0.234108,
  "cvxPrice": 2.57,
  "delegationVotingPower": 2467241.455634031,
  "apr": 0.47997081450881646
}