{
  "amount": 2500,
  "timestamp": 1751926210,
  "period": 1751500800,
  "sdtPrice": 0.232523,
  "cvxPrice": 2.57,
  "delegationVotingPower": 2467241.455634031,
  "apr": 0.4767212299538398
}