{
  "amount": 2500,
  "timestamp": 1751769976,
  "period": 1751500800,
  "sdtPrice": 0.234398,
  "cvxPrice": 2.57,
  "delegationVotingPower": 2467241.455634031,
  "apr": 0.480565375720768
}