Gauge Name;Gauge Address;Reward Token;Reward Address;Reward Amount;Reward sd Value;Share % per Protocol
B-sdBAL-STABLE;0xDc2Df969EE5E66236B950F5c4c5f8aBe62035df2;SDT;0x73968b9a57c6E53d41345FD57a6E6ae27d6CDB2F;2446.436438;216.995860;50.03
wstETHR;0x14c80B2822c908b9Af601ccebe50124c050518CA;RZR;0xb4444468e444f89e1c2CAc2F1D3ee7e336cBD1f5;80.024829;216.733390;49.97