{"sdcrv.eth":15.74164171395096,"sdbal.eth":10.330664584804751,"sdfxs.eth":2.9295435800051037,"sdpendle.eth":9.249929394818523,"sdcake.eth":5.557536529427858,"sdfxn.eth":14.316258409955083,"sdspectra.eth":72.27670051094181}