{"sdcrv.eth":14.22155436052778,"sdbal.eth":9.903767454352266,"sdfxs.eth":2.9295435800051037,"sdpendle.eth":9.249929394818523,"sdcake.eth":5.557536529427858,"sdfxn.eth":11.814989819616246,"sdspectra.eth":72.82213862085581}