{
  "amount": 2500,
  "timestamp": 1753584977,
  "period": 1753315200,
  "sdtPrice": 0.408981,
  "cvxPrice": 4.87,
  "delegationVotingPower": 2529429.1596629666,
  "apr": 0.4316134827425806
}