{
  "amount": 2500,
  "timestamp": 1753683353,
  "period": 1753315200,
  "sdtPrice": 0.44229,
  "cvxPrice": 4.87,
  "delegationVotingPower": 2529429.1596629666,
  "apr": 0.46676575997959807
}