{
  "amount": 2500,
  "timestamp": 1753697572,
  "period": 1753315200,
  "sdtPrice": 0.437778,
  "cvxPrice": 4.87,
  "delegationVotingPower": 2529429.1596629666,
  "apr": 0.4620040717003515
}