Gauge Name;Gauge Address;Reward Token;Reward Address;Reward Amount;Reward sd Value;Share % per Protocol
Aave USDC-Aave GHO;0x1dA19f38Eb6F2c22199dC0848118b26095C29aEd;USDC;0xA0b86991c6218b36c1d19D4a2e9Eb0cE3606eB48;96.658796;40.103700;8.57
B-sdBAL-STABLE;0xDc2Df969EE5E66236B950F5c4c5f8aBe62035df2;SDT;0x73968b9a57c6E53d41345FD57a6E6ae27d6CDB2F;166.525027;16.243955;3.47
75SDEX25AaveLidoETH;0x4eB7C7fD67B9b2C24d9fF1601ccDa5A01bD40c7f;SDEX;0x5DE8ab7E27f6E7A1fFf3E5B337584Aa43961BEeF;96014.766933;190.653001;40.72
Aave GHO/USDT/USDC;0x9b237fA1958E3022464343137738926d38815801;USDC;0xA0b86991c6218b36c1d19D4a2e9Eb0cE3606eB48;3.950239;1.638953;0.35
Aave GHO/USDT/USDC;0x9fdD52eFEb601E4Bc78b89C6490505B8aC637E9f;USDC;0xA0b86991c6218b36c1d19D4a2e9Eb0cE3606eB48;186.182040;77.246862;16.50
EURe-Aave USDC;0x7f49d37D0dA53A4899Bc0ba916F59Ec9D4E6d1e2;USDC;0xA0b86991c6218b36c1d19D4a2e9Eb0cE3606eB48;342.976321;142.300754;30.39