{
  "protocol": "curve",
  "period": 1769040000,
  "aggregator": "0x0000000a3Fc396B89e4c11841B39D9dff85a5D05",
  "totals": {
    "sdInTotal": 268361.12024467235,
    "sdAssigned": 268361.1202446724,
    "wethInTotal": 20.304480492112074,
    "wethOutTotal": 20.29918339777351
  },
  "dropped": {
    "tokensNotSwapped": [
      "0x8ee73c484a26e0a5df2ee2a4960b789967dd0415",
      "0x833589fcd6edb6e08f4c7c32d4f71b54bda02913"
    ],
    "wethNotSwapped": false
  },
  "perToken": {
    "0xdd468a1ddc392dcdbef6db6e34e89aa338f9f186": {
      "mappedWeth": 0.868381815438512,
      "sd": 11271.911827990572
    },
    "0x73968b9a57c6e53d41345fd57a6e6ae27d6cdb2f": {
      "mappedWeth": 0.048581986706475885,
      "sd": 644.8012805474204
    },
    "0xa0b86991c6218b36c1d19d4a2e9eb0ce3606eb48": {
      "mappedWeth": 6.442432597033649,
      "sd": 82361.1974016763
    },
    "0x01ba69727e2860b37bc1a2bd56999c1afb4c15d8": {
      "mappedWeth": 0.7447900329727724,
      "sd": 9667.645536538443
    },
    "0x8207c1ffc5b6804f6024322ccf34f29c3541ae26": {
      "mappedWeth": 1.7635525246283534,
      "sd": 22891.55324101617
    },
    "0x419905009e4656fdc02418c7df35b1e61ed5f726": {
      "mappedWeth": 0.6058060743519353,
      "sd": 9413.818059222798
    },
    "0x04acaf8d2865c0714f79da09645c13fd2888977f": {
      "mappedWeth": 4.526141407309337,
      "sd": 59248.61389871649
    },
    "0x01791f726b4103694969820be083196cc7c045ff": {
      "mappedWeth": 2.014068137561675,
      "sd": 26551.630465340102
    },
    "0x59a529070fbb61e6d6c91f952ccb7f35c34cf8aa": {
      "mappedWeth": 0.060588234141352525,
      "sd": 804.1534241176564
    },
    "0x7fe24f1a024d33506966cb7ca48bab8c65fb632d": {
      "mappedWeth": 0.0881563071545083,
      "sd": 1148.2936901908158
    },
    "0x4e3fbd56cd56c3e72c1403e103b45db9da5b9d2b": {
      "mappedWeth": 0.14629528669378686,
      "sd": 1905.5920107985248
    },
    "0x090185f2135308bad17527004364ebcc2d37e5f6": {
      "mappedWeth": 2.6295131035087844,
      "sd": 34159.392457123584
    },
    "0xdac17f958d2ee523a2206206994597c13d831ec7": {
      "mappedWeth": 0.22202805090425487,
      "sd": 3450.1662557484983
    },
    "0xf939e0a03fb07f59a73314e73794be0e57ac1b4e": {
      "mappedWeth": 0.14414493370667741,
      "sd": 1877.5822535107905
    },
    "0x8ee73c484a26e0a5df2ee2a4960b789967dd0415": {
      "mappedWeth": 0,
      "sd": 0
    },
    "0x833589fcd6edb6e08f4c7c32d4f71b54bda02913": {
      "mappedWeth": 0,
      "sd": 0
    },
    "0xd533a949740bb3306d119cc777fa900ba034cd52": {
      "mappedWeth": 0,
      "sd": 2964.768442134229
    }
  },
  "txs": [
    {
      "tx": "0x70792e651b98dacd456825aaa11130135347516601840ada716a4767d58693a7",
      "wethIn": 3.429896645741761,
      "wethOut": 3.4299329430484073,
      "sdIn": 43980.82573541307,
      "nativeIn": 27307.8527683436,
      "nativeOut": 27307.98008522895,
      "nativeShareSd": 0.1273168853513198,
      "wethBasis": 3.429896645741761,
      "tokenWeth": {
        "0xa0b86991c6218b36c1d19d4a2e9eb0ce3606eb48": 3.4298966457417603,
        "0xc02aaa39b223fe8d0a0e5c4f27ead9083c756cc2": 4.440892098500626e-16
      },
      "tokenSd": {
        "0xd533a949740bb3306d119cc777fa900ba034cd52": 0.1273168853513198,
        "0xa0b86991c6218b36c1d19d4a2e9eb0ce3606eb48": 43980.69841852771,
        "0xc02aaa39b223fe8d0a0e5c4f27ead9083c756cc2": 5.694443776778573e-12
      }
    },
    {
      "tx": "0xd7bfd8c21790607e2cfb178e6c25354923468ccee24b9dfa22915688cfc507c2",
      "wethIn": 3.012535951291889,
      "wethOut": 3.0125334090415796,
      "sdIn": 38380.498983148595,
      "nativeIn": 23972.294079983654,
      "nativeOut": 23972.294079983654,
      "nativeShareSd": 0,
      "wethBasis": 3.012535951291889,
      "tokenWeth": {
        "0xa0b86991c6218b36c1d19d4a2e9eb0ce3606eb48": 3.0125359512918886,
        "0xc02aaa39b223fe8d0a0e5c4f27ead9083c756cc2": 4.440892098500626e-16
      },
      "tokenSd": {
        "0xa0b86991c6218b36c1d19d4a2e9eb0ce3606eb48": 38380.49898314859,
        "0xc02aaa39b223fe8d0a0e5c4f27ead9083c756cc2": 5.657813132410361e-12
      }
    },
    {
      "tx": "0x90d4e43b68ac834ea7066f36d94a7bd76bf2a804e048251b48245143c0176b84",
      "wethIn": 2.3719349338528333,
      "wethOut": 2.371933933852833,
      "sdIn": 30595.171231679426,
      "nativeIn": 19013.338712677665,
      "nativeOut": 19014.00827261765,
      "nativeShareSd": 0.6695599399863568,
      "wethBasis": 2.3719349338528333,
      "tokenWeth": {
        "0x04acaf8d2865c0714f79da09645c13fd2888977f": 2.3719349338528333
      },
      "tokenSd": {
        "0xd533a949740bb3306d119cc777fa900ba034cd52": 0.6695599399863568,
        "0x04acaf8d2865c0714f79da09645c13fd2888977f": 30594.50167173944
      }
    },
    {
      "tx": "0xb4dd48567db8e85550e9f0c5f612f4e37e1c3b2b598ac86c8f9e4b5c3604a956",
      "wethIn": 2.154206473456504,
      "wethOut": 2.154205473456504,
      "sdIn": 28654.112226977046,
      "nativeIn": 17821.37834020782,
      "nativeOut": 17821.37834020782,
      "nativeShareSd": 0,
      "wethBasis": 2.154206473456504,
      "tokenWeth": {
        "0x04acaf8d2865c0714f79da09645c13fd2888977f": 2.154206473456504
      },
      "tokenSd": {
        "0x04acaf8d2865c0714f79da09645c13fd2888977f": 28654.112226977046
      }
    },
    {
      "tx": "0x0245c1c966141449e343d4a4751172913989444b2c15cb0759d19cd579873269",
      "wethIn": 2.6295131035087844,
      "wethOut": 2.6295121035087847,
      "sdIn": 34159.392457123584,
      "nativeIn": 21338.374487362285,
      "nativeOut": 21338.374487362285,
      "nativeShareSd": 0,
      "wethBasis": 2.6295131035087844,
      "tokenWeth": {
        "0x090185f2135308bad17527004364ebcc2d37e5f6": 2.6295131035087844
      },
      "tokenSd": {
        "0x090185f2135308bad17527004364ebcc2d37e5f6": 34159.392457123584
      }
    },
    {
      "tx": "0x8b279f3a6f3da51620b3d41065d9d30b32fe40c2ff0544f31bc5a67b28f8d182",
      "wethIn": 2.014068137561675,
      "wethOut": 2.014067137561675,
      "sdIn": 26551.630465340106,
      "nativeIn": 16576.997528005242,
      "nativeOut": 16576.997528005242,
      "nativeShareSd": 0,
      "wethBasis": 2.014068137561675,
      "tokenWeth": {
        "0x01791f726b4103694969820be083196cc7c045ff": 2.014068137561675
      },
      "tokenSd": {
        "0x01791f726b4103694969820be083196cc7c045ff": 26551.630465340106
      }
    },
    {
      "tx": "0x703bc9e14a31aa4603a360dbf11ec79465bb97417c3815935a305d7ef2c2072c",
      "wethIn": 3.3767243730396377,
      "wethOut": 3.3754108317181575,
      "sdIn": 43831.11060554518,
      "nativeIn": 27690.46263391061,
      "nativeOut": 27690.46263391061,
      "nativeShareSd": 0,
      "wethBasis": 3.3767243730396377,
      "tokenWeth": {
        "0xdd468a1ddc392dcdbef6db6e34e89aa338f9f186": 0.868381815438512,
        "0x8207c1ffc5b6804f6024322ccf34f29c3541ae26": 1.7635525246283534,
        "0x01ba69727e2860b37bc1a2bd56999c1afb4c15d8": 0.7447900329727724
      },
      "tokenSd": {
        "0xdd468a1ddc392dcdbef6db6e34e89aa338f9f186": 11271.911827990572,
        "0x8207c1ffc5b6804f6024322ccf34f29c3541ae26": 22891.553241016165,
        "0x01ba69727e2860b37bc1a2bd56999c1afb4c15d8": 9667.645536538443
      }
    },
    {
      "tx": "0x99bcf171b3e53b0d7655ca4a188a9d4c8731dbd82d7554f0d7985dcd8f433645",
      "wethIn": 0.8278341252561903,
      "wethOut": 0.8264890088643634,
      "sdIn": 15826.36723607867,
      "nativeIn": 6771.4327724415825,
      "nativeOut": 9733.815693548953,
      "nativeShareSd": 2962.3829211073707,
      "wethBasis": 0.8278341252561903,
      "tokenWeth": {
        "0x419905009e4656fdc02418c7df35b1e61ed5f726": 0.6058060743519353,
        "0xdac17f958d2ee523a2206206994597c13d831ec7": 0.22202805090425487
      },
      "tokenSd": {
        "0xd533a949740bb3306d119cc777fa900ba034cd52": 2962.3829211073707,
        "0x419905009e4656fdc02418c7df35b1e61ed5f726": 9413.818059222798,