Gauge Name;Gauge Address;Reward Token;Reward Address;Reward Amount;Reward sd Value;Share % per Protocol
Aave USDC-Aave GHO;0x1dA19f38Eb6F2c22199dC0848118b26095C29aEd;USDC;0xA0b86991c6218b36c1d19D4a2e9Eb0cE3606eB48;121.265663;126.801795;12.15
B-sdBAL-STABLE;0xDc2Df969EE5E66236B950F5c4c5f8aBe62035df2;SDT;0x73968b9a57c6E53d41345FD57a6E6ae27d6CDB2F;174.724324;29.856618;2.86
Aave GHO/USDT/USDC;0x9fdD52eFEb601E4Bc78b89C6490505B8aC637E9f;USDC;0xA0b86991c6218b36c1d19D4a2e9Eb0cE3606eB48;503.576196;526.565920;50.45
Aave GHO/USDT/USDC;0x9b237fA1958E3022464343137738926d38815801;USDC;0xA0b86991c6218b36c1d19D4a2e9Eb0cE3606eB48;8.432705;8.817683;0.84
EURe-Aave USDC;0x7f49d37D0dA53A4899Bc0ba916F59Ec9D4E6d1e2;USDC;0xA0b86991c6218b36c1d19D4a2e9Eb0cE3606eB48;336.372289;351.728667;33.70