{
  "rewardValueUSD": 37664.55657705284,
  "usdPerCVX": 0.005440239744950651,
  "totalVotingPower": 11148515.002884312,
  "delegationVotingPower": 6923326.607436948,
  "delegationShare": 0.6210088613277881,
  "timestamp": 1775088000,
  "periodStartBlock": 24738010,
  "periodEndBlock": 1774915200
}