Gauge Name;Gauge Address;Reward Token;Reward Address;Reward Amount;
CRV+cvxCRV;0xfb18127c1471131468a1aad4785c19678e521d86;FXS;0x3432B6A60D23Ca0dFCa7761B7ab56459D9C964D0;195.880321;
Test+Test;0xa40c1e9aa3781c74c437212cd0353eaab3ebba6f;FXS;0x3432B6A60D23Ca0dFCa7761B7ab56459D9C964D0;300.500110;