{
  "rewardValueUSD": 54007.167635512065,
  "usdPerCVX": 0.011444597717514124,
  "totalVotingPower": 4681389.517029226,
  "delegationVotingPower": 4719009.699472682,
  "delegationShare": 1.0080361145567158,
  "timestamp": 1762992000,
  "periodStartBlock": 23736528,
  "periodEndBlock": 1762819200
}