{
  "amount": 2500,
  "timestamp": 1753107121,
  "period": 1752710400,
  "sdtPrice": 0.380349,
  "cvxPrice": 2.36,
  "delegationVotingPower": 2494293.6180796977,
  "apr": 0.8399744045463157
}