Gauge Name;Gauge Address;Reward Token;Reward Address;Reward Amount;Reward sd Value;Share % per Protocol
ETH+frxETH ;0x2932a86df44Fe8D2A706d8e9c5d51c24883423F5;FXS;0x3432B6A60D23Ca0dFCa7761B7ab56459D9C964D0;195.880321;1065.357264;1.72
crvUSD+frxETH+Silo ;0xb901a92F2c385AfA0A019e8A307a59A570239ca4;FXS;0x3432B6A60D23Ca0dFCa7761B7ab56459D9C964D0;71.900438;391.053339;0.63
pxETH+frxETH ;0x277d1424a84B35ec0a8108482551b00b4fc1539b;FXS;0x3432B6A60D23Ca0dFCa7761B7ab56459D9C964D0;164.819052;896.420696;1.44
ETH+OETH ;0xd03BE91b1932715709e18021734fcB91BB431715;OGN;0x8207c1FfC5B6804F6024322CcF34F29c3541Ae26;32686.265123;7079.966307;11.41
crvUSD+zunUSD ;0xB1A829a05E618F7C4f50Cb86f8F64Fb86e42dE5a;ZUN;0x6b5204B0Be36771253Cc38e88012E02B752f0f36;6082.171860;2031.554202;3.27
arbi-zunUSD+crvUSD ;0x5C5480A5C90EAcb8f31028f0f0eA9a716d04028D;ZUN;0x6b5204B0Be36771253Cc38e88012E02B752f0f36;1510.494857;504.532303;0.81
arbi-zunETH+WETH ;0x39D053f054e9e5E5ADA759FBDDCEc904D43e9B7c;ZUN;0x6b5204B0Be36771253Cc38e88012E02B752f0f36;4187.242262;1398.613819;2.25
CVX+clevCVX ;0x7970489a543FB237ABab63d62524d8A5CE165B86;CVX;0x4e3FBD56CD56c3e72c1403e103b45Db9da5B9D2B;259.659618;1903.183681;3.07
WETH+ZUN ;0xdA22f2De17547E3A5CADcC960EB4e9cfDC52e10A;ZUN;0x6b5204B0Be36771253Cc38e88012E02B752f0f36;42975.844609;14354.700870;23.13
MIM+3Crv ;0xd8b712d29381748dB89c36BCa0138d7c75866ddF;SPELL;0x090185f2135308BaD17527004364eBcC2D37e5F6;17473976.796899;24792.229921;39.94
USR+USDC ;0xf589273a91622f1f48C0CD378881f0b3e6c40a95;CRV;0xD533a949740bb3306d119CC777fa900bA034cd52;668.119272;655.167493;1.06
ETH+ETHx ;0x7671299eA7B4bbE4f3fD305A994e6443b4be680E;SD;0x30D20208d987713f46DFD34EF128Bb16C404D10f;1435.804144;2242.118183;3.61
DOLA+crvUSD ;0xEcAD6745058377744c09747b2715c0170B5699e5;INV;0x41D5D79431A913C4aE7d69a668ecdfE5fF9DFB68;24.675787;0.000000;0.00
USDC+WETH+INV ;0x4Fc86cd0F9b650280Fa783e3116258e0E0496A2c;INV;0x41D5D79431A913C4aE7d69a668ecdfE5fF9DFB68;22.974009;0.000000;0.00
DOLA+FRAXBP ;0xBE266d68Ce3dDFAb366Bb866F4353B6FC42BA43c;INV;0x41D5D79431A913C4aE7d69a668ecdfE5fF9DFB68;239.144813;0.000000;0.00
DOLA+FRAXPYUSD ;0x4B092818708A721cB187dFACF41f440ADb79044D;INV;0x41D5D79431A913C4aE7d69a668ecdfE5fF9DFB68;660.006403;0.000000;0.00
alETH+WETH ;0xB251c0885c7c1975D773B57e67c138FBcEaa6db4;ALCX;0xdBdb4d16EdA451D0503b854CF79D55697F90c8DF;49.869886;1853.644023;2.99
alUSD+3Crv ;0x9582C4ADACB3BCE56Fea3e590F05c3ca2fb9C477;ALCX;0xdBdb4d16EdA451D0503b854CF79D55697F90c8DF;78.010751;2899.628864;4.67