{
  "protocol": "curve",
  "period": 1770249600,
  "aggregator": "0x0000000a3Fc396B89e4c11841B39D9dff85a5D05",
  "totals": {
    "sdInTotal": 328992.0243044937,
    "sdAssigned": 328992.02430449356,
    "wethInTotal": 26.8923052108478,
    "wethOutTotal": 26.915378790657048
  },
  "dropped": {
    "tokensNotSwapped": [
      "0x8ee73c484a26e0a5df2ee2a4960b789967dd0415",
      "0x833589fcd6edb6e08f4c7c32d4f71b54bda02913"
    ],
    "wethNotSwapped": false
  },
  "perToken": {
    "0x8ee73c484a26e0a5df2ee2a4960b789967dd0415": {
      "mappedWeth": 0,
      "sd": 0
    },
    "0x833589fcd6edb6e08f4c7c32d4f71b54bda02913": {
      "mappedWeth": 0,
      "sd": 0
    },
    "0xdd468a1ddc392dcdbef6db6e34e89aa338f9f186": {
      "mappedWeth": 1.1433259952068089,
      "sd": 13311.579347579827
    },
    "0xa0b86991c6218b36c1d19d4a2e9eb0ce3606eb48": {
      "mappedWeth": 4.308381084044617,
      "sd": 51842.535025675854
    },
    "0x73968b9a57c6e53d41345fd57a6e6ae27d6cdb2f": {
      "mappedWeth": 0.056727217587281824,
      "sd": 671.3465626151789
    },
    "0x24a3d725c37a8d1a66eb87f0e5d07fe67c120035": {
      "mappedWeth": 1.051242472842332,
      "sd": 12152.86283026024
    },
    "0xf939e0a03fb07f59a73314e73794be0e57ac1b4e": {
      "mappedWeth": 0.10148566444117445,
      "sd": 1215.4398081928505
    },
    "0x8207c1ffc5b6804f6024322ccf34f29c3541ae26": {
      "mappedWeth": 1.8462680775306566,
      "sd": 21864.542982092447
    },
    "0x2a8e1e676ec238d8a992307b495b45b3feaa5e86": {
      "mappedWeth": 0.05503500130472584,
      "sd": 651.3197812425966
    },
    "0x04acaf8d2865c0714f79da09645c13fd2888977f": {
      "mappedWeth": 3.8713443885012495,
      "sd": 46311.576226220226
    },
    "0x419905009e4656fdc02418c7df35b1e61ed5f726": {
      "mappedWeth": 0.7306962727571711,
      "sd": 8447.19634414179
    },
    "0x01791f726b4103694969820be083196cc7c045ff": {
      "mappedWeth": 1.5909515406171948,
      "sd": 18523.218889332944
    },
    "0xc0c17dd08263c16f6b64e772fb9b723bf1344ddf": {
      "mappedWeth": 11.481127714716134,
      "sd": 146256.27559484975
    },
    "0x4e3fbd56cd56c3e72c1403e103b45db9da5b9d2b": {
      "mappedWeth": 0.1805183872934215,
      "sd": 2161.9726809236013
    },
    "0xdac17f958d2ee523a2206206994597c13d831ec7": {
      "mappedWeth": 0.262206753185042,
      "sd": 3031.23474074439
    },
    "0x7cb20517776636ed76b68edb3d99dcce356abf02": {
      "mappedWeth": 0.21299464081999284,
      "sd": 2550.9234906218367
    }
  },
  "txs": [
    {
      "tx": "0x139535259dd9272eb7249c3a416f1ebe2819eb794348545f207ab7370c21bab9",
      "wethIn": 2.2840366034972237,
      "wethOut": 2.288925075253838,
      "sdIn": 29530.753450023352,
      "nativeIn": 18203.863227917856,
      "nativeOut": 18203.863227917856,
      "nativeShareSd": 0,
      "wethBasis": 2.2840366034972237,
      "tokenWeth": {
        "0xc0c17dd08263c16f6b64e772fb9b723bf1344ddf": 2.2840366034972237
      },
      "tokenSd": {
        "0xc0c17dd08263c16f6b64e772fb9b723bf1344ddf": 29530.753450023356
      }
    },
    {
      "tx": "0x51e1600e0ae5d6c82ca474f883a0be5e566c2b38bc5b35dc42140fe8b382a1a4",
      "wethIn": 2.314688972798404,
      "wethOut": 2.3157076314566294,
      "sdIn": 30267.875202603504,
      "nativeIn": 19133.837841885987,
      "nativeOut": 19133.837841885987,
      "nativeShareSd": 0,
      "wethBasis": 2.314688972798404,
      "tokenWeth": {
        "0xc0c17dd08263c16f6b64e772fb9b723bf1344ddf": 2.3146889727984035,
        "0xc02aaa39b223fe8d0a0e5c4f27ead9083c756cc2": 4.440892098500626e-16
      },
      "tokenSd": {
        "0xc0c17dd08263c16f6b64e772fb9b723bf1344ddf": 30267.875202603496,
        "0xc02aaa39b223fe8d0a0e5c4f27ead9083c756cc2": 5.807102785958268e-12
      }
    },
    {
      "tx": "0xa7d7601731c2326117febe531e4f0d9f1c57f85cbb181beb49df8db8d8a51585",
      "wethIn": 2.4454230819036167,
      "wethOut": 2.456055200693029,
      "sdIn": 31425.714130879773,
      "nativeIn": 20011.65298455072,
      "nativeOut": 20011.666675782217,
      "nativeShareSd": 0.013691231495613465,
      "wethBasis": 2.4454230819036167,
      "tokenWeth": {
        "0xc0c17dd08263c16f6b64e772fb9b723bf1344ddf": 2.4454230819036167
      },
      "tokenSd": {
        "0xd533a949740bb3306d119cc777fa900ba034cd52": 0.013691231495613465,
        "0xc0c17dd08263c16f6b64e772fb9b723bf1344ddf": 31425.700439648277
      }
    },
    {
      "tx": "0xbdcdeac1de3ef5f510fe4b861770bfbc676d32249ba4255d56871958dfcbc107",
      "wethIn": 2.311097376861693,
      "wethOut": 2.3178210183634986,
      "sdIn": 28914.82888536436,
      "nativeIn": 18736.985251804657,
      "nativeOut": 18736.985251804657,
      "nativeShareSd": 0,
      "wethBasis": 2.311097376861693,
      "tokenWeth": {
        "0xc0c17dd08263c16f6b64e772fb9b723bf1344ddf": 2.311097376861693
      },
      "tokenSd": {
        "0xc0c17dd08263c16f6b64e772fb9b723bf1344ddf": 28914.82888536436
      }
    },
    {
      "tx": "0xd3faedf17d3407360fc8cd8fc452b947d05af1c2b009b18b6ebcd870656c951d",
      "wethIn": 2.1258816796551967,
      "wethOut": 2.1321155253369635,
      "sdIn": 26117.11153065386,
      "nativeIn": 17009.763643235587,
      "nativeOut": 17009.763643235587,
      "nativeShareSd": 0,
      "wethBasis": 2.1258816796551967,
      "tokenWeth": {
        "0xc0c17dd08263c16f6b64e772fb9b723bf1344ddf": 2.125881679655197
      },
      "tokenSd": {
        "0xc0c17dd08263c16f6b64e772fb9b723bf1344ddf": 26117.111530653863
      }
    },
    {
      "tx": "0x777238e7b56c23618df493c8155d5f09b0daac003267e8fa83d610dbb3177db5",
      "wethIn": 2.368000827645023,
      "wethOut": 2.367662659159586,
      "sdIn": 28693.342585486964,
      "nativeIn": 18905.69542093885,
      "nativeOut": 18905.69542093885,
      "nativeShareSd": 0,
      "wethBasis": 2.368000827645023,
      "tokenWeth": {
        "0xa0b86991c6218b36c1d19d4a2e9eb0ce3606eb48": 2.368000827645023
      },
      "tokenSd": {
        "0xa0b86991c6218b36c1d19d4a2e9eb0ce3606eb48": 28693.342585486964
      }
    },
    {
      "tx": "0xccca67d6399cc333a5ab01cd4499191fc15d4c89e830ded3e5f55ed0d0ad129b",
      "wethIn": 1.940380256399594,
      "wethOut": 1.9424916696856787,
      "sdIn": 23149.190282725827,
      "nativeIn": 15445.531753141126,
      "nativeOut": 15445.531753141126,
      "nativeShareSd": 0,
      "wethBasis": 1.940380256399594,
      "tokenWeth": {
        "0xa0b86991c6218b36c1d19d4a2e9eb0ce3606eb48": 1.940380256399594
      },
      "tokenSd": {
        "0xa0b86991c6218b36c1d19d4a2e9eb0ce3606eb48": 23149.190282725827
      }
    },
    {
      "tx": "0x47e768366b38c2eaa3bc2ce74756b4e6dd89dce1c2e7a51d852c209b5b11d72b",
      "wethIn": 2.035043336130129,
      "wethOut": 2.035042336130129,
      "sdIn": 24309.710870762192,
      "nativeIn": 16173.387398462908,
      "nativeOut": 16173.387398462908,
      "nativeShareSd": 0,
      "wethBasis": 2.035043336130129,
      "tokenWeth": {
        "0x04acaf8d2865c0714f79da09645c13fd2888977f": 2.035043336130129
      },
      "tokenSd": {
        "0x04acaf8d2865c0714f79da09645c13fd2888977f": 24309.710870762192
      }
    },
    {
      "tx": "0x698ac8a67b0552b85df01d29cf92c515cabcfdb24260b608c8a813ffade905ed",
      "wethIn": 1.8363010523711203,
      "wethOut": 1.8363000523711204,
      "sdIn": 22001.863428169665,
      "nativeIn": 14703.91378826761,
      "nativeOut": 14703.91378826761,
      "nativeShareSd": 0,
      "wethBasis": 1.8363010523711203,
      "tokenWeth": {
        "0x04acaf8d2865c0714f79da09645c13fd2888977f": 1.8363010523711203
      },
      "tokenSd": {
        "0x04acaf8d2865c0714f79da09645c13fd2888977f": 22001.863428169665
      }
    },
    {
      "tx": "0x95454d7e9339fccb1bc5b864ed68f8f22d4b6d9312607c51629fb9fba66643a8",
      "wethIn": 1.8462680775306566,
      "wethOut": 1.8462670775306564,
      "sdIn": 21864.542072184322,
      "nativeIn": 14585.964964233444,
      "nativeOut": 14585.964964233444,
      "nativeShareSd": 0,
      "wethBasis": 1.8462680775306566,