{"sdspectra.eth":9.676344013740865,"sdcrv.eth":26.9741891413831,"sdbal.eth":41.60250034882828,"sdpendle.eth":7.71952553749913,"sdfxn.eth":16.652863556040153}