Gauge Name;Gauge Address;Reward Token;Reward Address;Reward Amount;Reward sd Value;Share % per Protocol
alUSD+fxUSD;0x9c7003bC16F2A1AA47451C858FEe6480B755363e;ALCX;0xdBdb4d16EdA451D0503b854CF79D55697F90c8DF;44.772025;16.279763;18.57
USDN+fxUSD;0xa295829c082C4d21fE37dbC8C96bFa0ef6dbaa92;SDEX;0x5DE8ab7E27f6E7A1fFf3E5B337584Aa43961BEeF;108420.241193;21.613370;24.65
USDnr+fxUSD;0x695C6F5ed9CEB6709E00C08e1326710F3169B922;SDEX;0x5DE8ab7E27f6E7A1fFf3E5B337584Aa43961BEeF;194345.384167;38.742385;44.19
fxUSD+frxUSD;0xA3c0f7360b922136cc8B89063BE1e8daF70427bD;WFRAX;0x04ACaF8D2865c0714F79da09645C13FD2888977f;202.467720;11.042419;12.59