{
  "protocol": "curve",
  "period": 1774483200,
  "aggregator": "0x0000000a3Fc396B89e4c11841B39D9dff85a5D05",
  "totals": {
    "sdInTotal": 322396.363871301,
    "sdAssigned": 322396.3638713008,
    "wethInTotal": 25.0120107921345,
    "wethOutTotal": 25.007042652448742
  },
  "dropped": {
    "tokensNotSwapped": [
      "0x833589fcd6edb6e08f4c7c32d4f71b54bda02913",
      "0x8ee73c484a26e0a5df2ee2a4960b789967dd0415"
    ],
    "wethNotSwapped": false
  },
  "perToken": {
    "0xa0b86991c6218b36c1d19d4a2e9eb0ce3606eb48": {
      "mappedWeth": 5.864295093502762,
      "sd": 76704.65645274197
    },
    "0x73968b9a57c6e53d41345fd57a6e6ae27d6cdb2f": {
      "mappedWeth": 0.10306127010686576,
      "sd": 1322.6713387580949
    },
    "0x2a8e1e676ec238d8a992307b495b45b3feaa5e86": {
      "mappedWeth": 0.06178276260489412,
      "sd": 792.9097831033322
    },
    "0x8207c1ffc5b6804f6024322ccf34f29c3541ae26": {
      "mappedWeth": 0.2609093201063557,
      "sd": 3349.997340675357
    },
    "0xc0c17dd08263c16f6b64e772fb9b723bf1344ddf": {
      "mappedWeth": 16.13238084381676,
      "sd": 206980.87205901043
    },
    "0xf4c13d631450de6b12a19829e37c8e2826891dc4": {
      "mappedWeth": 0.026925314298083508,
      "sd": 344.60097099564825
    },
    "0x01791f726b4103694969820be083196cc7c045ff": {
      "mappedWeth": 0.742527505404861,
      "sd": 9533.830249799488
    },
    "0x04acaf8d2865c0714f79da09645c13fd2888977f": {
      "mappedWeth": 1.6126082688649273,
      "sd": 20705.40603933374
    },
    "0x419905009e4656fdc02418c7df35b1e61ed5f726": {
      "mappedWeth": 0.15494051209076393,
      "sd": 1988.4809719738073
    },
    "0x4e3fbd56cd56c3e72c1403e103b45db9da5b9d2b": {
      "mappedWeth": 0.05257990133822466,
      "sd": 672.9386649090029
    },
    "0x833589fcd6edb6e08f4c7c32d4f71b54bda02913": {
      "mappedWeth": 0,
      "sd": 0
    },
    "0x8ee73c484a26e0a5df2ee2a4960b789967dd0415": {
      "mappedWeth": 0,
      "sd": 0
    }
  },
  "txs": [
    {
      "tx": "0x9f7f4a7a779021f0d8357d7fefab8b7256d533ae070dfbf3086ebc89976ae4c6",
      "wethIn": 2.1639680330228703,
      "wethOut": 2.16265571786165,
      "sdIn": 28407.32444349554,
      "nativeIn": 20253.701243373846,
      "nativeOut": 20253.701243373846,
      "nativeShareSd": 0,
      "wethBasis": 2.1639680330228703,
      "tokenWeth": {
        "0xc0c17dd08263c16f6b64e772fb9b723bf1344ddf": 2.1639680330228703
      },
      "tokenSd": {
        "0xc0c17dd08263c16f6b64e772fb9b723bf1344ddf": 28407.32444349554
      }
    },
    {
      "tx": "0x308a35de20c139c663dced9e5297067d4d439defee042036430908856063df64",
      "wethIn": 2.1556948661284316,
      "wethOut": 2.1556938661284315,
      "sdIn": 27732.9057820099,
      "nativeIn": 20035.569190914997,
      "nativeOut": 20035.569190914997,
      "nativeShareSd": 0,
      "wethBasis": 2.1556948661284316,
      "tokenWeth": {
        "0xc0c17dd08263c16f6b64e772fb9b723bf1344ddf": 2.1556948661284316
      },
      "tokenSd": {
        "0xc0c17dd08263c16f6b64e772fb9b723bf1344ddf": 27732.9057820099
      }
    },
    {
      "tx": "0xe0d040d67a25aa14e4378abd21531d159926d0db5ff80e09e47deb9977fa90af",
      "wethIn": 2.191428754932514,
      "wethOut": 2.191427754932514,
      "sdIn": 27345.955254172848,
      "nativeIn": 19874.44397455056,
      "nativeOut": 19874.461452882122,
      "nativeShareSd": 0.0174783315633249,
      "wethBasis": 2.191428754932514,
      "tokenWeth": {
        "0xc0c17dd08263c16f6b64e772fb9b723bf1344ddf": 2.191428754932514
      },
      "tokenSd": {
        "0xd533a949740bb3306d119cc777fa900ba034cd52": 0.0174783315633249,
        "0xc0c17dd08263c16f6b64e772fb9b723bf1344ddf": 27345.937775841285
      }
    },
    {
      "tx": "0xa37f4e8a3635e634efc73b73cae28e24ffe1f9ccb8ee1e4d5b3641158241a520",
      "wethIn": 2.262458386691812,
      "wethOut": 2.2626836589143187,
      "sdIn": 28703.923029440564,
      "nativeIn": 20851.06295188671,
      "nativeOut": 20851.06295188671,
      "nativeShareSd": 0,
      "wethBasis": 2.262458386691812,
      "tokenWeth": {
        "0xc0c17dd08263c16f6b64e772fb9b723bf1344ddf": 2.262458386691812
      },
      "tokenSd": {
        "0xc0c17dd08263c16f6b64e772fb9b723bf1344ddf": 28703.923029440564
      }
    },
    {
      "tx": "0x258877f319f94a7fd99d07ae11767e11640af96317c75d2643a819ec96523cb1",
      "wethIn": 2.4656524038109797,
      "wethOut": 2.4671597110827537,
      "sdIn": 31228.99854017954,
      "nativeIn": 22835.112404581912,
      "nativeOut": 22835.112404581912,
      "nativeShareSd": 0,
      "wethBasis": 2.4656524038109797,
      "tokenWeth": {
        "0xc0c17dd08263c16f6b64e772fb9b723bf1344ddf": 2.4656524038109797
      },
      "tokenSd": {
        "0xc0c17dd08263c16f6b64e772fb9b723bf1344ddf": 31228.99854017954
      }
    },
    {
      "tx": "0x2879ab07b2df992f4c62e7e3e3a03e353eab6c314d21ab0fc414244fc2c609ca",
      "wethIn": 2.6044385510492285,
      "wethOut": 2.6023316431273655,
      "sdIn": 34069.80136044194,
      "nativeIn": 24181.740181429413,
      "nativeOut": 24181.740181429413,
      "nativeShareSd": 0,
      "wethBasis": 2.6044385510492285,
      "tokenWeth": {
        "0xc0c17dd08263c16f6b64e772fb9b723bf1344ddf": 2.604438551049229
      },
      "tokenSd": {
        "0xc0c17dd08263c16f6b64e772fb9b723bf1344ddf": 34069.80136044195
      }
    },
    {
      "tx": "0x1cbc5df7e6f85b607841660a270047a96d8cba5ccbf9341bbdd08e2fc72aba58",
      "wethIn": 2.288739848180925,
      "wethOut": 2.2892879570231646,
      "sdIn": 29491.96990638244,
      "nativeIn": 21310.554616627553,
      "nativeOut": 21310.554616627553,
      "nativeShareSd": 0,
      "wethBasis": 2.288739848180925,
      "tokenWeth": {
        "0xc0c17dd08263c16f6b64e772fb9b723bf1344ddf": 2.2887398481809256
      },
      "tokenSd": {
        "0xc0c17dd08263c16f6b64e772fb9b723bf1344ddf": 29491.96990638245
      }
    },
    {
      "tx": "0x7cb1de098e3905c83768e5db22f06f5a910d1339927f3ec9b50190480da417f2",
      "wethIn": 2.1126280426159645,
      "wethOut": 2.1147112309327563,
      "sdIn": 27881.463257305106,
      "nativeIn": 20146.92773294079,
      "nativeOut": 20146.92773294079,
      "nativeShareSd": 0,
      "wethBasis": 2.1126280426159645,
      "tokenWeth": {
        "0xa0b86991c6218b36c1d19d4a2e9eb0ce3606eb48": 2.1126280426159645
      },
      "tokenSd": {
        "0xa0b86991c6218b36c1d19d4a2e9eb0ce3606eb48": 27881.463257305106
      }
    },
    {
      "tx": "0x7cb6549616dcf35e2cdab726b59070168fdc194c84209d2e8c9d14451cb209d5",
      "wethIn": 1.9575244238083864,
      "wethOut": 1.9575234238083863,
      "sdIn": 25775.879247391662,
      "nativeIn": 18671.380702215345,
      "nativeOut": 18671.380702215345,
      "nativeShareSd": 0,
      "wethBasis": 1.9575244238083864,
      "tokenWeth": {
        "0xa0b86991c6218b36c1d19d4a2e9eb0ce3606eb48": 1.9575244238083862,
        "0xc02aaa39b223fe8d0a0e5c4f27ead9083c756cc2": 2.220446049250313e-16
      },
      "tokenSd": {
        "0xa0b86991c6218b36c1d19d4a2e9eb0ce3606eb48": 25775.87924739166,
        "0xc02aaa39b223fe8d0a0e5c4f27ead9083c756cc2": 2.9237923442852702e-12
      }
    },
    {
      "tx": "0xe2215f9199d38553e079e8a512e81795df0aaeda7c151612ffd61a3646005512",
      "wethIn": 1.7941426270784113,
      "wethOut": 1.7941416270784114,
      "sdIn": 23047.309789594452,
      "nativeIn": 16793.412598230007,
      "nativeOut": 16793.412598230007,
      "nativeShareSd": 0,
      "wethBasis": 1.7941426270784113,
      "tokenWeth": {
        "0xa0b86991c6218b36c1d19d4a2e9eb0ce3606eb48": 1.7941426270784115
      },
      "tokenSd": {
        "0xa0b86991c6218b36c1d19d4a2e9eb0ce3606eb48": 23047.309789594452
      }
    },
    {
      "tx": "0x4b1a7af9be708c17178559704f71923efe23d3cbee915f6a765588c3aac93b43",
      "wethIn": 2.616045094376144,
      "wethOut": 2.6140899121150425,
      "sdIn": 33589.231808808654,
      "nativeIn": 24423.997967216586,
      "nativeOut": 24423.997967216586,
      "nativeShareSd": 0,