Gauge Name;Gauge Address;Reward Token;Reward Address;Reward Amount;Reward sd Value;Share % per Protocol
FLE FRAX/FXS [Fraxtal];0x83Dc6775c1B0fc7AaA46680D78B04b4a3d4f5650;FXS;0x3432B6A60D23Ca0dFCa7761B7ab56459D9C964D0;28.072686;28.555918;9.20
FLE FXS/wfrxETH [Fraxtal];0x6f82A6551cc351Bc295602C3ea99C78EdACF590C;FXS;0x3432B6A60D23Ca0dFCa7761B7ab56459D9C964D0;64.095037;65.198343;21.00
Morpho Re7FRAX;0xE1e697Fd7EC9b3675808Ba8Ad508fD51cac756a3;FXS;0x3432B6A60D23Ca0dFCa7761B7ab56459D9C964D0;87.017848;88.515738;28.51
Convex stkcvxeUSDFRAXBP;0x4c9AD8c53d0a001E7fF08a3E5E26dE6795bEA5ac;FXS;0x3432B6A60D23Ca0dFCa7761B7ab56459D9C964D0;0.077414;0.078746;0.03
Convex stkcvxfrxETHWETH;0xB4fdD7444E1d86b2035c97124C46b1528802DA35;FXS;0x3432B6A60D23Ca0dFCa7761B7ab56459D9C964D0;125.992449;128.161232;41.27