{
  "amount": 2500,
  "timestamp": 1748141988,
  "period": 1747872000,
  "sdtPrice": 0.34554,
  "cvxPrice": 3.07,
  "delegationVotingPower": 1934018.9947731793,
  "apr": 0.7565585969025125
}