{
  "amount": 2500,
  "timestamp": 1748283140,
  "period": 1747872000,
  "sdtPrice": 0.321135,
  "cvxPrice": 3.07,
  "delegationVotingPower": 1934018.9947731793,
  "apr": 0.7031239364944385
}