{
  "amount": 2500,
  "timestamp": 1748168532,
  "period": 1747872000,
  "sdtPrice": 0.340648,
  "cvxPrice": 3.07,
  "delegationVotingPower": 1934018.9947731793,
  "apr": 0.7458475803601523
}