{
  "amount": 2500,
  "timestamp": 1748196619,
  "period": 1747872000,
  "sdtPrice": 0.320286,
  "cvxPrice": 3.07,
  "delegationVotingPower": 1934018.9947731793,
  "apr": 0.7012650540241885
}