{
  "amount": 2500,
  "timestamp": 1748227317,
  "period": 1747872000,
  "sdtPrice": 0.327203,
  "cvxPrice": 3.07,
  "delegationVotingPower": 1934018.9947731793,
  "apr": 0.7164098008401133
}