Gauge Name;Gauge Address;Reward Token;Reward Address;Reward Amount;Reward sd Value;Share % per Protocol
75SDEX25AaveLidoETH;0x4eB7C7fD67B9b2C24d9fF1601ccDa5A01bD40c7f;SDEX;0x5DE8ab7E27f6E7A1fFf3E5B337584Aa43961BEeF;287999.999963;237.449140;21.26
B-sdBAL-STABLE;0xDc2Df969EE5E66236B950F5c4c5f8aBe62035df2;SDT;0x73968b9a57c6E53d41345FD57a6E6ae27d6CDB2F;1935.151806;149.191897;13.36
20WETH-80ALCX;0x183d73da7adc5011ec3c46e33bb50271e59ec976;USDC;0xa0b86991c6218b36c1d19d4a2e9eb0ce3606eb48;72.364506;24.144250;2.16
Aave GHO/USDT/USDC;0xd3ea1345352047bd039bac9d4177c883e06d449d;USDC;0xa0b86991c6218b36c1d19d4a2e9eb0ce3606eb48;234.495163;78.238767;7.00
xUSD-vgUSDC;0xc13a3315806f097cee00e39c4285f5bf250dd8a4;USDC;0xa0b86991c6218b36c1d19d4a2e9eb0ce3606eb48;260.244633;86.830018;7.77
80TREE-20AavePrimeWETH;0xdbd4dd2d5e0b927022c2be8d493f20e79e60c2e7;USDC;0xa0b86991c6218b36c1d19d4a2e9eb0ce3606eb48;141.511281;47.214911;4.23
EURe-Aave USDC;0x7f49d37d0da53a4899bc0ba916f59ec9d4e6d1e2;USDC;0xa0b86991c6218b36c1d19d4a2e9eb0ce3606eb48;168.809282;56.322825;5.04
50WETH-50AURA;0x275df57d2b23d53e20322b4bb71bf1dcb21d0a00;AURA;0xc0c293ce456ff0ed870add98a0828dd4d2903dbf;8814.032936;193.217869;17.30
B-auraBAL-STABLE;0x0312aa8d0ba4a1969fddb382235870bf55f7f242;AURA;0xc0c293ce456ff0ed870add98a0828dd4d2903dbf;11148.548600;244.394231;21.88