{
  "protocol": "balancer",
  "period": 1763596800,
  "aggregator": "0x0000000a3Fc396B89e4c11841B39D9dff85a5D05",
  "totals": {
    "sdInTotal": 1117.0039081121445,
    "sdAssigned": 0,
    "wethInTotal": 1.216006375382222,
    "wethOutTotal": 1.2142033812249615
  },
  "dropped": {
    "tokensNotSwapped": [
      "0x5de8ab7e27f6e7a1fff3e5b337584aa43961beef",
      "0x73968b9a57c6e53d41345fd57a6e6ae27d6cdb2f",
      "0xa0b86991c6218b36c1d19d4a2e9eb0ce3606eb48",
      "0xc0c293ce456ff0ed870add98a0828dd4d2903dbf"
    ],
    "wethNotSwapped": false
  },
  "perToken": {
    "0x5de8ab7e27f6e7a1fff3e5b337584aa43961beef": {
      "mappedWeth": 0,
      "sd": 0
    },
    "0x73968b9a57c6e53d41345fd57a6e6ae27d6cdb2f": {
      "mappedWeth": 0,
      "sd": 0
    },
    "0xa0b86991c6218b36c1d19d4a2e9eb0ce3606eb48": {
      "mappedWeth": 0,
      "sd": 0
    },
    "0xc0c293ce456ff0ed870add98a0828dd4d2903dbf": {
      "mappedWeth": 0,
      "sd": 0
    }
  },
  "txs": [
    {
      "tx": "0x933c149c6d0aac9f71cd86eaeacc2af57f0804e132db1876bc59fc6c51137205",
      "wethIn": 0.41612884977177156,
      "wethOut": 0.41491638326208063,
      "sdIn": 386.64103671500084,
      "nativeIn": 1748.0332006110266,
      "nativeOut": 1748.0332006110266,
      "nativeShareSd": 0,
      "wethBasis": 0,
      "tokenWeth": {},
      "tokenSd": {}
    },
    {
      "tx": "0x446672f595fd47eaeec2105e10215593bec8807fc2135c02d2f221d324069d7f",
      "wethIn": 0.7998775256104504,
      "wethOut": 0.7992869979628808,
      "sdIn": 730.3628713971436,
      "nativeIn": 3309.390680625674,
      "nativeOut": 3309.3906806256746,
      "nativeShareSd": 4.547473508864641e-13,
      "wethBasis": 0,
      "tokenWeth": {},
      "tokenSd": {
        "0xba100000625a3754423978a60c9317c58a424e3d": 4.547473508864641e-13
      }
    }
  ]
}