Gauge Name;Gauge Address;Reward Token;Reward Address;Reward Amount;Reward sd Value;Share % per Protocol
OUSD+USDC ;0x1eF8B6Ea6434e722C916314caF8Bf16C81cAF2f9;CRV;0xD533a949740bb3306d119CC777fa900bA034cd52;611.276213;14927.505532;4.96
OETH+WETH ;0x36cC1d791704445A5b6b9c36a667e511d4702F3f;CRV;0xD533a949740bb3306d119CC777fa900bA034cd52;9439.056580;230503.929883;76.66
uniETH+frxETH ;0x86611888764D7F1787aAF9697894Ab0F78aA616b;CRV;0xD533a949740bb3306d119CC777fa900bA034cd52;336.960020;8228.641099;2.74
WBTC+uniBTC ;0xF73AAf236ffD467d2CC544055CA3559A0F7CD92C;CRV;0xD533a949740bb3306d119CC777fa900bA034cd52;1511.214562;36904.206741;12.27
scrvUSD+USDaf ;0x3e56EC9bD2992D9220eD615CEaeC59613cCac730;ASF;0x59a529070fBb61e6D6c91f952CcB7f35c34Cf8Aa;762.026900;10117.835931;3.36