{
  "protocol": "curve",
  "period": 1763596800,
  "aggregator": "0x0000000a3Fc396B89e4c11841B39D9dff85a5D05",
  "totals": {
    "sdInTotal": 281259.6676481932,
    "sdAssigned": 312858.12786464504,
    "wethInTotal": 23.902520478879232,
    "wethOutTotal": 0
  },
  "dropped": {
    "tokensNotSwapped": [
      "0x7a10f506e4c7658e6ad15fdf0443d450b7fa80d7",
      "0xa0b86991c6218b36c1d19d4a2e9eb0ce3606eb48",
      "0x01791f726b4103694969820be083196cc7c045ff",
      "0x11cdb42b0eb46d95f990bedd4695a6e3fa034978",
      "0x865377367054516e17014ccded1e7d814edc9ce4",
      "0xaf88d065e77c8cc2239327c5edb3a432268e5831",
      "0x76a9a0062ec6712b99b4f63bd2b4270185759dd5",
      "0x8ee73c484a26e0a5df2ee2a4960b789967dd0415",
      "0xe5020a6d073a794b6e7f05678707de47986fb0b6"
    ],
    "wethNotSwapped": true
  },
  "perToken": {
    "0x7159cc276d7d17ab4b3beb19959e1f39368a45ba": {
      "mappedWeth": 0.07798184829854675,
      "sd": 458.4709804474304
    },
    "0x7a10f506e4c7658e6ad15fdf0443d450b7fa80d7": {
      "mappedWeth": 0,
      "sd": 0
    },
    "0xa0b86991c6218b36c1d19d4a2e9eb0ce3606eb48": {
      "mappedWeth": 0,
      "sd": 0
    },
    "0x73968b9a57c6e53d41345fd57a6e6ae27d6cdb2f": {
      "mappedWeth": 0.5266661197482371,
      "sd": 2055.019472245025
    },
    "0x090185f2135308bad17527004364ebcc2d37e5f6": {
      "mappedWeth": 4.001980424731721,
      "sd": 14341.280750828018
    },
    "0xfa2b947eec368f42195f24f36d2af29f7c24cec2": {
      "mappedWeth": 2.4124933058262537,
      "sd": 8827.540578552758
    },
    "0x04acaf8d2865c0714f79da09645c13fd2888977f": {
      "mappedWeth": 0.6769690885079847,
      "sd": 5654.479676071965
    },
    "0x01791f726b4103694969820be083196cc7c045ff": {
      "mappedWeth": 0,
      "sd": 0
    },
    "0x09fd37d9aa613789c517e76df1c53aece2b60df4": {
      "mappedWeth": 0.047123149908427336,
      "sd": 277.0464821194875
    },
    "0x11cdb42b0eb46d95f990bedd4695a6e3fa034978": {
      "mappedWeth": 0,
      "sd": 0
    },
    "0x419905009e4656fdc02418c7df35b1e61ed5f726": {
      "mappedWeth": 0.5703088417154728,
      "sd": 7131.67824477958
    },
    "0x4e3fbd56cd56c3e72c1403e103b45db9da5b9d2b": {
      "mappedWeth": 0.14643349410497936,
      "sd": 855.4188440766159
    },
    "0x865377367054516e17014ccded1e7d814edc9ce4": {
      "mappedWeth": 0,
      "sd": 0
    },
    "0x59a529070fbb61e6d6c91f952ccb7f35c34cf8aa": {
      "mappedWeth": 0.03624571157099655,
      "sd": 215.76812660382274
    },
    "0x7fe24f1a024d33506966cb7ca48bab8c65fb632d": {
      "mappedWeth": 0.10334670685523557,
      "sd": 403.25262441683464
    },
    "0xdac17f958d2ee523a2206206994597c13d831ec7": {
      "mappedWeth": 0.08069452698993292,
      "sd": 316.887114337229
    },
    "0xaf88d065e77c8cc2239327c5edb3a432268e5831": {
      "mappedWeth": 0,
      "sd": 0
    },
    "0x76a9a0062ec6712b99b4f63bd2b4270185759dd5": {
      "mappedWeth": 0,
      "sd": 0
    },
    "0x8ee73c484a26e0a5df2ee2a4960b789967dd0415": {
      "mappedWeth": 0,
      "sd": 0
    },
    "0xe5020a6d073a794b6e7f05678707de47986fb0b6": {
      "mappedWeth": 0,
      "sd": 0
    },
    "0xd533a949740bb3306d119cc777fa900ba034cd52": {
      "mappedWeth": 0,
      "sd": 272321.2849701663
    }
  },
  "txs": [
    {
      "tx": "0x4795ba3802c9299ed93f02078d6f4370cc1ecea89d58fac67f731481bb027017",
      "wethIn": 2.7607497850082785,
      "wethOut": 0,
      "sdIn": 30277.911794622127,
      "nativeIn": 0,
      "nativeOut": 18912.911741631287,
      "nativeShareSd": 18912.911741631287,
      "wethBasis": 0,
      "tokenWeth": {},
      "tokenSd": {
        "0xd533a949740bb3306d119cc777fa900ba034cd52": 18912.911741631287
      }
    },
    {
      "tx": "0xa9e521933a38a7fd5e09fd39b2ba7d3840b38468e200860dbe0e5ca097952e6a",
      "wethIn": 2.782633879299556,
      "wethOut": 0,
      "sdIn": 30522.858027787643,
      "nativeIn": 0,
      "nativeOut": 18985.326625115074,
      "nativeShareSd": 18985.326625115074,
      "wethBasis": 0,
      "tokenWeth": {},
      "tokenSd": {
        "0xd533a949740bb3306d119cc777fa900ba034cd52": 18985.326625115074
      }
    },
    {
      "tx": "0xb050bff0a89922194084882dd87efd4543e52c379092841ff5cdb712024d2ae6",
      "wethIn": 2.477328863599496,
      "wethOut": 0,
      "sdIn": 27242.608543500566,
      "nativeIn": 0,
      "nativeOut": 17187.68915111694,
      "nativeShareSd": 17187.68915111694,
      "wethBasis": 0,
      "tokenWeth": {},
      "tokenSd": {
        "0xd533a949740bb3306d119cc777fa900ba034cd52": 17187.68915111694
      }
    },
    {
      "tx": "0x8a8156ffa05117028c25be95d36d9c1f5c3132d7f56b5ca1ed3a335cd78cc6a3",
      "wethIn": 2.3929680006115728,
      "wethOut": 0,
      "sdIn": 26573.87538938357,
      "nativeIn": 0,
      "nativeOut": 16866.714920211652,
      "nativeShareSd": 16866.714920211652,
      "wethBasis": 0,
      "tokenWeth": {},
      "tokenSd": {
        "0xd533a949740bb3306d119cc777fa900ba034cd52": 16866.714920211652
      }
    },
    {
      "tx": "0xafe5d95220cd6df1f39f81bff90fb53859587bda85d0868c6bdbe9fd2ba4e7bf",
      "wethIn": 2.582436549688075,
      "wethOut": 0,
      "sdIn": 29222.651079101244,
      "nativeIn": 0,
      "nativeOut": 18645.925629153237,
      "nativeShareSd": 18645.925629153237,
      "wethBasis": 0,
      "tokenWeth": {},
      "tokenSd": {
        "0xd533a949740bb3306d119cc777fa900ba034cd52": 18645.925629153237
      }
    },
    {
      "tx": "0x5344ee12c14cebdfe53fc2401263d1309fe2c1d4286d6b06ff05179ccb04dee8",
      "wethIn": 2.2261601824144686,
      "wethOut": 0,
      "sdIn": 24513.38278851504,
      "nativeIn": 0,
      "nativeOut": 15960.136350197781,
      "nativeShareSd": 15960.136350197781,
      "wethBasis": 0,
      "tokenWeth": {},
      "tokenSd": {
        "0xd533a949740bb3306d119cc777fa900ba034cd52": 15960.136350197781
      }
    },
    {
      "tx": "0x592e95f585e31417cb46809c22156eddca714a546d80674891245e43ac80207e",
      "wethIn": 2.4124933058262537,
      "wethOut": 0,
      "sdIn": 26177.304896126363,
      "nativeIn": 0,
      "nativeOut": 17349.764317573605,
      "nativeShareSd": 17349.764317573605,
      "wethBasis": 2.4124933058262537,
      "tokenWeth": {
        "0xfa2b947eec368f42195f24f36d2af29f7c24cec2": 2.4124933058262537
      },
      "tokenSd": {
        "0xd533a949740bb3306d119cc777fa900ba034cd52": 17349.764317573605,
        "0xfa2b947eec368f42195f24f36d2af29f7c24cec2": 8827.540578552758
      }
    },
    {
      "tx": "0xef60e9df588f10c007a9351887bc3bbfee18178aa61feae969d3e9843694e273",
      "wethIn": 2.1190385546853143,
      "wethOut": 0,
      "sdIn": 23103.542508603994,
      "nativeIn": 0,
      "nativeOut": 15358.085024681455,
      "nativeShareSd": 15358.085024681455,
      "wethBasis": 2.1190385546853143,
      "tokenWeth": {
        "0x090185f2135308bad17527004364ebcc2d37e5f6": 2.1190385546853143
      },
      "tokenSd": {
        "0xd533a949740bb3306d119cc777fa900ba034cd52": 15358.085024681455,
        "0x090185f2135308bad17527004364ebcc2d37e5f6": 7745.457483922539
      }
    },
    {
      "tx": "0xb96027c04e4b8ba4c73e7b4af03c67d78003558f7724ea45618a521738f491a5",
      "wethIn": 1.8829418700464073,
      "wethOut": 0,
      "sdIn": 20555.6078220958,
      "nativeIn": 0,
      "nativeOut": 13959.784555190321,
      "nativeShareSd": 13959.784555190321,
      "wethBasis": 1.8829418700464073,
      "tokenWeth": {
        "0x090185f2135308bad17527004364ebcc2d37e5f6": 1.8829418700464073
      },
      "tokenSd": {
        "0xd533a949740bb3306d119cc777fa900ba034cd52": 13959.784555190321,
        "0x090185f2135308bad17527004364ebcc2d37e5f6": 6595.82326690548
      }
    },
    {
      "tx": "0xa8e1383e1c6f671fe9e61d7e780476f3bac71901c8db50a1db3caf87fc88ef9a",
      "wethIn": 1.2472779302234573,
      "wethOut": 0,
      "sdIn": 31536.469996652475,
      "nativeIn": 0,
      "nativeOut": 21118.40538102053,
      "nativeShareSd": 21118.40538102053,
      "wethBasis": 1.2472779302234573,