Gauge Name;Gauge Address;Reward Token;Reward Address;Reward Amount;Reward sd Value;Share % per Protocol
YND+sdYND ;0x2BA46635Be14Ea6d3b27f0ed3C3881dC95AF8a13;YND;0x7159cc276D7d17Ab4b3bEb19959E1F39368a45Ba;65928.837531;170.462988;0.06
lend-crvUSD;0xC74796D3ec1a0165f2c127f3F50caa259823D36A;YND;0x7159cc276D7d17Ab4b3bEb19959E1F39368a45Ba;78371.660479;202.634658;0.07
ynRWAx+USDC ;0xc98179648625316A8e1763e58256D31f517ea02a;YND;0x7159cc276D7d17Ab4b3bEb19959E1F39368a45Ba;33019.277403;85.373334;0.03
USDFI+USDaf+ebUSD+BOLD ;0xF575337B54C101111DA80B7a2e5440F6177BFF1a;ebUSD;0x09fD37d9AA613789c517e76DF1c53aEce2b60Df4;129.780740;277.046482;0.10
OUSD+USDC ;0x1eF8B6Ea6434e722C916314caF8Bf16C81cAF2f9;CRV;0xD533a949740bb3306d119CC777fa900bA034cd52;611.276213;13990.286220;4.97
OETH+WETH ;0x36cC1d791704445A5b6b9c36a667e511d4702F3f;CRV;0xD533a949740bb3306d119CC777fa900bA034cd52;9439.056580;216031.804299;76.81
uniETH+frxETH ;0x86611888764D7F1787aAF9697894Ab0F78aA616b;CRV;0xD533a949740bb3306d119CC777fa900bA034cd52;336.960020;7712.008140;2.74
reUSD+sfrxUSD ;0x5C0B03914f68F2717d779a0211fd98C2CC45a4dD;RSUP;0x419905009e4656fdC02418C7Df35B1E61Ed5F726;708.439670;989.707365;0.35
reUSD+fxUSD ;0xf84657ca6Db485EA38c63ca96dc396c2b3c6fdcC;RSUP;0x419905009e4656fdC02418C7Df35B1E61Ed5F726;336.145531;469.603443;0.17
lend-crvUSD;0x29E9975561fAD3A7988CA96361AB5c5317CB32Af;RSUP;0x419905009e4656fdC02418C7Df35B1E61Ed5F726;3385.278626;4729.316174;1.68
WETH+RSUP ;0x09F62a6777032329C0d49F1FD4fBe9b3468CDa56;RSUP;0x419905009e4656fdC02418C7Df35B1E61Ed5F726;675.042895;943.051263;0.34
CVX+clevCVX ;0x7970489a543FB237ABab63d62524d8A5CE165B86;CVX;0x4e3FBD56CD56c3e72c1403e103b45Db9da5B9D2B;153.729984;529.683504;0.19
WBTC+uniBTC ;0xF73AAf236ffD467d2CC544055CA3559A0F7CD92C;CRV;0xD533a949740bb3306d119CC777fa900bA034cd52;1511.214562;34587.186312;12.30
CVX+afCVX ;0x9755e37A291a37d8a0AB0828699A59b445477514;CVX;0x4e3FBD56CD56c3e72c1403e103b45Db9da5B9D2B;94.538131;325.735340;0.12
scrvUSD+USDaf ;0x3e56EC9bD2992D9220eD615CEaeC59613cCac730;ASF;0x59a529070fBb61e6D6c91f952CcB7f35c34Cf8Aa;762.026900;215.768127;0.08