Gauge Name;Gauge Address;Reward Token;Reward Address;Reward Amount;Reward sd Value;Share % per Protocol
msUSD+fxUSD;0x2122a2bee97545595550b85379AC7676Fd21a5B4;USDC;0xA0b86991c6218b36c1d19D4a2e9Eb0cE3606eB48;2007.725158;33.277256;45.75
fxUSD Stability Pool V2.0 (Rewards FXN);0x215D87bd3c7482E2348338815E059DE07Daf798A;WETH;0xC02aaA39b223FE8D0A0e5C4F27eAD9083C756Cc2;0.576730;37.308856;51.30
alUSD+fxUSD;0x9c7003bC16F2A1AA47451C858FEe6480B755363e;ALCX;0xdBdb4d16EdA451D0503b854CF79D55697F90c8DF;15.866076;2.143570;2.95