Period;Gauge Name;Gauge Address;Reward Token;Reward Address;Reward Amount;Reward sd Value;Share % per Protocol
1758758400;alUSD - 23OCT2025;0x79f06a8dC564717A9aD418049d0BE9A60f2646c0;WETH;0xC02aaA39b223FE8D0A0e5C4F27eAD9083C756Cc2;0.223887;244.128380;71.73
1758758400;uniBTC - 18DEC2025;0x4c60AB7cE24D4D7268317f44b6DC3d6530864E86;WETH;0xC02aaA39b223FE8D0A0e5C4F27eAD9083C756Cc2;0.088222;96.198545;28.27