{
  "amount": 2500,
  "timestamp": 1750716600,
  "period": 1750291200,
  "sdtPrice": 0.227513,
  "cvxPrice": 2.76,
  "delegationVotingPower": 1988136.7602469628,
  "apr": 0.5390067848076188
}