{
  "amount": 2500,
  "timestamp": 1750627159,
  "period": 1750291200,
  "sdtPrice": 0.209249,
  "cvxPrice": 2.76,
  "delegationVotingPower": 1988136.7602469628,
  "apr": 0.4957370818995371
}