{
  "amount": 2500,
  "timestamp": 1750702385,
  "period": 1750291200,
  "sdtPrice": 0.221002,
  "cvxPrice": 2.76,
  "delegationVotingPower": 1988136.7602469628,
  "apr": 0.5235814105394124
}