{
  "amount": 2500,
  "timestamp": 1750750743,
  "period": 1750291200,
  "sdtPrice": 0.22219,
  "cvxPrice": 2.76,
  "delegationVotingPower": 1988136.7602469628,
  "apr": 0.5263959312936175
}