{
  "amount": 2500,
  "timestamp": 1750630054,
  "period": 1750291200,
  "sdtPrice": 0.20859,
  "cvxPrice": 2.76,
  "delegationVotingPower": 1988136.7602469628,
  "apr": 0.4941758283835262
}