Gauge Name;Gauge Address;Reward Token;Reward Address;Reward Amount;Reward sd Value;Share % per Protocol
ETH+OETH ;0xd03BE91b1932715709e18021734fcB91BB431715;CRV;0xD533a949740bb3306d119CC777fa900bA034cd52;6303.496735;8773.691927;4.70
USDC+USDf ;0x156527deF9a2AB4F54C849575f23dC4BB439d9d9;USDf;0xFa2B947eEc368f42195f24F36d2aF29f7c24CeC2;5586.946685;12164.549977;6.51
alETH+pxETH ;0x4C5a449c6B81b800938EFCCDB41970e9CF9eC478;ALCX;0xdBdb4d16EdA451D0503b854CF79D55697F90c8DF;99.986618;1967.124480;1.05
sUSD+sUSDe ;0x411387Be45F5c001159f3d76e26Fe7D200e5Dc71;USDC;0xA0b86991c6218b36c1d19D4a2e9Eb0cE3606eB48;7979.701328;17444.694597;9.34
msUSD+FRAXBP ;0xd5f2e6612E41bE48461FDBA20061E3c778Fe6EC4;USDC;0xA0b86991c6218b36c1d19D4a2e9Eb0cE3606eB48;3904.960224;8536.765440;4.57
msETH+WETH ;0x4e227d29b33B77113F84bcC189a6F886755a1f24;USDC;0xA0b86991c6218b36c1d19D4a2e9Eb0cE3606eB48;2831.567776;6190.185955;3.31
reUSD+scrvUSD ;0xaF01d68714E7eA67f43f08b5947e367126B889b1;RSUP;0x419905009e4656fdC02418C7Df35B1E61Ed5F726;9928.626796;50657.736483;27.12
reUSD+sfrxUSD ;0x5C0B03914f68F2717d779a0211fd98C2CC45a4dD;RSUP;0x419905009e4656fdC02418C7Df35B1E61Ed5F726;227.988825;1163.242214;0.62
WETH+RSUP ;0x09F62a6777032329C0d49F1FD4fBe9b3468CDa56;RSUP;0x419905009e4656fdC02418C7Df35B1E61Ed5F726;1881.184114;9598.158041;5.14
reUSD+sDOLA ;0xCB25249bFA8CdB6012a75070E5C2885151368Bef;RSUP;0x419905009e4656fdC02418C7Df35B1E61Ed5F726;191.447778;976.802864;0.52
MIM+3Crv ;0xd8b712d29381748dB89c36BCa0138d7c75866ddF;SPELL;0x090185f2135308BaD17527004364eBcC2D37e5F6;31786765.034499;34790.032284;18.62
CVX+clevCVX ;0x7970489a543FB237ABab63d62524d8A5CE165B86;CVX;0x4e3FBD56CD56c3e72c1403e103b45Db9da5B9D2B;380.080477;2177.942714;1.17
ETH+ETHx ;0x7671299eA7B4bbE4f3fD305A994e6443b4be680E;SD;0x30D20208d987713f46DFD34EF128Bb16C404D10f;5244.612775;5667.940619;3.03
CVX1+cvgCVX ;0xeE624fCbb0C197E41ffc58999e6D35b9B893533E;crvUSD;0xf939E0A03FB07F59A73314E73794Be0E57ac1b4E;294.575494;645.203164;0.35
DOLA+sUSDS ;0x8B0aBcFC78a5c14520682FCD76A0E52B71126079;INV;0x41D5D79431A913C4aE7d69a668ecdfE5fF9DFB68;127.932303;7460.993692;3.99
DOLA+sUSDe ;0x8f5e52BE9B7BDe850BA13e40284F63f14677058f;INV;0x41D5D79431A913C4aE7d69a668ecdfE5fF9DFB68;189.198992;11034.058304;5.91
WETH+SDT ;0xB84637aB9Be835580821A67823f414FFd0bbf625;CRV;0xD533a949740bb3306d119CC777fa900bA034cd52;5421.659718;7546.283294;4.04