Gauge Name;Gauge Address;Reward Token;Reward Address;Reward Amount;Reward sd Value;Share % per Protocol
B-sdBAL-STABLE;0xDc2Df969EE5E66236B950F5c4c5f8aBe62035df2;SDT;0x73968b9a57c6E53d41345FD57a6E6ae27d6CDB2F;219.093504;36.731022;2.74
EURe-Aave USDC;0x7f49d37D0dA53A4899Bc0ba916F59Ec9D4E6d1e2;USDC;0xA0b86991c6218b36c1d19D4a2e9Eb0cE3606eB48;541.574774;647.899698;48.29
Aave GHO/USDT/USDC;0x9fdD52eFEb601E4Bc78b89C6490505B8aC637E9f;USDC;0xA0b86991c6218b36c1d19D4a2e9Eb0cE3606eB48;219.971144;263.157083;19.61
Surge tETH-Lido wstETH;0xd5A0Eb558d62780B10Ecc202D0049B89F6145073;USDC;0xA0b86991c6218b36c1d19D4a2e9Eb0cE3606eB48;32.955999;39.426101;2.94
RDNT-WETH;0x8135d6AbFd42707A87A7b94c5CFA3529f9b432AD;USDC;0xA0b86991c6218b36c1d19D4a2e9Eb0cE3606eB48;141.745115;169.573292;12.64
50wstETH-50ACX;0xf7B0751Fea697cf1A541A5f57D11058a8fB794ee;USDC;0xA0b86991c6218b36c1d19D4a2e9Eb0cE3606eB48;111.042202;132.842615;9.90
Aave USDC-Aave GHO;0x1dA19f38Eb6F2c22199dC0848118b26095C29aEd;USDC;0xA0b86991c6218b36c1d19D4a2e9Eb0cE3606eB48;43.499720;52.039823;3.88