{
  "protocol": "curve",
  "period": 1775088000,
  "aggregator": "0x0000000a3Fc396B89e4c11841B39D9dff85a5D05",
  "totals": {
    "sdInTotal": 340941.95086576213,
    "sdAssigned": 340941.95086576213,
    "wethInTotal": 24.23260123381573,
    "wethOutTotal": 24.23123115077246
  },
  "dropped": {
    "tokensNotSwapped": [],
    "wethNotSwapped": false
  },
  "perToken": {
    "0xa0b86991c6218b36c1d19d4a2e9eb0ce3606eb48": {
      "mappedWeth": 7.260861956423868,
      "sd": 102311.5757111515
    },
    "0x73968b9a57c6e53d41345fd57a6e6ae27d6cdb2f": {
      "mappedWeth": 0.06765349684438599,
      "sd": 925.9967276764011
    },
    "0x2a8e1e676ec238d8a992307b495b45b3feaa5e86": {
      "mappedWeth": 0.2351642898382635,
      "sd": 3260.122163170019
    },
    "0xc0c17dd08263c16f6b64e772fb9b723bf1344ddf": {
      "mappedWeth": 11.43727074438215,
      "sd": 161518.12066006943
    },
    "0xf4c13d631450de6b12a19829e37c8e2826891dc4": {
      "mappedWeth": 0.013596911409540812,
      "sd": 186.10561255542126
    },
    "0x01791f726b4103694969820be083196cc7c045ff": {
      "mappedWeth": 0.817526676840276,
      "sd": 11333.510032423545
    },
    "0x04acaf8d2865c0714f79da09645c13fd2888977f": {
      "mappedWeth": 4.006870432383695,
      "sd": 55956.267454399946
    },
    "0x4e3fbd56cd56c3e72c1403e103b45db9da5b9d2b": {
      "mappedWeth": 0.353406231842772,
      "sd": 4899.330122891632
    },
    "0xf939e0a03fb07f59a73314e73794be0e57ac1b4e": {
      "mappedWeth": 0.040250493850782526,
      "sd": 550.9223814241999
    }
  },
  "txs": [
    {
      "tx": "0x78c4ca253247cfd6c42c496fa75976a1dc3019794e7f2f01b612710918b4ebfa",
      "wethIn": 2.335878595801797,
      "wethOut": 2.335877595801797,
      "sdIn": 34215.215398667446,
      "nativeIn": 23122.783572583718,
      "nativeOut": 23122.783572583718,
      "nativeShareSd": 0,
      "wethBasis": 2.335878595801797,
      "tokenWeth": {
        "0xc0c17dd08263c16f6b64e772fb9b723bf1344ddf": 2.335878595801797
      },
      "tokenSd": {
        "0xc0c17dd08263c16f6b64e772fb9b723bf1344ddf": 34215.215398667446
      }
    },
    {
      "tx": "0xfc226e135e450be6bd15c0fdc2a4272cb1436f5643093fac1b3dd96895c630e5",
      "wethIn": 2.258868486584526,
      "wethOut": 2.258867486584526,
      "sdIn": 32336.689110538067,
      "nativeIn": 22126.525286005835,
      "nativeOut": 22126.525286005835,
      "nativeShareSd": 0,
      "wethBasis": 2.258868486584526,
      "tokenWeth": {
        "0xc0c17dd08263c16f6b64e772fb9b723bf1344ddf": 2.258868486584526
      },
      "tokenSd": {
        "0xc0c17dd08263c16f6b64e772fb9b723bf1344ddf": 32336.689110538067
      }
    },
    {
      "tx": "0xa9cc5abf7e3382fdf1cee21dedfebecc671dc8a41f9514ffdad0ef27abfd51cd",
      "wethIn": 2.234017451833893,
      "wethOut": 2.23454337257845,
      "sdIn": 31305.68780422717,
      "nativeIn": 21667.9737212612,
      "nativeOut": 21668.000604114506,
      "nativeShareSd": 0.02688285330441431,
      "wethBasis": 2.234017451833893,
      "tokenWeth": {
        "0xc0c17dd08263c16f6b64e772fb9b723bf1344ddf": 2.2340174518338936
      },
      "tokenSd": {
        "0xd533a949740bb3306d119cc777fa900ba034cd52": 0.02688285330441431,
        "0xc0c17dd08263c16f6b64e772fb9b723bf1344ddf": 31305.66092137387
      }
    },
    {
      "tx": "0xc1de83e0d0e87fd24829612fac6e5b522a1cc81ace260ce5a4786fb4c6b2f5d4",
      "wethIn": 2.3163932552584905,
      "wethOut": 2.3163922552584904,
      "sdIn": 31813.525196537063,
      "nativeIn": 22251.72785837406,
      "nativeOut": 22251.72785837406,
      "nativeShareSd": 0,
      "wethBasis": 2.3163932552584905,
      "tokenWeth": {
        "0xc0c17dd08263c16f6b64e772fb9b723bf1344ddf": 2.3163932552584905
      },
      "tokenSd": {
        "0xc0c17dd08263c16f6b64e772fb9b723bf1344ddf": 31813.525196537063
      }
    },
    {
      "tx": "0x0635ceffc327edd8f3343f0e72b5449a1051056e4c9aa1974d7106d90689aa0e",
      "wethIn": 2.292112954903442,
      "wethOut": 2.292111954903442,
      "sdIn": 31847.017297447954,
      "nativeIn": 21984.729326716126,
      "nativeOut": 21984.729326716126,
      "nativeShareSd": 0,
      "wethBasis": 2.292112954903442,
      "tokenWeth": {
        "0xc0c17dd08263c16f6b64e772fb9b723bf1344ddf": 2.292112954903442
      },
      "tokenSd": {
        "0xc0c17dd08263c16f6b64e772fb9b723bf1344ddf": 31847.017297447954
      }
    },
    {
      "tx": "0x4c5d120d435a7854325e59a1160db010bd823272bf993e37497370155cb6b919",
      "wethIn": 2.39093825125138,
      "wethOut": 2.391990131986269,
      "sdIn": 33871.80672923155,
      "nativeIn": 22977.27735353212,
      "nativeOut": 22977.27735353212,
      "nativeShareSd": 0,
      "wethBasis": 2.39093825125138,
      "tokenWeth": {
        "0xa0b86991c6218b36c1d19d4a2e9eb0ce3606eb48": 2.3909382512513804
      },
      "tokenSd": {
        "0xa0b86991c6218b36c1d19d4a2e9eb0ce3606eb48": 33871.80672923156
      }
    },
    {
      "tx": "0x13fd7d14637dbbf8c617d022dd4822f38b47b1e242c70c4305c25b2776520c02",
      "wethIn": 2.5405060462376214,
      "wethOut": 2.5405050462376213,
      "sdIn": 35704.614141452796,
      "nativeIn": 24703.09389100011,
      "nativeOut": 24703.09389100011,
      "nativeShareSd": 0,
      "wethBasis": 2.5405060462376214,
      "tokenWeth": {
        "0xa0b86991c6218b36c1d19d4a2e9eb0ce3606eb48": 2.5405060462376214
      },
      "tokenSd": {
        "0xa0b86991c6218b36c1d19d4a2e9eb0ce3606eb48": 35704.614141452796
      }
    },
    {
      "tx": "0x7af53babd4fe234616b9db07008826f2792b4ef9f4e58f4ad91f60d53deed1a5",
      "wethIn": 2.329417658934867,
      "wethOut": 2.330200202897759,
      "sdIn": 32735.14677332532,
      "nativeIn": 22820.165684232783,
      "nativeOut": 22820.165684232783,
      "nativeShareSd": 0,
      "wethBasis": 2.329417658934867,
      "tokenWeth": {
        "0xa0b86991c6218b36c1d19d4a2e9eb0ce3606eb48": 2.329417658934867
      },
      "tokenSd": {
        "0xa0b86991c6218b36c1d19d4a2e9eb0ce3606eb48": 32735.14677332532
      }
    },
    {
      "tx": "0x8623414ea89214ddff821759a873d0dd3795ccee77c5153278ad08d456e1dc01",
      "wethIn": 1.9841019378541394,
      "wethOut": 1.9841009378541394,
      "sdIn": 27801.19627525832,
      "nativeIn": 19378.790795005214,
      "nativeOut": 19378.790795005214,
      "nativeShareSd": 0,
      "wethBasis": 1.9841019378541394,
      "tokenWeth": {
        "0x04acaf8d2865c0714f79da09645c13fd2888977f": 1.9841019378541394
      },
      "tokenSd": {
        "0x04acaf8d2865c0714f79da09645c13fd2888977f": 27801.19627525832
      }
    },
    {
      "tx": "0xcc5671a5deaa1047232d4019109c34c86d129991d8e22d6824ca899ef30447a9",
      "wethIn": 2.022768494529556,
      "wethOut": 2.0228127204024857,
      "sdIn": 28155.06676705881,
      "nativeIn": 19618.462407204188,
      "nativeOut": 19618.462407204188,
      "nativeShareSd": 0,
      "wethBasis": 2.022768494529556,
      "tokenWeth": {
        "0x04acaf8d2865c0714f79da09645c13fd2888977f": 2.022768494529556
      },
      "tokenSd": {
        "0x04acaf8d2865c0714f79da09645c13fd2888977f": 28155.06676705881
      }
    },
    {
      "tx": "0xb4d59dadc45b72083912c1390774e50388220972e2ef967b211928c955c2eb14",
      "wethIn": 1.4060971985213113,
      "wethOut": 1.4042605057002502,
      "sdIn": 19492.960781489102,
      "nativeIn": 13627.98285625651,
      "nativeOut": 13627.98285625651,
      "nativeShareSd": 0,
      "wethBasis": 1.4060971985213113,
      "tokenWeth": {
        "0x2a8e1e676ec238d8a992307b495b45b3feaa5e86": 0.2351642898382635,
        "0x01791f726b4103694969820be083196cc7c045ff": 0.817526676840276,
        "0x4e3fbd56cd56c3e72c1403e103b45db9da5b9d2b": 0.353406231842772
      },
      "tokenSd": {
        "0x2a8e1e676ec238d8a992307b495b45b3feaa5e86": 3260.1219061133984,
        "0x01791f726b4103694969820be083196cc7c045ff": 11333.509138790227,
        "0x4e3fbd56cd56c3e72c1403e103b45db9da5b9d2b": 4899.329736585481
      }
    },
    {
      "tx": "0xec7766afd136a4c6d9f77bd2e93dda8f71ce2f7ebf29d86ff5e6cd025cefc6b4",