{
  "sdspectra.eth": 17.533687090709986,
  "sdcrv.eth": 22.759812956201365,
  "sdbal.eth": 18.393524817796255,
  "sdfxn.eth": 15.448524766593197,
  "sdpendle.eth": 0
}