Gauge Name;Gauge Address;Reward Token;Reward Address;Reward Amount;Reward sd Value;Share % per Protocol
ETH+frxETH ;0x2932a86df44Fe8D2A706d8e9c5d51c24883423F5;FXS;0x3432B6A60D23Ca0dFCa7761B7ab56459D9C964D0;243.390918;2168.729611;1.38
MIM+3Crv ;0xd8b712d29381748dB89c36BCa0138d7c75866ddF;SPELL;0x090185f2135308BaD17527004364eBcC2D37e5F6;9985809.172007;24286.683882;15.43
FRAX+USDC ;0xCFc25170633581Bf896CB6CDeE170e3E3Aa59503;FXS;0x3432B6A60D23Ca0dFCa7761B7ab56459D9C964D0;269.097950;2397.791575;1.52
WETH+CVG ;0x16A3a047fC1D388d5846a73ACDb475b11228c299;CVG;0x97efFB790f2fbB701D88f89DB4521348A2B77be8;8583.173002;5587.970672;3.55
ETH+OETH ;0xd03BE91b1932715709e18021734fcB91BB431715;OGN;0x8207c1FfC5B6804F6024322CcF34F29c3541Ae26;66787.897968;23045.143710;14.64
crvUSD+zunUSD ;0xB1A829a05E618F7C4f50Cb86f8F64Fb86e42dE5a;ZUN;0x6b5204B0Be36771253Cc38e88012E02B752f0f36;5425.250679;4554.202770;2.89
arbi-zunUSD+crvUSD ;0x5C5480A5C90EAcb8f31028f0f0eA9a716d04028D;ZUN;0x6b5204B0Be36771253Cc38e88012E02B752f0f36;9522.691665;7993.781545;5.08
ETHFI+weETH ;0x6579758e9E85434450D638cFBEA0F2fe79856ddA;weETH;0xCd5fE23C85820F7B72D0926FC9b05b43E359b7ee;0.281609;3579.991888;2.27
ETH+ETHx ;0x7671299eA7B4bbE4f3fD305A994e6443b4be680E;SD;0x30D20208d987713f46DFD34EF128Bb16C404D10f;1040.338537;2223.673246;1.41
DOLA+crvUSD ;0xEcAD6745058377744c09747b2715c0170B5699e5;INV;0x41D5D79431A913C4aE7d69a668ecdfE5fF9DFB68;41.326607;4209.223601;2.67
USDC+WETH+INV ;0x4Fc86cd0F9b650280Fa783e3116258e0E0496A2c;INV;0x41D5D79431A913C4aE7d69a668ecdfE5fF9DFB68;53.074448;5405.772102;3.43
DOLA+FRAXBP ;0xBE266d68Ce3dDFAb366Bb866F4353B6FC42BA43c;INV;0x41D5D79431A913C4aE7d69a668ecdfE5fF9DFB68;64.279002;6546.985351;4.16
DOLA+FRAXPYUSD ;0x4B092818708A721cB187dFACF41f440ADb79044D;INV;0x41D5D79431A913C4aE7d69a668ecdfE5fF9DFB68;576.933634;58762.207385;37.33
alETH+WETH ;0xB251c0885c7c1975D773B57e67c138FBcEaa6db4;ALCX;0xdBdb4d16EdA451D0503b854CF79D55697F90c8DF;71.582593;4298.001368;2.73
alUSD+3Crv ;0x9582C4ADACB3BCE56Fea3e590F05c3ca2fb9C477;ALCX;0xdBdb4d16EdA451D0503b854CF79D55697F90c8DF;38.875783;2334.201114;1.48