{
  "rewardValueUSD": 61621.753712714075,
  "usdPerCVX": 0.012833815805932814,
  "totalVotingPower": 4152360.14122528,
  "delegationVotingPower": 4801514.580272188,
  "delegationShare": 1.1563338479728678,
  "timestamp": 1761782400,
  "periodStartBlock": 23636491,
  "periodEndBlock": 1761609600
}