Gauge Name;Gauge Address;Reward Token;Reward Address;Reward Amount;Reward sd Value;Share % per Protocol
B-sdBAL-STABLE;0xDc2Df969EE5E66236B950F5c4c5f8aBe62035df2;SDT;0x73968b9a57c6E53d41345FD57a6E6ae27d6CDB2F;1442.553550;120.067821;40.36
RDNT-WETH;0x8135d6abfd42707a87a7b94c5cfa3529f9b432ad;USDC;0xa0b86991c6218b36c1d19d4a2e9eb0ce3606eb48;51.901711;18.433679;6.20
Aave GHO/USDT/USDC;0x9fdd52efeb601e4bc78b89c6490505b8ac637e9f;USDC;0xa0b86991c6218b36c1d19d4a2e9eb0ce3606eb48;39.169492;13.911638;4.68
Surge tETH-Lido wstETH;0xd5a0eb558d62780b10ecc202d0049b89f6145073;USDC;0xa0b86991c6218b36c1d19d4a2e9eb0ce3606eb48;95.907350;34.062947;11.45
EURe-Aave USDC;0x7f49d37d0da53a4899bc0ba916f59ec9d4e6d1e2;USDC;0xa0b86991c6218b36c1d19d4a2e9eb0ce3606eb48;305.174637;108.387393;36.43
Aave USDC-Aave GHO;0x1da19f38eb6f2c22199dc0848118b26095c29aed;USDC;0xa0b86991c6218b36c1d19d4a2e9eb0ce3606eb48;7.492591;2.661107;0.89