{
  "protocol": "curve",
  "period": 1766620800,
  "aggregator": "0x0000000a3Fc396B89e4c11841B39D9dff85a5D05",
  "totals": {
    "sdInTotal": 282545.9456222942,
    "sdAssigned": 282545.94562229415,
    "wethInTotal": 22.418852349559362,
    "wethOutTotal": 22.414887573513955
  },
  "dropped": {
    "tokensNotSwapped": [
      "0x76a9a0062ec6712b99b4f63bd2b4270185759dd5",
      "0x8ee73c484a26e0a5df2ee2a4960b789967dd0415",
      "0x833589fcd6edb6e08f4c7c32d4f71b54bda02913"
    ],
    "wethNotSwapped": false
  },
  "perToken": {
    "0x76a9a0062ec6712b99b4f63bd2b4270185759dd5": {
      "mappedWeth": 0,
      "sd": 0
    },
    "0x8ee73c484a26e0a5df2ee2a4960b789967dd0415": {
      "mappedWeth": 0,
      "sd": 0
    },
    "0x833589fcd6edb6e08f4c7c32d4f71b54bda02913": {
      "mappedWeth": 0,
      "sd": 0
    },
    "0x04acaf8d2865c0714f79da09645c13fd2888977f": {
      "mappedWeth": 5.506785442997643,
      "sd": 66944.38930817875
    },
    "0xdd468a1ddc392dcdbef6db6e34e89aa338f9f186": {
      "mappedWeth": 0.3288533443615515,
      "sd": 4423.894723912591
    },
    "0xf939e0a03fb07f59a73314e73794be0e57ac1b4e": {
      "mappedWeth": 0.08526778297002036,
      "sd": 1074.9727292768912
    },
    "0xa0b86991c6218b36c1d19d4a2e9eb0ce3606eb48": {
      "mappedWeth": 7.862677549173759,
      "sd": 95283.05235888908
    },
    "0x4e3fbd56cd56c3e72c1403e103b45db9da5b9d2b": {
      "mappedWeth": 0.11692087315478446,
      "sd": 1447.7300330847106
    },
    "0x01791f726b4103694969820be083196cc7c045ff": {
      "mappedWeth": 2.365515958381945,
      "sd": 31822.06824727197
    },
    "0x59a529070fbb61e6d6c91f952ccb7f35c34cf8aa": {
      "mappedWeth": 0.1379337212260876,
      "sd": 1707.9139541643904
    },
    "0x7fe24f1a024d33506966cb7ca48bab8c65fb632d": {
      "mappedWeth": 0.10449286406328481,
      "sd": 1317.343730064636
    },
    "0x090185f2135308bad17527004364ebcc2d37e5f6": {
      "mappedWeth": 2.5762285291323943,
      "sd": 32102.99815946382
    },
    "0x865377367054516e17014ccded1e7d814edc9ce4": {
      "mappedWeth": 2.9277167914743374,
      "sd": 35367.57227098031
    },
    "0xdac17f958d2ee523a2206206994597c13d831ec7": {
      "mappedWeth": 0.28231442841366894,
      "sd": 3495.655358701769
    },
    "0x7159cc276d7d17ab4b3beb19959e1f39368a45ba": {
      "mappedWeth": 0.12414506420988929,
      "sd": 1565.099429721079
    },
    "0xd533a949740bb3306d119cc777fa900ba034cd52": {
      "mappedWeth": 0,
      "sd": 5993.255318584179
    }
  },
  "txs": [
    {
      "tx": "0xa5d2d226bef739516bf8e10d21f45cb22b4d706d38378844053e991b4ccafa6b",
      "wethIn": 2.763221477734676,
      "wethOut": 2.763220477734676,
      "sdIn": 33657.06422305558,
      "nativeIn": 20566.826646296526,
      "nativeOut": 20566.926404531707,
      "nativeShareSd": 0.09975823518107063,
      "wethBasis": 2.763221477734676,
      "tokenWeth": {
        "0xa0b86991c6218b36c1d19d4a2e9eb0ce3606eb48": 2.763221477734676
      },
      "tokenSd": {
        "0xd533a949740bb3306d119cc777fa900ba034cd52": 0.09975823518107063,
        "0xa0b86991c6218b36c1d19d4a2e9eb0ce3606eb48": 33656.9644648204
      }
    },
    {
      "tx": "0x4678d2609749ada1c26d8d1e66bed568a44913c5ae44002750057b86bd588b83",
      "wethIn": 2.8431814709475867,
      "wethOut": 2.8431804709475865,
      "sdIn": 34117.686173801536,
      "nativeIn": 21135.640744674132,
      "nativeOut": 21135.640744674132,
      "nativeShareSd": 0,
      "wethBasis": 2.8431814709475867,
      "tokenWeth": {
        "0xa0b86991c6218b36c1d19d4a2e9eb0ce3606eb48": 2.8431814709475867
      },
      "tokenSd": {
        "0xa0b86991c6218b36c1d19d4a2e9eb0ce3606eb48": 34117.686173801536
      }
    },
    {
      "tx": "0x8149cd5774bfbc1e1012b1e48f74cef133c76cc0484238d632acf632d95a5763",
      "wethIn": 2.2562746004914964,
      "wethOut": 2.2562736004914963,
      "sdIn": 27508.40172026715,
      "nativeIn": 16796.28969874732,
      "nativeOut": 16796.28969874732,
      "nativeShareSd": 0,
      "wethBasis": 2.2562746004914964,
      "tokenWeth": {
        "0xa0b86991c6218b36c1d19d4a2e9eb0ce3606eb48": 2.2562746004914964
      },
      "tokenSd": {
        "0xa0b86991c6218b36c1d19d4a2e9eb0ce3606eb48": 27508.40172026715
      }
    },
    {
      "tx": "0xc96b5a4dc256a5cfb40ce081fa9b42e7a390220e925252f67c134fedfefa597f",
      "wethIn": 2.9641934769193226,
      "wethOut": 2.9641924769193224,
      "sdIn": 36063.5889761559,
      "nativeIn": 22103.810982501855,
      "nativeOut": 22103.810982501855,
      "nativeShareSd": 0,
      "wethBasis": 2.9641934769193226,
      "tokenWeth": {
        "0x04acaf8d2865c0714f79da09645c13fd2888977f": 2.9641934769193226
      },
      "tokenSd": {
        "0x04acaf8d2865c0714f79da09645c13fd2888977f": 36063.5889761559
      }
    },
    {
      "tx": "0x6f69306b32cd426df9fea29f2f346c99878501f70f5ef96d22fb3d9fbebf9dbe",
      "wethIn": 2.5425919660783203,
      "wethOut": 2.5426918598067085,
      "sdIn": 30880.800332022845,
      "nativeIn": 18982.531400498025,
      "nativeOut": 18982.53140049803,
      "nativeShareSd": 3.637978807091713e-12,
      "wethBasis": 2.5425919660783203,
      "tokenWeth": {
        "0x04acaf8d2865c0714f79da09645c13fd2888977f": 2.5425919660783207
      },
      "tokenSd": {
        "0xd533a949740bb3306d119cc777fa900ba034cd52": 3.637978807091713e-12,
        "0x04acaf8d2865c0714f79da09645c13fd2888977f": 30880.80033202285
      }
    },
    {
      "tx": "0xf159a215eb017987335b486b3f2aabc27f12db1fa548b410c3df4622b42707e2",
      "wethIn": 2.9277167914743374,
      "wethOut": 2.9277157914743372,
      "sdIn": 35367.572270980316,
      "nativeIn": 22014.961281736298,
      "nativeOut": 22014.9612817363,
      "nativeShareSd": 3.637978807091713e-12,
      "wethBasis": 2.9277167914743374,
      "tokenWeth": {
        "0x865377367054516e17014ccded1e7d814edc9ce4": 2.9277167914743374
      },
      "tokenSd": {
        "0xd533a949740bb3306d119cc777fa900ba034cd52": 3.637978807091713e-12,
        "0x865377367054516e17014ccded1e7d814edc9ce4": 35367.57227098031
      }
    },
    {
      "tx": "0xe25b4e2785b16c396af051d496e4825d46321cf08c324115f38b50bdbcf28871",
      "wethIn": 2.5762285291323943,
      "wethOut": 2.5762275291323946,
      "sdIn": 32102.99815946382,
      "nativeIn": 19654.743871247723,
      "nativeOut": 19654.743871247723,
      "nativeShareSd": 0,
      "wethBasis": 2.5762285291323943,
      "tokenWeth": {
        "0x090185f2135308bad17527004364ebcc2d37e5f6": 2.5762285291323943
      },
      "tokenSd": {
        "0x090185f2135308bad17527004364ebcc2d37e5f6": 32102.99815946382
      }
    },
    {
      "tx": "0x55cd26c70f014604780182c2843937e97614707c37b4b2fac280e1832e3ffa8d",
      "wethIn": 2.6943693027434965,
      "wethOut": 2.693019906090303,
      "sdIn": 42236.38083578301,
      "nativeIn": 20395.018878904557,
      "nativeOut": 26385.436743503004,
      "nativeShareSd": 5990.417864598447,
      "wethBasis": 2.6943693027434965,
      "tokenWeth": {
        "0xdd468a1ddc392dcdbef6db6e34e89aa338f9f186": 0.3288533443615515,
        "0x01791f726b4103694969820be083196cc7c045ff": 2.365515958381945
      },
      "tokenSd": {
        "0xd533a949740bb3306d119cc777fa900ba034cd52": 5990.417864598447,
        "0xdd468a1ddc392dcdbef6db6e34e89aa338f9f186": 4423.894723912591,
        "0x01791f726b4103694969820be083196cc7c045ff": 31822.06824727197
      }
    },
    {
      "tx": "0x2beefc714873152e89f1d25cbede2760ea5f6b57fa050f48556411f726eb2766",
      "wethIn": 0.5371690227945409,
      "wethOut": 0.5358209400352455,
      "sdIn": 6654.037041701413,
      "nativeIn": 4106.1832213350835,
      "nativeOut": 4108.9209170856275,
      "nativeShareSd": 2.737695750543935,
      "wethBasis": 0.5371690227945409,
      "tokenWeth": {
        "0xdac17f958d2ee523a2206206994597c13d831ec7": 0.28231442841366894,
        "0x4e3fbd56cd56c3e72c1403e103b45db9da5b9d2b": 0.11692087315478446,
        "0x59a529070fbb61e6d6c91f952ccb7f35c34cf8aa": 0.1379337212260876
      },