{"sdcrv.eth":17.35728174542691,"sdbal.eth":9.329809809750834,"sdfxs.eth":2.9295435800051037,"sdpendle.eth":5.95034479302065,"sdcake.eth":5.557536529427858,"sdfxn.eth":15.35884473253592,"sdspectra.eth":0}