Period;Gauge Name;Gauge Address;Reward Token;Reward Address;Reward Amount;Reward sd Value;Share % per Protocol
1754524800;base-WETH+superOETHb ;0x9da8420dbeebdfc4902b356017610259ef7eedd8;WETH;0xC02aaA39b223FE8D0A0e5C4F27eAD9083C756Cc2;2.044900;13795.777844;62.24
1754524800;sonic-CrossCurve Stab… ;0xf7816fa0e0d2b56d799f45bca8d4bbe836a55422;WETH;0xC02aaA39b223FE8D0A0e5C4F27eAD9083C756Cc2;0.153218;1033.675986;4.66
1754524800;UNKNOWN;0xf7364d6351cfdf42b711ba982dd43a74912ab094;WETH;0xC02aaA39b223FE8D0A0e5C4F27eAD9083C756Cc2;0.425390;2869.864913;12.95
1754524800;UNKNOWN;0xc7eede6fbc07522c2b0c288905d79e397edf2529;WETH;0xC02aaA39b223FE8D0A0e5C4F27eAD9083C756Cc2;0.114437;772.042301;3.48
1754524800;arbi-crvUSD+WETH+GMAC ;0xda9a503e67a075af2c3ea840256b02891535471a;WETH;0xC02aaA39b223FE8D0A0e5C4F27eAD9083C756Cc2;0.301181;2031.900511;9.17
1754524800;uniBTC+brBTC ;0xaa7fb75ac4a0729fb45c3ad165505b435973e812;WETH;0xC02aaA39b223FE8D0A0e5C4F27eAD9083C756Cc2;0.123159;830.885826;3.75
1754524800;WBTC+uniBTC ;0xf73aaf236ffd467d2cc544055ca3559a0f7cd92c;WETH;0xC02aaA39b223FE8D0A0e5C4F27eAD9083C756Cc2;0.123159;830.885826;3.75