{
  "rewardValueUSD": 41254.044460392666,
  "usdPerCVX": 0.00456614551050707,
  "totalVotingPower": 19994391.099429294,
  "delegationVotingPower": 9034763.426934987,
  "delegationShare": 0.45186489461001234,
  "timestamp": 1780531200,
  "periodStartBlock": 25139894,
  "periodEndBlock": 1779753600
}