Gauge Name;Gauge Address;Reward Token;Reward Address;Reward Amount;Reward sd Value;Share % per Protocol
B-sdBAL-STABLE;0xDc2Df969EE5E66236B950F5c4c5f8aBe62035df2;SDT;0x73968b9a57c6E53d41345FD57a6E6ae27d6CDB2F;2115.061324;132.816278;14.36
Surge Fluid wstETH-wETH;0x1CCE9d493224A19FcB5f7fBade8478630141CB54;wstETH;0x7f39C581F595B53c5cb19bD0b3f8dA6c935E2Ca0;0.951677;742.042897;80.22
20WETH-80ALCX;0x183d73da7adc5011ec3c46e33bb50271e59ec976;USDC;0xa0b86991c6218b36c1d19d4a2e9eb0ce3606eb48;286.681353;50.205837;5.43