Period;Gauge Name;Gauge Address;Reward Token;Reward Address;Reward Amount;Reward sd Value;Share % per Protocol
1753315200;ETH+ETHx ;0x7671299ea7b4bbe4f3fd305a994e6443b4be680e;USDC;0xA0b86991c6218b36c1d19D4a2e9Eb0cE3606eB48;7137.000000;11516.832535;43.59
1753315200;base-WETH+superOETHb ;0x9da8420dbeebdfc4902b356017610259ef7eedd8;sdCRV;0xD1b5651E55D4CeeD36251c61c50C889B36F6abB5;14907.000000;14907.000000;56.41