Gauge Name;Gauge Address;Reward Token;Reward Address;Reward Amount;Reward sd Value;Share % per Protocol
FLE FRAX/FXS [Fraxtal];0x83Dc6775c1B0fc7AaA46680D78B04b4a3d4f5650;FXS;0x3432B6A60D23Ca0dFCa7761B7ab56459D9C964D0;19.427889;21.479443;9.68
FLE FXS/wfrxETH [Fraxtal];0x6f82A6551cc351Bc295602C3ea99C78EdACF590C;FXS;0x3432B6A60D23Ca0dFCa7761B7ab56459D9C964D0;66.089795;73.068772;32.93
Morpho Re7FRAX;0xE1e697Fd7EC9b3675808Ba8Ad508fD51cac756a3;FXS;0x3432B6A60D23Ca0dFCa7761B7ab56459D9C964D0;89.162975;98.578443;44.42
Convex stkcvxeUSDFRAXBP;0x4c9AD8c53d0a001E7fF08a3E5E26dE6795bEA5ac;FXS;0x3432B6A60D23Ca0dFCa7761B7ab56459D9C964D0;26.040706;28.790563;12.97