{
  "rewardValueUSD": 29755.93930316018,
  "usdPerCVX": 0.003623037512998322,
  "totalVotingPower": 14369050.793192782,
  "delegationVotingPower": 8212981.288878518,
  "delegationShare": 0.5715743793437873,
  "timestamp": 1783555200,
  "periodStartBlock": 25441106,
  "periodEndBlock": 1783382400
}