Gauge Name;Gauge Address;Reward Token;Reward Address;Reward Amount;Reward sd Value;Share % per Protocol
B-sdBAL-STABLE;0xDc2Df969EE5E66236B950F5c4c5f8aBe62035df2;SDT;0x73968b9a57c6E53d41345FD57a6E6ae27d6CDB2F;1921.840727;113.822326;8.81
bb-WETH-wstETH;0xf8c85bd74fee26831336b51a90587145391a27ba;USDC;0xa0b86991c6218b36c1d19d4a2e9eb0ce3606eb48;86.459434;18.785418;1.45
sUSDX/USDX;0x0d1b58fb1fc10f2160178de1eae2d520335ee372;USDC;0xa0b86991c6218b36c1d19d4a2e9eb0ce3606eb48;262.604477;57.057220;4.41
rETH/wETH BPT;0xf8a95653cc7ee59afa2304dcc518c431a15c292c;USDC;0xa0b86991c6218b36c1d19d4a2e9eb0ce3606eb48;217.948833;47.354693;3.66
rETH-WETH-BPT;0xd75026f8723b94d9a360a282080492d905c6a558;USDC;0xa0b86991c6218b36c1d19d4a2e9eb0ce3606eb48;247.958606;53.875048;4.17
ankrETH/wstETH;0xbf65b3fa6c208762ed74e82d4aefcddfd0323648;USDC;0xa0b86991c6218b36c1d19d4a2e9eb0ce3606eb48;197.392706;42.888374;3.32
50WETH-50AURA;0x275df57d2b23d53e20322b4bb71bf1dcb21d0a00;AURA;0xc0c293ce456ff0ed870add98a0828dd4d2903dbf;10275.435283;377.945660;29.24
B-auraBAL-STABLE;0x0312aa8d0ba4a1969fddb382235870bf55f7f242;AURA;0xc0c293ce456ff0ed870add98a0828dd4d2903dbf;14507.795081;533.618093;41.28
Aave wAVAX/BTC.b;0x608f2b6f31c102ad4b956761956e2362e2ba8941;USDC;0xa0b86991c6218b36c1d19d4a2e9eb0ce3606eb48;217.878995;47.339519;3.66