{"sdcrv.eth":16.145378922995963,"sdbal.eth":22.675656962711365,"sdfxs.eth":2.6001170084971927,"sdpendle.eth":9.255802416348674,"sdcake.eth":5.557536529427858,"sdfxn.eth":10.89544690671191,"sdspectra.eth":24.573444162602012}