Gauge Name;Gauge Address;Reward Token;Reward Address;Reward Amount;Reward sd Value;Share % per Protocol
FLE FRAX/FXS [Fraxtal];0x83Dc6775c1B0fc7AaA46680D78B04b4a3d4f5650;FXS;0x3432B6A60D23Ca0dFCa7761B7ab56459D9C964D0;53.465659;53.995625;27.97
FLE FXS/wfrxETH [Fraxtal];0x6f82A6551cc351Bc295602C3ea99C78EdACF590C;FXS;0x3432B6A60D23Ca0dFCa7761B7ab56459D9C964D0;48.852744;49.336986;25.55
Morpho Re7FRAX;0xE1e697Fd7EC9b3675808Ba8Ad508fD51cac756a3;FXS;0x3432B6A60D23Ca0dFCa7761B7ab56459D9C964D0;76.818430;77.579876;40.18
Convex stkcvxeUSDFRAXBP;0x4c9AD8c53d0a001E7fF08a3E5E26dE6795bEA5ac;FXS;0x3432B6A60D23Ca0dFCa7761B7ab56459D9C964D0;12.038823;12.158155;6.30