{
  "amount": 2500,
  "timestamp": 1746326398,
  "period": 1746057600,
  "sdtPrice": 0.29275,
  "cvxPrice": 2.8,
  "delegationVotingPower": 1646471.3281458903,
  "apr": 0.8255208610902657
}