{
  "amount": 2500,
  "timestamp": 1749351345,
  "period": 1749081600,
  "sdtPrice": 0.261799,
  "cvxPrice": 3.44,
  "delegationVotingPower": 1905189.6728258107,
  "apr": 0.5192956376774185
}