{
  "amount": 2500,
  "timestamp": 1749437091,
  "period": 1749081600,
  "sdtPrice": 0.267444,
  "cvxPrice": 3.44,
  "delegationVotingPower": 1905189.6728258107,
  "apr": 0.530492868662598
}