{
  "rewardValueUSD": 40578.3551386937,
  "usdPerCVX": 0.007151927213047094,
  "totalVotingPower": 10504384.14863875,
  "delegationVotingPower": 5673765.116718128,
  "delegationShare": 0.5401330564870274,
  "timestamp": 1770249600,
  "periodStartBlock": 24336786,
  "periodEndBlock": 1770076800
}