{
  "rewardValueUSD": 30298.682496002642,
  "usdPerCVX": 0.0038529810054560667,
  "totalVotingPower": 15926977.668826437,
  "delegationVotingPower": 7863698.900435216,
  "delegationShare": 0.49373453419393437,
  "timestamp": 1782345600,
  "periodStartBlock": 25340719,
  "periodEndBlock": 1782172800
}