{
  "rewardValueUSD": 3050.3025230981916,
  "usdPerAURA": 0.00009549633606573756,
  "totalVotingPower": 34282249.86038362,
  "delegationVotingPower": 31941566.019856837,
  "delegationShare": 0.9317231555671127,
  "timestamp": 1776297600,
  "sdtUsdPerAURA": 0,
  "sdtAmount": "0"
}