{
  "amount": 2500,
  "timestamp": 1748786832,
  "period": 1748476800,
  "sdtPrice": 0.267279,
  "cvxPrice": 3.44,
  "delegationVotingPower": 1905189.6728258107,
  "apr": 0.5301655802458479
}