{
  "amount": 2500,
  "timestamp": 1748873466,
  "period": 1748476800,
  "sdtPrice": 0.270587,
  "cvxPrice": 3.44,
  "delegationVotingPower": 1905189.6728258107,
  "apr": 0.536727217110148
}