{
  "amount": 2500,
  "timestamp": 1748859075,
  "period": 1748476800,
  "sdtPrice": 0.270181,
  "cvxPrice": 3.44,
  "delegationVotingPower": 1905189.6728258107,
  "apr": 0.5359218892483264
}