{
  "amount": 2500,
  "timestamp": 1748887964,
  "period": 1748476800,
  "sdtPrice": 0.276251,
  "cvxPrice": 3.44,
  "delegationVotingPower": 1905189.6728258107,
  "apr": 0.5479621358524079
}