Gauge Name;Gauge Address;Reward Token;Reward Address;Reward Amount;Reward sd Value;Share % per Protocol
B-sdBAL-STABLE;0xDc2Df969EE5E66236B950F5c4c5f8aBe62035df2;SDT;0x73968b9a57c6E53d41345FD57a6E6ae27d6CDB2F;2441.469146;180.430033;15.81
75SDEX25AaveLidoETH;0x4eB7C7fD67B9b2C24d9fF1601ccDa5A01bD40c7f;SDEX;0x5DE8ab7E27f6E7A1fFf3E5B337584Aa43961BEeF;509787.264494;428.955644;37.58
20WETH-80ALCX;0x183d73da7adc5011ec3c46e33bb50271e59ec976;USDC;0xa0b86991c6218b36c1d19d4a2e9eb0ce3606eb48;285.563353;82.298983;7.21
EURe-Aave USDC;0x7f49d37d0da53a4899bc0ba916f59ec9d4e6d1e2;USDC;0xa0b86991c6218b36c1d19d4a2e9eb0ce3606eb48;1097.492838;316.295992;27.71
80TREE-20AavePrimeWETH;0xdbd4dd2d5e0b927022c2be8d493f20e79e60c2e7;USDC;0xa0b86991c6218b36c1d19d4a2e9eb0ce3606eb48;463.217877;133.498783;11.70