{
  "protocol": "curve",
  "period": 1762387200,
  "aggregator": "0x0000000a3Fc396B89e4c11841B39D9dff85a5D05",
  "totals": {
    "sdInTotal": 306913.90879859065,
    "sdAssigned": 306913.90879859054,
    "wethInTotal": 23.811045861951687,
    "wethOutTotal": 23.810368747618153
  },
  "dropped": {
    "tokensNotSwapped": [
      "0x8ee73c484a26e0a5df2ee2a4960b789967dd0415",
      "0x7a10f506e4c7658e6ad15fdf0443d450b7fa80d7"
    ],
    "wethNotSwapped": false
  },
  "perToken": {
    "0x8ee73c484a26e0a5df2ee2a4960b789967dd0415": {
      "mappedWeth": 0,
      "sd": 0
    },
    "0x7159cc276d7d17ab4b3beb19959e1f39368a45ba": {
      "mappedWeth": 0.08533916690670282,
      "sd": 974.4629055539582
    },
    "0x7a10f506e4c7658e6ad15fdf0443d450b7fa80d7": {
      "mappedWeth": 0,
      "sd": 0
    },
    "0x3432b6a60d23ca0dfca7761b7ab56459d9c964d0": {
      "mappedWeth": 0.12138489586793103,
      "sd": 1405.1138828262642
    },
    "0xa0ed3359902eff692e5b8167038133a73d641909": {
      "mappedWeth": 0.022671067078553046,
      "sd": 258.87426252388576
    },
    "0x73968b9a57c6e53d41345fd57a6e6ae27d6cdb2f": {
      "mappedWeth": 0.4451609419440692,
      "sd": 5006.027938902196
    },
    "0xf939e0a03fb07f59a73314e73794be0e57ac1b4e": {
      "mappedWeth": 0.11888010601023193,
      "sd": 1376.1192127938023
    },
    "0xa0b86991c6218b36c1d19d4a2e9eb0ce3606eb48": {
      "mappedWeth": 8.510662819039583,
      "sd": 104690.74465385076
    },
    "0x4e3fbd56cd56c3e72c1403e103b45db9da5b9d2b": {
      "mappedWeth": 0.26740616822464386,
      "sd": 3095.4108139997106
    },
    "0x59a529070fbb61e6d6c91f952ccb7f35c34cf8aa": {
      "mappedWeth": 0.023709122029863815,
      "sd": 265.59055336298496
    },
    "0x7fe24f1a024d33506966cb7ca48bab8c65fb632d": {
      "mappedWeth": 0.0102272305255635,
      "sd": 114.56585407227851
    },
    "0x419905009e4656fdc02418c7df35b1e61ed5f726": {
      "mappedWeth": 0.8437144351815283,
      "sd": 9487.934895026088
    },
    "0x090185f2135308bad17527004364ebcc2d37e5f6": {
      "mappedWeth": 4.157544849773566,
      "sd": 45980.87480940019
    },
    "0x01791f726b4103694969820be083196cc7c045ff": {
      "mappedWeth": 3.2394176445062906,
      "sd": 37140.94571275399
    },
    "0x04acaf8d2865c0714f79da09645c13fd2888977f": {
      "mappedWeth": 0.061530321954118,
      "sd": 702.5966913484242
    },
    "0x865377367054516e17014ccded1e7d814edc9ce4": {
      "mappedWeth": 0.593709882870225,
      "sd": 6676.525232135303
    },
    "0xfa2b947eec368f42195f24f36d2af29f7c24cec2": {
      "mappedWeth": 5.309687210038815,
      "sd": 63296.24214440099
    },
    "0xd533a949740bb3306d119cc777fa900ba034cd52": {
      "mappedWeth": 0,
      "sd": 26441.87923563971
    }
  },
  "txs": [
    {
      "tx": "0x7e1abe536746d2e498b4b5b3b2ddc4d009ecf435d5e74ca4ab95e4d7bf0ff435",
      "wethIn": 3.083993870813657,
      "wethOut": 3.083992870813657,
      "sdIn": 39030.76018307322,
      "nativeIn": 24276.551088024546,
      "nativeOut": 24307.844150133616,
      "nativeShareSd": 31.29306210907089,
      "wethBasis": 3.083993870813657,
      "tokenWeth": {
        "0xa0b86991c6218b36c1d19d4a2e9eb0ce3606eb48": 3.083993870813657
      },
      "tokenSd": {
        "0xd533a949740bb3306d119cc777fa900ba034cd52": 31.29306210907089,
        "0xa0b86991c6218b36c1d19d4a2e9eb0ce3606eb48": 38999.467120964146
      }
    },
    {
      "tx": "0x6315309bc1e2e240fe5df236d168d3f83d4ee2555ed506c470e0e36085c9bb81",
      "wethIn": 2.956893557206565,
      "wethOut": 2.9580246458630475,
      "sdIn": 36113.25381075738,
      "nativeIn": 22850.380851580398,
      "nativeOut": 22850.30112437572,
      "nativeShareSd": 0,
      "wethBasis": 2.956893557206565,
      "tokenWeth": {
        "0xa0b86991c6218b36c1d19d4a2e9eb0ce3606eb48": 2.956893557206565
      },
      "tokenSd": {
        "0xa0b86991c6218b36c1d19d4a2e9eb0ce3606eb48": 36113.25381075738
      }
    },
    {
      "tx": "0x637650357355d83bd2e63dd8766b7d82dc60a641027fb22646332d652a8699b4",
      "wethIn": 2.4697753910193607,
      "wethOut": 2.469842973759442,
      "sdIn": 29578.023722129234,
      "nativeIn": 18904.852857952606,
      "nativeOut": 18904.852857952606,
      "nativeShareSd": 0,
      "wethBasis": 2.4697753910193607,
      "tokenWeth": {
        "0xa0b86991c6218b36c1d19d4a2e9eb0ce3606eb48": 2.4697753910193607
      },
      "tokenSd": {
        "0xa0b86991c6218b36c1d19d4a2e9eb0ce3606eb48": 29578.023722129234
      }
    },
    {
      "tx": "0xb241bf52165c2958f5d019de6c2ef1496c8582a66820351e99959188105362c5",
      "wethIn": 2.8068912502530785,
      "wethOut": 2.8069075181122902,
      "sdIn": 33804.08474086781,
      "nativeIn": 21116.728606193607,
      "nativeOut": 21116.728606193607,
      "nativeShareSd": 0,
      "wethBasis": 2.8068912502530785,
      "tokenWeth": {
        "0xfa2b947eec368f42195f24f36d2af29f7c24cec2": 2.8068912502530785
      },
      "tokenSd": {
        "0xfa2b947eec368f42195f24f36d2af29f7c24cec2": 33804.08474086781
      }
    },
    {
      "tx": "0x10951e677bcb1ae242311d44a737bae6e22c271a76de8984dcb866426dfda949",
      "wethIn": 2.5027959597857365,
      "wethOut": 2.5049222277533283,
      "sdIn": 29496.776905998442,
      "nativeIn": 18591.44479093245,
      "nativeOut": 18596.064293397714,
      "nativeShareSd": 4.619502465262485,
      "wethBasis": 2.5027959597857365,
      "tokenWeth": {
        "0xfa2b947eec368f42195f24f36d2af29f7c24cec2": 2.5027959597857365
      },
      "tokenSd": {
        "0xd533a949740bb3306d119cc777fa900ba034cd52": 4.619502465262485,
        "0xfa2b947eec368f42195f24f36d2af29f7c24cec2": 29492.15740353318
      }
    },
    {
      "tx": "0x93d87747276dda3e760b9655da7300c78f4b177ca653e8a9615c5dc6563f4e29",
      "wethIn": 2.0286400315054736,
      "wethOut": 2.0286390315054734,
      "sdIn": 21852.872979390224,
      "nativeIn": 13698.63267633724,
      "nativeOut": 13698.63267633724,
      "nativeShareSd": 0,
      "wethBasis": 2.0286400315054736,
      "tokenWeth": {
        "0x090185f2135308bad17527004364ebcc2d37e5f6": 2.0286400315054736
      },
      "tokenSd": {
        "0x090185f2135308bad17527004364ebcc2d37e5f6": 21852.872979390224
      }
    },
    {
      "tx": "0xae7943cee813964c72cc2a53c95b94f8f1754cb79ee7f144611a921a535515d0",
      "wethIn": 2.1289048182680923,
      "wethOut": 2.1289038182932947,
      "sdIn": 24128.001830009973,
      "nativeIn": 14913.327362675622,
      "nativeOut": 14913.327362675624,
      "nativeShareSd": 1.8189894035458565e-12,
      "wethBasis": 2.1289048182680923,
      "tokenWeth": {
        "0x090185f2135308bad17527004364ebcc2d37e5f6": 2.1289048182680923
      },
      "tokenSd": {
        "0xd533a949740bb3306d119cc777fa900ba034cd52": 1.8189894035458565e-12,
        "0x090185f2135308bad17527004364ebcc2d37e5f6": 24128.00183000997
      }
    },
    {
      "tx": "0x1cb0360291dbcfbcd1ad3889b55e43d4585bcb6b9d60b23c0958afa31dbd7234",
      "wethIn": 1.5873892996951098,
      "wethOut": 1.5877306441348737,
      "sdIn": 18254.62420019312,
      "nativeIn": 11217.988133366893,
      "nativeOut": 11218.361922617774,
      "nativeShareSd": 0.3737892508816003,
      "wethBasis": 1.5873892996951098,
      "tokenWeth": {
        "0x01791f726b4103694969820be083196cc7c045ff": 1.5873892996951096,
        "0xc02aaa39b223fe8d0a0e5c4f27ead9083c756cc2": 2.220446049250313e-16
      },
      "tokenSd": {
        "0xd533a949740bb3306d119cc777fa900ba034cd52": 0.3737892508816003,
        "0x01791f726b4103694969820be083196cc7c045ff": 18254.250410942233,
        "0xc02aaa39b223fe8d0a0e5c4f27ead9083c756cc2": 2.553411328575019e-12
      }
    },
    {
      "tx": "0x471c22ee91017d314e4b0e713dd544d112a088290944bbfeecf7bfd27f6d6247",
      "wethIn": 1.652028344811181,
      "wethOut": 1.652027344811181,
      "sdIn": 18886.695301811757,
      "nativeIn": 11953.65763145597,
      "nativeOut": 11953.657631455968,
      "nativeShareSd": 0,
      "wethBasis": 1.652028344811181,