{
  "protocol": "pendle",
  "period": 1762387200,
  "aggregator": "0x0000000a3Fc396B89e4c11841B39D9dff85a5D05",
  "totals": {
    "sdInTotal": 147.68993916500608,
    "sdAssigned": 147.68993916500608,
    "wethInTotal": 0.11803147446092403,
    "wethOutTotal": 0.11691943188620191
  },
  "dropped": {
    "tokensNotSwapped": [],
    "wethNotSwapped": false
  },
  "perToken": {
    "0x5de8ab7e27f6e7a1fff3e5b337584aa43961beef": {
      "mappedWeth": 0.0378204383610877,
      "sd": 47.2194770005873
    },
    "0x419905009e4656fdc02418c7df35b1e61ed5f726": {
      "mappedWeth": 0.022888331699051096,
      "sd": 28.902065832734973
    },
    "0x04acaf8d2865c0714f79da09645c13fd2888977f": {
      "mappedWeth": 0.02454325688048538,
      "sd": 30.642684326471546
    },
    "0x085780639cc2cacd35e474e71f4d000e2405d8f6": {
      "mappedWeth": 0.032779447520299855,
      "sd": 40.92571200521226
    }
  },
  "txs": [
    {
      "tx": "0xf0ccc20c6355a114c71b03caabb0acdffc3f884f156434b48673a51f33933963",
      "wethIn": 0.09514314276187294,
      "wethOut": 0.09403210018715097,
      "sdIn": 118.78787333227112,
      "nativeIn": 118.78787333227112,
      "nativeOut": 118.78787333227112,
      "nativeShareSd": 0,
      "wethBasis": 0.09514314276187294,
      "tokenWeth": {
        "0x04acaf8d2865c0714f79da09645c13fd2888977f": 0.02454325688048538,
        "0x5de8ab7e27f6e7a1fff3e5b337584aa43961beef": 0.0378204383610877,
        "0x085780639cc2cacd35e474e71f4d000e2405d8f6": 0.032779447520299855
      },
      "tokenSd": {
        "0x04acaf8d2865c0714f79da09645c13fd2888977f": 30.642684326471546,
        "0x5de8ab7e27f6e7a1fff3e5b337584aa43961beef": 47.2194770005873,
        "0x085780639cc2cacd35e474e71f4d000e2405d8f6": 40.92571200521226
      }
    },
    {
      "tx": "0xe4dc25489168439f7d9f18adc735cf0d3df2196999182b3939cb75e4438ff601",
      "wethIn": 0.022888331699051096,
      "wethOut": 0.022887331699050936,
      "sdIn": 28.902065832734973,
      "nativeIn": 28.902065832734973,
      "nativeOut": 28.902065832734973,
      "nativeShareSd": 0,
      "wethBasis": 0.022888331699051096,
      "tokenWeth": {
        "0x419905009e4656fdc02418c7df35b1e61ed5f726": 0.022888331699051096
      },
      "tokenSd": {
        "0x419905009e4656fdc02418c7df35b1e61ed5f726": 28.902065832734973
      }
    }
  ]
}