{
  "protocol": "balancer",
  "period": 1766016000,
  "aggregator": "0x0000000a3Fc396B89e4c11841B39D9dff85a5D05",
  "totals": {
    "sdInTotal": 1009.5599655005598,
    "sdAssigned": 1009.5599655005598,
    "wethInTotal": 1.0189744028091672,
    "wethOutTotal": 1.0162464698442466
  },
  "dropped": {
    "tokensNotSwapped": [
      "0xaf88d065e77c8cc2239327c5edb3a432268e5831"
    ],
    "wethNotSwapped": false
  },
  "perToken": {
    "0x73968b9a57c6e53d41345fd57a6e6ae27d6cdb2f": {
      "mappedWeth": 0.18903606983941362,
      "sd": 186.68126283070464
    },
    "0x5de8ab7e27f6e7a1fff3e5b337584aa43961beef": {
      "mappedWeth": 0.6693747681010935,
      "sd": 661.0364208390264
    },
    "0xaf88d065e77c8cc2239327c5edb3a432268e5831": {
      "mappedWeth": 0,
      "sd": 0
    },
    "0xa0b86991c6218b36c1d19d4a2e9eb0ce3606eb48": {
      "mappedWeth": 0.09031613375766269,
      "sd": 91.03540510846933
    },
    "0xc0c293ce456ff0ed870add98a0828dd4d2903dbf": {
      "mappedWeth": 0.07024743111099736,
      "sd": 70.80687672235929
    }
  },
  "txs": [
    {
      "tx": "0x372eea5a91d71811a32973fe1c238631135baa230d6e7de19728a017fe316f55",
      "wethIn": 0.8584108379405071,
      "wethOut": 0.8569966746150787,
      "sdIn": 848.0063131316473,
      "nativeIn": 3911.1442932599557,
      "nativeOut": 3912.9447421063155,
      "nativeShareSd": 1.8004488463598136,
      "wethBasis": 0.8584108379405071,
      "tokenWeth": {
        "0x73968b9a57c6e53d41345fd57a6e6ae27d6cdb2f": 0.18903606983941362,
        "0x5de8ab7e27f6e7a1fff3e5b337584aa43961beef": 0.6693747681010935
      },
      "tokenSd": {
        "0xba100000625a3754423978a60c9317c58a424e3d": 1.8004488463598136,
        "0x73968b9a57c6e53d41345fd57a6e6ae27d6cdb2f": 186.3483355398192,
        "0x5de8ab7e27f6e7a1fff3e5b337584aa43961beef": 659.8575287454684
      }
    },
    {
      "tx": "0xd482b4d667104d96d4e8042798734c3464996de63a334d94a3bd71a36dbb420f",
      "wethIn": 0.16056356486866005,
      "wethOut": 0.15924979522916802,
      "sdIn": 161.55365236891245,
      "nativeIn": 756.210761174486,
      "nativeOut": 756.210761174486,
      "nativeShareSd": 0,
      "wethBasis": 0.16056356486866005,
      "tokenWeth": {
        "0xc0c293ce456ff0ed870add98a0828dd4d2903dbf": 0.07024743111099736,
        "0xa0b86991c6218b36c1d19d4a2e9eb0ce3606eb48": 0.09031613375766269
      },
      "tokenSd": {
        "0xc0c293ce456ff0ed870add98a0828dd4d2903dbf": 70.68059976619465,
        "0xa0b86991c6218b36c1d19d4a2e9eb0ce3606eb48": 90.8730526027178
      }
    }
  ]
}