{
  "protocol": "curve",
  "period": 1766016000,
  "aggregator": "0x0000000a3Fc396B89e4c11841B39D9dff85a5D05",
  "totals": {
    "sdInTotal": 304090.37800983764,
    "sdAssigned": 304090.37800983764,
    "wethInTotal": 23.33015015678135,
    "wethOutTotal": 23.32548553782504
  },
  "dropped": {
    "tokensNotSwapped": [
      "0x76a9a0062ec6712b99b4f63bd2b4270185759dd5"
    ],
    "wethNotSwapped": false
  },
  "perToken": {
    "0x856c4efb76c1d1ae02e20ceb03a2a6a08b0b8dc3": {
      "mappedWeth": 0.012799774972435736,
      "sd": 158.53534254350365
    },
    "0x2a8e1e676ec238d8a992307b495b45b3feaa5e86": {
      "mappedWeth": 0.01518333882892078,
      "sd": 188.0576672152992
    },
    "0x7159cc276d7d17ab4b3beb19959e1f39368a45ba": {
      "mappedWeth": 0.011440187732504332,
      "sd": 150.46514697021146
    },
    "0xdd468a1ddc392dcdbef6db6e34e89aa338f9f186": {
      "mappedWeth": 0.24949148762345633,
      "sd": 3184.907480983844
    },
    "0xa0b86991c6218b36c1d19d4a2e9eb0ce3606eb48": {
      "mappedWeth": 6.935796991130934,
      "sd": 88616.47652871217
    },
    "0xa0ed3359902eff692e5b8167038133a73d641909": {
      "mappedWeth": 0.0849316373609407,
      "sd": 1069.8183073452865
    },
    "0x04acaf8d2865c0714f79da09645c13fd2888977f": {
      "mappedWeth": 6.355031489607774,
      "sd": 79627.17768841631
    },
    "0xf939e0a03fb07f59a73314e73794be0e57ac1b4e": {
      "mappedWeth": 0.19493391330136678,
      "sd": 2488.4475405749645
    },
    "0x8207c1ffc5b6804f6024322ccf34f29c3541ae26": {
      "mappedWeth": 0.15732422449067512,
      "sd": 1981.6918733563405
    },
    "0x4e3fbd56cd56c3e72c1403e103b45db9da5b9d2b": {
      "mappedWeth": 0.05316755499378165,
      "sd": 669.71066915158
    },
    "0x419905009e4656fdc02418c7df35b1e61ed5f726": {
      "mappedWeth": 0.2923209635733551,
      "sd": 4030.644423274543
    },
    "0x01791f726b4103694969820be083196cc7c045ff": {
      "mappedWeth": 3.4178983047041767,
      "sd": 43332.219444582784
    },
    "0x090185f2135308bad17527004364ebcc2d37e5f6": {
      "mappedWeth": 3.4324402558097598,
      "sd": 43552.61340008213
    },
    "0x865377367054516e17014ccded1e7d814edc9ce4": {
      "mappedWeth": 1.8713732557018345,
      "sd": 25803.281724154975
    },
    "0x73968b9a57c6e53d41345fd57a6e6ae27d6cdb2f": {
      "mappedWeth": 0.02423113947921414,
      "sd": 300.12183853460436
    },
    "0xdac17f958d2ee523a2206206994597c13d831ec7": {
      "mappedWeth": 0.22178563747021687,
      "sd": 2831.225797249422
    },
    "0x76a9a0062ec6712b99b4f63bd2b4270185759dd5": {
      "mappedWeth": 0,
      "sd": 0
    },
    "0xd533a949740bb3306d119cc777fa900ba034cd52": {
      "mappedWeth": 0,
      "sd": 6104.983136689702
    }
  },
  "txs": [
    {
      "tx": "0xb04a2a4d2ea902cf807f3175cadf4b2206fbfe45bd2cce95c330c9376fdba939",
      "wethIn": 2.2363735038568535,
      "wethOut": 2.2363725038568534,
      "sdIn": 27743.21855414687,
      "nativeIn": 18395.956197373973,
      "nativeOut": 18395.956197373973,
      "nativeShareSd": 0,
      "wethBasis": 2.2363735038568535,
      "tokenWeth": {
        "0x04acaf8d2865c0714f79da09645c13fd2888977f": 2.2363735038568535
      },
      "tokenSd": {
        "0x04acaf8d2865c0714f79da09645c13fd2888977f": 27743.21855414687
      }
    },
    {
      "tx": "0x7cdb5d0622fc37117d2d30fed6857b61f33ab69b0c46a9d0b837b9f2aa0ceab2",
      "wethIn": 2.092902005565179,
      "wethOut": 2.0929010055651793,
      "sdIn": 26230.909059950987,
      "nativeIn": 17469.19888651952,
      "nativeOut": 17469.19888651952,
      "nativeShareSd": 0,
      "wethBasis": 2.092902005565179,
      "tokenWeth": {
        "0x04acaf8d2865c0714f79da09645c13fd2888977f": 2.092902005565179
      },
      "tokenSd": {
        "0x04acaf8d2865c0714f79da09645c13fd2888977f": 26230.909059950987
      }
    },
    {
      "tx": "0xfd123f527a3b79321f3bc488af5d33d2e26795b75708943d523b9dc431fbf161",
      "wethIn": 2.0257559801857417,
      "wethOut": 2.025754980185742,
      "sdIn": 25653.05007431843,
      "nativeIn": 17101.53533926659,
      "nativeOut": 17101.53533926659,
      "nativeShareSd": 0,
      "wethBasis": 2.0257559801857417,
      "tokenWeth": {
        "0x04acaf8d2865c0714f79da09645c13fd2888977f": 2.0257559801857417
      },
      "tokenSd": {
        "0x04acaf8d2865c0714f79da09645c13fd2888977f": 25653.05007431843
      }
    },
    {
      "tx": "0x23140c99495d2efa8be3c8d403b37db9614cfab5524392cd121119554db7d395",
      "wethIn": 2.339976202303346,
      "wethOut": 2.339975202303346,
      "sdIn": 30177.773925828365,
      "nativeIn": 19993.062107889367,
      "nativeOut": 19993.062107889367,
      "nativeShareSd": 0,
      "wethBasis": 2.339976202303346,
      "tokenWeth": {
        "0xa0b86991c6218b36c1d19d4a2e9eb0ce3606eb48": 2.339976202303346
      },
      "tokenSd": {
        "0xa0b86991c6218b36c1d19d4a2e9eb0ce3606eb48": 30177.77392582837
      }
    },
    {
      "tx": "0x5e24b7f336016af6fe3301c8d1a4a755164c3eae1c3415e89548b80e9d073e0d",
      "wethIn": 2.5123078897584366,
      "wethOut": 2.512855682555849,
      "sdIn": 32430.36453436799,
      "nativeIn": 21609.514716231944,
      "nativeOut": 21609.514716231944,
      "nativeShareSd": 0,
      "wethBasis": 2.5123078897584366,
      "tokenWeth": {
        "0xa0b86991c6218b36c1d19d4a2e9eb0ce3606eb48": 2.5123078897584366
      },
      "tokenSd": {
        "0xa0b86991c6218b36c1d19d4a2e9eb0ce3606eb48": 32430.36453436799
      }
    },
    {
      "tx": "0xbe7d34ae5bfca9d1359ba128b00246dc46d09eec985f94d98e88db70bf4cb5a0",
      "wethIn": 2.08351289906915,
      "wethOut": 2.08351189906915,
      "sdIn": 26011.26421914615,
      "nativeIn": 17616.586688897238,
      "nativeOut": 17619.512839527564,
      "nativeShareSd": 2.926150630326447,
      "wethBasis": 2.08351289906915,
      "tokenWeth": {
        "0xa0b86991c6218b36c1d19d4a2e9eb0ce3606eb48": 2.08351289906915
      },
      "tokenSd": {
        "0xd533a949740bb3306d119cc777fa900ba034cd52": 2.926150630326447,
        "0xa0b86991c6218b36c1d19d4a2e9eb0ce3606eb48": 26008.338068515823
      }
    },
    {
      "tx": "0xf9b697bef39733e63134f0663fe99c68b97f8c3f9f8f1a4bed94d9c98a926439",
      "wethIn": 1.7905765114719578,
      "wethOut": 1.7905755114719577,
      "sdIn": 22797.681310474305,
      "nativeIn": 15167.11826748308,
      "nativeOut": 15167.118267483078,
      "nativeShareSd": 0,
      "wethBasis": 1.7905765114719578,
      "tokenWeth": {
        "0x090185f2135308bad17527004364ebcc2d37e5f6": 1.7905765114719578
      },
      "tokenSd": {
        "0x090185f2135308bad17527004364ebcc2d37e5f6": 22797.681310474305
      }
    },
    {
      "tx": "0x1ee0386345f798b7c5d445e8d5e0f050900efe0a6aa92722d3f8b308851c2c0c",
      "wethIn": 1.6418637443378017,
      "wethOut": 1.6418627443378018,
      "sdIn": 20754.932089607824,
      "nativeIn": 14051.134119411014,
      "nativeOut": 14051.134119411014,
      "nativeShareSd": 0,
      "wethBasis": 1.6418637443378017,
      "tokenWeth": {
        "0x090185f2135308bad17527004364ebcc2d37e5f6": 1.6418637443378017
      },
      "tokenSd": {
        "0x090185f2135308bad17527004364ebcc2d37e5f6": 20754.932089607824
      }
    },
    {
      "tx": "0x9f244b036e6176b81005af2a0fac8229a96348f0f0d6475e336ec3f70412281b",
      "wethIn": 3.4178983047041767,
      "wethOut": 3.4178973047041765,
      "sdIn": 43332.219444582784,
      "nativeIn": 29227.47397771112,
      "nativeOut": 29227.47397771112,
      "nativeShareSd": 0,
      "wethBasis": 3.4178983047041767,
      "tokenWeth": {
        "0x01791f726b4103694969820be083196cc7c045ff": 3.4178983047041767
      },
      "tokenSd": {
        "0x01791f726b4103694969820be083196cc7c045ff": 43332.219444582784
      }
    },
    {
      "tx": "0xf5f27bab5676913fd41dbeb441dbba2c01cc83d48bde2738504877afd4cad97c",
      "wethIn": 2.1636942192751896,
      "wethOut": 2.1623532582462253,
      "sdIn": 35935.983133488895,
      "nativeIn": 18240.43173377894,
      "nativeOut": 24342.488719838315,