{
  "rewardValueUSD": 6030.81327757375,
  "usdPerAURA": 0.000786956049839276,
  "totalVotingPower": 15856725.192861615,
  "delegationVotingPower": 7663468.981279772,
  "delegationShare": 0.4832945572349147,
  "timestamp": 1769644800,
  "sdtUsdPerAURA": 0,
  "sdtAmount": "0"
}