Period;Gauge Name;Gauge Address;Reward Token;Reward Address;Reward Amount;Reward sd Value;Share % per Protocol
1759968000;fraxtal-DKDEFI+BTCWIT… ;0x9972d7993d8c6d048ca78f067adc6808886067f5;WETH;0xC02aaA39b223FE8D0A0e5C4F27eAD9083C756Cc2;0.575826;11939.001459;78.07
1759968000;sonic-dUSD+frxUSD ;0x99001d209c6cb5fbb05cc6566eac07b2bca68e58;WETH;0xC02aaA39b223FE8D0A0e5C4F27eAD9083C756Cc2;0.027186;563.659139;3.69
1759968000;arbi-USD₮0+EYWA ;0xae0f794bc4cad74739354223b167dbd04a3ac6a5;WETH;0xC02aaA39b223FE8D0A0e5C4F27eAD9083C756Cc2;0.075085;1556.799079;10.18
1759968000;arbi-lend-crvUSD;0xc1b06b52848fd69d4734983d923e0a0101111e21;WETH;0xC02aaA39b223FE8D0A0e5C4F27eAD9083C756Cc2;0.059443;1232.465938;8.06
1759968000;base-WETH+superOETHb ;0x9da8420dbeebdfc4902b356017610259ef7eedd8;CRV;0xD533a949740bb3306d119CC777fa900bA034cd52;5073.858126;0.000000;0.00