Gauge Name;Gauge Address;Reward Token;Reward Address;Reward Amount;Reward sd Value;Share % per Protocol
B-sdBAL-STABLE;0xDc2Df969EE5E66236B950F5c4c5f8aBe62035df2;SDT;0x73968b9a57c6E53d41345FD57a6E6ae27d6CDB2F;873.142106;50.564829;2.37
50wstETH-50ACX;0xf7b0751fea697cf1a541a5f57d11058a8fb794ee;USDC;0xa0b86991c6218b36c1d19d4a2e9eb0ce3606eb48;14407.195641;1525.310892;71.49
wstETH-WETH-BPT;0x5c0f23a5c1be65fa710d385814a7fd1bda480b1c;USDC;0xa0b86991c6218b36c1d19d4a2e9eb0ce3606eb48;3128.543214;331.223450;15.52
bb-WETH-wstETH;0xf8c85bd74fee26831336b51a90587145391a27ba;USDC;0xa0b86991c6218b36c1d19d4a2e9eb0ce3606eb48;2140.059537;226.571236;10.62