{
  "sdspectra.eth": 32.6264513719781,
  "sdcrv.eth": 21.626897946169386,
  "sdfxn.eth": 13.591343370101633,
  "sdpendle.eth": 0
}