{
  "rewardValueUSD": 36108.017501133334,
  "usdPerCVX": 0.0059379304969501496,
  "totalVotingPower": 12769508.045103496,
  "delegationVotingPower": 6080909.421166044,
  "delegationShare": 0.47620545753896804,
  "timestamp": 1772668800,
  "periodStartBlock": 24537366,
  "periodEndBlock": 1772496000
}