{
  "rewardValueUSD": 42099.62827138352,
  "usdPerCVX": 0.006341559086325965,
  "totalVotingPower": 14774343.458445039,
  "delegationVotingPower": 6638687.379285192,
  "delegationShare": 0.44933890957371153,
  "timestamp": 1773878400,
  "periodStartBlock": 24637661,
  "periodEndBlock": 1773705600
}