Gauge Name;Gauge Address;Reward Token;Reward Address;Reward Amount;Reward sd Value;Share % per Protocol
ETH+OETH ;0xd03BE91b1932715709e18021734fcB91BB431715;CRV;0xD533a949740bb3306d119CC777fa900bA034cd52;5755.364829;8092.176119;4.65
USDC+USDf ;0x156527deF9a2AB4F54C849575f23dC4BB439d9d9;USDf;0xFa2B947eEc368f42195f24F36d2aF29f7c24CeC2;5586.533436;11401.073251;6.56
alETH+pxETH ;0x4C5a449c6B81b800938EFCCDB41970e9CF9eC478;ALCX;0xdBdb4d16EdA451D0503b854CF79D55697F90c8DF;99.976125;2108.325095;1.21
sUSD+sUSDe ;0x411387Be45F5c001159f3d76e26Fe7D200e5Dc71;USDC;0xA0b86991c6218b36c1d19D4a2e9Eb0cE3606eB48;6962.116603;13901.438611;7.99
msUSD+FRAXBP ;0xd5f2e6612E41bE48461FDBA20061E3c778Fe6EC4;USDC;0xA0b86991c6218b36c1d19D4a2e9Eb0cE3606eB48;3905.641283;7798.495145;4.48
msETH+WETH ;0x4e227d29b33B77113F84bcC189a6F886755a1f24;USDC;0xA0b86991c6218b36c1d19D4a2e9Eb0cE3606eB48;2832.043968;5654.815570;3.25
reUSD+scrvUSD ;0xaF01d68714E7eA67f43f08b5947e367126B889b1;RSUP;0x419905009e4656fdC02418C7Df35B1E61Ed5F726;9927.738966;47768.284291;27.47
reUSD+sfrxUSD ;0x5C0B03914f68F2717d779a0211fd98C2CC45a4dD;RSUP;0x419905009e4656fdC02418C7Df35B1E61Ed5F726;227.932836;1096.721073;0.63
WETH+RSUP ;0x09F62a6777032329C0d49F1FD4fBe9b3468CDa56;RSUP;0x419905009e4656fdC02418C7Df35B1E61Ed5F726;1863.657358;8967.169139;5.16
reUSD+sDOLA ;0xCB25249bFA8CdB6012a75070E5C2885151368Bef;RSUP;0x419905009e4656fdC02418C7Df35B1E61Ed5F726;154.197299;741.935342;0.43
MIM+3Crv ;0xd8b712d29381748dB89c36BCa0138d7c75866ddF;SPELL;0x090185f2135308BaD17527004364eBcC2D37e5F6;31759801.015491;33111.973360;19.04
CVX+clevCVX ;0x7970489a543FB237ABab63d62524d8A5CE165B86;CVX;0x4e3FBD56CD56c3e72c1403e103b45Db9da5B9D2B;401.354364;2205.181480;1.27
ETH+ETHx ;0x7671299eA7B4bbE4f3fD305A994e6443b4be680E;SD;0x30D20208d987713f46DFD34EF128Bb16C404D10f;5244.583153;5364.469662;3.08
CVX1+cvgCVX ;0xeE624fCbb0C197E41ffc58999e6D35b9B893533E;crvUSD;0xf939E0A03FB07F59A73314E73794Be0E57ac1b4E;294.445250;599.597222;0.34
DOLA+sUSDS ;0x8B0aBcFC78a5c14520682FCD76A0E52B71126079;INV;0x41D5D79431A913C4aE7d69a668ecdfE5fF9DFB68;127.931488;7054.364642;4.06
DOLA+sUSDe ;0x8f5e52BE9B7BDe850BA13e40284F63f14677058f;INV;0x41D5D79431A913C4aE7d69a668ecdfE5fF9DFB68;189.191171;10432.330071;6.00
WETH+SDT ;0xB84637aB9Be835580821A67823f414FFd0bbf625;CRV;0xD533a949740bb3306d119CC777fa900bA034cd52;5421.669480;7622.992738;4.38