{"sdcrv.eth":14.776585174953794,"sdbal.eth":25.696958621613607,"sdfxs.eth":2.219396668219005,"sdpendle.eth":11.415156298203422,"sdcake.eth":5.557536529427858,"sdfxn.eth":12.066823652323825,"sdspectra.eth":24.573444162602012}