{
  "protocol": "curve",
  "period": 1781136000,
  "aggregator": "0xDBd24b092f686b12650EC1450e3A7138F714506c",
  "totals": {
    "sdInTotal": 142602.99316882738,
    "sdAssigned": 155046.42023552896,
    "wethInTotal": 12.18715754882206,
    "wethOutTotal": 12.189398149145521
  },
  "dropped": {
    "tokensNotSwapped": [
      "0xe5020a6d073a794b6e7f05678707de47986fb0b6",
      "0x833589fcd6edb6e08f4c7c32d4f71b54bda02913",
      "0x865377367054516e17014ccded1e7d814edc9ce4"
    ],
    "wethNotSwapped": false
  },
  "perToken": {
    "0xe5020a6d073a794b6e7f05678707de47986fb0b6": {
      "mappedWeth": 0,
      "sd": 0
    },
    "0x833589fcd6edb6e08f4c7c32d4f71b54bda02913": {
      "mappedWeth": 0,
      "sd": 0
    },
    "0xdd468a1ddc392dcdbef6db6e34e89aa338f9f186": {
      "mappedWeth": 0.35565168244137957,
      "sd": 4814.907763003093
    },
    "0xa0b86991c6218b36c1d19d4a2e9eb0ce3606eb48": {
      "mappedWeth": 5.506206906322547,
      "sd": 67677.1400096288
    },
    "0x04acaf8d2865c0714f79da09645c13fd2888977f": {
      "mappedWeth": 3.6363425971085634,
      "sd": 47738.20219201436
    },
    "0xf4c13d631450de6b12a19829e37c8e2826891dc4": {
      "mappedWeth": 0.08756816560995297,
      "sd": 1216.3195523443144
    },
    "0x01791f726b4103694969820be083196cc7c045ff": {
      "mappedWeth": 0.312901476497041,
      "sd": 4236.144021303926
    },
    "0x4e3fbd56cd56c3e72c1403e103b45db9da5b9d2b": {
      "mappedWeth": 0.13724805236310458,
      "sd": 1906.3718926578304
    },
    "0x865377367054516e17014ccded1e7d814edc9ce4": {
      "mappedWeth": 0,
      "sd": 0
    },
    "0x2a8e1e676ec238d8a992307b495b45b3feaa5e86": {
      "mappedWeth": 0.12841583289696842,
      "sd": 1783.6925930238954
    },
    "0x741bd193b6b40f8703d2e116fd1965421f290f58": {
      "mappedWeth": 0.977245776436843,
      "sd": 13230.215144851176
    },
    "0x501ebf66d76a96d4fb26ccead42957653e16b8b8": {
      "mappedWeth": 1.0455770591456572,
      "sd": 12443.427066701539
    }
  },
  "txs": [
    {
      "tx": "0x07c803004eaa59b9eea0b7a6d96d510bc7bde8a73aa9454ba7a4b5aed06453e9",
      "wethIn": 2.8346368069344177,
      "wethOut": 2.831437044478013,
      "sdIn": 31823.543345656624,
      "nativeIn": 19297.278727497876,
      "nativeOut": 19297.278727497876,
      "nativeShareSd": 0,
      "wethBasis": 2.8346368069344177,
      "tokenWeth": {
        "0xa0b86991c6218b36c1d19d4a2e9eb0ce3606eb48": 2.834636806934417,
        "0xc02aaa39b223fe8d0a0e5c4f27ead9083c756cc2": 4.440892098500626e-16
      },
      "tokenSd": {
        "0xa0b86991c6218b36c1d19d4a2e9eb0ce3606eb48": 31823.54334565662,
        "0xc02aaa39b223fe8d0a0e5c4f27ead9083c756cc2": 4.985644786813367e-12
      }
    },
    {
      "tx": "0xf0886c75334884eb5323d240136348645467c355a7b8c9928704666499323e7a",
      "wethIn": 2.67157009938813,
      "wethOut": 2.668364749582885,
      "sdIn": 29948.141686629857,
      "nativeIn": 18133.432257023545,
      "nativeOut": 18133.432257023545,
      "nativeShareSd": 0,
      "wethBasis": 2.67157009938813,
      "tokenWeth": {
        "0xa0b86991c6218b36c1d19d4a2e9eb0ce3606eb48": 2.67157009938813
      },
      "tokenSd": {
        "0xa0b86991c6218b36c1d19d4a2e9eb0ce3606eb48": 29948.141686629857
      }
    },
    {
      "tx": "0x2f67e9ae0754287a077377794aad13762a681224f9a81d38bfb9fdf9ecaed081",
      "wethIn": 1.7428938691878844,
      "wethOut": 1.7408027451236325,
      "sdIn": 21038.64398838511,
      "nativeIn": 12171.817654597262,
      "nativeOut": 12171.817654597262,
      "nativeShareSd": 0,
      "wethBasis": 1.7428938691878844,
      "tokenWeth": {
        "0x04acaf8d2865c0714f79da09645c13fd2888977f": 1.7428938691878844
      },
      "tokenSd": {
        "0x04acaf8d2865c0714f79da09645c13fd2888977f": 21038.64398838511
      }
    },
    {
      "tx": "0x7686734261856a67ec002b92cea58719d00e4e05edd29fa3e631f5bae57e83cd",
      "wethIn": 2.9390257870663365,
      "wethOut": 2.948969427971171,
      "sdIn": 34977.38661022051,
      "nativeIn": 20472.2474047976,
      "nativeOut": 20472.2474047976,
      "nativeShareSd": 0,
      "wethBasis": 2.9390257870663365,
      "tokenWeth": {
        "0x501ebf66d76a96d4fb26ccead42957653e16b8b8": 1.0455770591456572,
        "0x04acaf8d2865c0714f79da09645c13fd2888977f": 1.8934487279206789,
        "0xc02aaa39b223fe8d0a0e5c4f27ead9083c756cc2": 4.440892098500626e-16
      },
      "tokenSd": {
        "0x501ebf66d76a96d4fb26ccead42957653e16b8b8": 12443.427066701539,
        "0x04acaf8d2865c0714f79da09645c13fd2888977f": 22533.959543518962,
        "0xc02aaa39b223fe8d0a0e5c4f27ead9083c756cc2": 5.2851118390008156e-12
      }
    },
    {
      "tx": "0x68890fe22cc3b0ef5585983788e078d22a9ae6311f5eef315bd8a3c34b4fab30",
      "wethIn": 1.6457989353752636,
      "wethOut": 1.644945319080099,
      "sdIn": 20337.020782385895,
      "nativeIn": 11694.72579462938,
      "nativeOut": 11694.72579462938,
      "nativeShareSd": 0,
      "wethBasis": 1.6457989353752636,
      "tokenWeth": {
        "0x741bd193b6b40f8703d2e116fd1965421f290f58": 0.977245776436843,
        "0xdd468a1ddc392dcdbef6db6e34e89aa338f9f186": 0.35565168244137957,
        "0x01791f726b4103694969820be083196cc7c045ff": 0.312901476497041
      },
      "tokenSd": {
        "0x741bd193b6b40f8703d2e116fd1965421f290f58": 12075.756787607426,
        "0xdd468a1ddc392dcdbef6db6e34e89aa338f9f186": 4394.762629647497,
        "0x01791f726b4103694969820be083196cc7c045ff": 3866.50136513097
      }
    },
    {
      "tx": "0x6b13a9c50ce6f407d6723a80be232c26c1902f8a7060ccb531897dd509dd59a7",
      "wethIn": 0.35323205087002596,
      "wethOut": 0.35487886290971915,
      "sdIn": 4478.256755549394,
      "nativeIn": 2532.3094307596634,
      "nativeOut": 2532.3094307596634,
      "nativeShareSd": 0,
      "wethBasis": 0.35323205087002596,
      "tokenWeth": {
        "0x4e3fbd56cd56c3e72c1403e103b45db9da5b9d2b": 0.13724805236310458,
        "0x2a8e1e676ec238d8a992307b495b45b3feaa5e86": 0.12841583289696842,
        "0xf4c13d631450de6b12a19829e37c8e2826891dc4": 0.08756816560995297
      },
      "tokenSd": {
        "0x4e3fbd56cd56c3e72c1403e103b45db9da5b9d2b": 1740.023353393908,
        "0x2a8e1e676ec238d8a992307b495b45b3feaa5e86": 1628.0489547137813,
        "0xf4c13d631450de6b12a19829e37c8e2826891dc4": 1110.184447441705
      }
    }
  ]
}