Period;Gauge Name;Gauge Address;Reward Token;Reward Address;Reward Amount;Reward sd Value;Share % per Protocol
1781136000;sdUSD+frxUSD ;0x1211b5cb09ba1ada8f11de757d5a13c5ca407162;WETH;0xC02aaA39b223FE8D0A0e5C4F27eAD9083C756Cc2;0.087931;1104.811895;48.08
1781136000;base-WETH+superOETHb ;0x9da8420dbeebdfc4902b356017610259ef7eedd8;WETH;0xC02aaA39b223FE8D0A0e5C4F27eAD9083C756Cc2;0.094953;1193.044263;51.92