{"sdspectra.eth":29.771084001786242,"sdcrv.eth":16.246937499860316,"sdfxn.eth":11.828822577333447,"sdfxs.eth":3.0821596784865664}