{
  "rewardValueUSD": 39321.982921789415,
  "usdPerCVX": 0.005117661684710861,
  "totalVotingPower": 16751983.984434757,
  "delegationVotingPower": 7683583.899120335,
  "delegationShare": 0.4586670991483516,
  "timestamp": 1778716800,
  "periodStartBlock": 25039433,
  "periodEndBlock": 1778544000
}