{
  "protocol": "curve",
  "period": 1767225600,
  "aggregator": "0x0000000a3Fc396B89e4c11841B39D9dff85a5D05",
  "totals": {
    "sdInTotal": 276506.2661916263,
    "sdAssigned": 276506.26619162626,
    "wethInTotal": 21.615419667627695,
    "wethOutTotal": 21.612910441919876
  },
  "dropped": {
    "tokensNotSwapped": [
      "0x8ee73c484a26e0a5df2ee2a4960b789967dd0415",
      "0x833589fcd6edb6e08f4c7c32d4f71b54bda02913",
      "0x76a9a0062ec6712b99b4f63bd2b4270185759dd5"
    ],
    "wethNotSwapped": false
  },
  "perToken": {
    "0x09fd37d9aa613789c517e76df1c53aece2b60df4": {
      "mappedWeth": 0.22676558194654606,
      "sd": 2799.8611881065394
    },
    "0xdd468a1ddc392dcdbef6db6e34e89aa338f9f186": {
      "mappedWeth": 0.30952869769731844,
      "sd": 3821.7324686079155
    },
    "0x04acaf8d2865c0714f79da09645c13fd2888977f": {
      "mappedWeth": 4.779446642816927,
      "sd": 58453.442068259654
    },
    "0xa0b86991c6218b36c1d19d4a2e9eb0ce3606eb48": {
      "mappedWeth": 7.8384057586427796,
      "sd": 96694.46803167828
    },
    "0x7159cc276d7d17ab4b3beb19959e1f39368a45ba": {
      "mappedWeth": 0.11815953387098985,
      "sd": 1485.1578673162853
    },
    "0x01791f726b4103694969820be083196cc7c045ff": {
      "mappedWeth": 2.3471186246741853,
      "sd": 33163.68476883166
    },
    "0x59a529070fbb61e6d6c91f952ccb7f35c34cf8aa": {
      "mappedWeth": 0.12088140486236679,
      "sd": 1519.3693099670072
    },
    "0x7fe24f1a024d33506966cb7ca48bab8c65fb632d": {
      "mappedWeth": 0.08841562254451693,
      "sd": 1094.3600297892795
    },
    "0xdac17f958d2ee523a2206206994597c13d831ec7": {
      "mappedWeth": 0.26568781392691815,
      "sd": 3280.4316774236145
    },
    "0x090185f2135308bad17527004364ebcc2d37e5f6": {
      "mappedWeth": 2.604285605926372,
      "sd": 32432.87273055886
    },
    "0x865377367054516e17014ccded1e7d814edc9ce4": {
      "mappedWeth": 2.730410904725052,
      "sd": 33457.61355511718
    },
    "0x4e3fbd56cd56c3e72c1403e103b45db9da5b9d2b": {
      "mappedWeth": 0.10394656826686541,
      "sd": 1306.5138172482807
    },
    "0xf939e0a03fb07f59a73314e73794be0e57ac1b4e": {
      "mappedWeth": 0.0823669077268618,
      "sd": 1019.4923589237256
    },
    "0x8ee73c484a26e0a5df2ee2a4960b789967dd0415": {
      "mappedWeth": 0,
      "sd": 0
    },
    "0x833589fcd6edb6e08f4c7c32d4f71b54bda02913": {
      "mappedWeth": 0,
      "sd": 0
    },
    "0x76a9a0062ec6712b99b4f63bd2b4270185759dd5": {
      "mappedWeth": 0,
      "sd": 0
    },
    "0xd533a949740bb3306d119cc777fa900ba034cd52": {
      "mappedWeth": 0,
      "sd": 5977.266319798012
    }
  },
  "txs": [
    {
      "tx": "0x8be295926f51445251d40e1cab13334d4d6cc950a8a8bdd74da6130dde70226d",
      "wethIn": 2.794879080748688,
      "wethOut": 2.795813872950247,
      "sdIn": 34974.966839642606,
      "nativeIn": 21664.285496250865,
      "nativeOut": 21664.285496250865,
      "nativeShareSd": 0,
      "wethBasis": 2.794879080748688,
      "tokenWeth": {
        "0xa0b86991c6218b36c1d19d4a2e9eb0ce3606eb48": 2.794879080748688
      },
      "tokenSd": {
        "0xa0b86991c6218b36c1d19d4a2e9eb0ce3606eb48": 34974.966839642606
      }
    },
    {
      "tx": "0x83516fab8e58fba47410e5b1a54925fd86f040921776a1303234a302e17b933a",
      "wethIn": 2.611870861770143,
      "wethOut": 2.611869861770143,
      "sdIn": 32055.62365905387,
      "nativeIn": 19922.66581480477,
      "nativeOut": 19922.66581480477,
      "nativeShareSd": 0,
      "wethBasis": 2.611870861770143,
      "tokenWeth": {
        "0xa0b86991c6218b36c1d19d4a2e9eb0ce3606eb48": 2.611870861770143
      },
      "tokenSd": {
        "0xa0b86991c6218b36c1d19d4a2e9eb0ce3606eb48": 32055.62365905387
      }
    },
    {
      "tx": "0x04364aefaf1c8beadec5ee7a7c569be82de032bc0f24319578c787ccc214b24c",
      "wethIn": 2.4316558161239494,
      "wethOut": 2.431951959607812,
      "sdIn": 29663.877532981827,
      "nativeIn": 18414.786966799682,
      "nativeOut": 18414.786966799682,
      "nativeShareSd": 0,
      "wethBasis": 2.4316558161239494,
      "tokenWeth": {
        "0xa0b86991c6218b36c1d19d4a2e9eb0ce3606eb48": 2.431655816123949,
        "0xc02aaa39b223fe8d0a0e5c4f27ead9083c756cc2": 4.440892098500626e-16
      },
      "tokenSd": {
        "0xa0b86991c6218b36c1d19d4a2e9eb0ce3606eb48": 29663.87753298182,
        "0xc02aaa39b223fe8d0a0e5c4f27ead9083c756cc2": 5.417464037204611e-12
      }
    },
    {
      "tx": "0x627c03d1b886dc2bfcbc7bda08acd6a2a403787b36ae1cd361ac7c437bd8a3c4",
      "wethIn": 2.46757172396739,
      "wethOut": 2.4675707239673903,
      "sdIn": 30021.327951489828,
      "nativeIn": 18693.773291110025,
      "nativeOut": 18693.773291110025,
      "nativeShareSd": 0,
      "wethBasis": 2.46757172396739,
      "tokenWeth": {
        "0x04acaf8d2865c0714f79da09645c13fd2888977f": 2.46757172396739
      },
      "tokenSd": {
        "0x04acaf8d2865c0714f79da09645c13fd2888977f": 30021.327951489828
      }
    },
    {
      "tx": "0x653b6a4f7f96f305957a6646e921f3af01c0ef3726c9c78fc2d3b6cbd35dc219",
      "wethIn": 2.311874918849537,
      "wethOut": 2.311873918849537,
      "sdIn": 28432.114116769833,
      "nativeIn": 17576.468080439965,
      "nativeOut": 17576.468080439965,
      "nativeShareSd": 0,
      "wethBasis": 2.311874918849537,
      "tokenWeth": {
        "0x04acaf8d2865c0714f79da09645c13fd2888977f": 2.311874918849537
      },
      "tokenSd": {
        "0x04acaf8d2865c0714f79da09645c13fd2888977f": 28432.114116769833
      }
    },
    {
      "tx": "0xcbeaa6ff1ecaa4518b21f95d100a72003b97efb238e88c1a9bf0baac52c74f3b",
      "wethIn": 2.730410904725052,
      "wethOut": 2.7304099047250525,
      "sdIn": 33457.61355511718,
      "nativeIn": 20768.34411225448,
      "nativeOut": 20768.34411225448,
      "nativeShareSd": 0,
      "wethBasis": 2.730410904725052,
      "tokenWeth": {
        "0x865377367054516e17014ccded1e7d814edc9ce4": 2.730410904725052
      },
      "tokenSd": {
        "0x865377367054516e17014ccded1e7d814edc9ce4": 33457.61355511718
      }
    },
    {
      "tx": "0x2dac8d53500c57dec0b32293a6c334ef1f04f6cb2f4fa5604fc83e18d8c1743c",
      "wethIn": 2.604285605926372,
      "wethOut": 2.6042846059263725,
      "sdIn": 32432.872730558865,
      "nativeIn": 20076.963453941346,
      "nativeOut": 20076.963453941346,
      "nativeShareSd": 0,
      "wethBasis": 2.604285605926372,
      "tokenWeth": {
        "0x090185f2135308bad17527004364ebcc2d37e5f6": 2.604285605926372
      },
      "tokenSd": {
        "0x090185f2135308bad17527004364ebcc2d37e5f6": 32432.87273055886
      }
    },
    {
      "tx": "0x45eb8d4719f285c46d8eeb94da761adfe71a07de1b05ff8f8f64de6247b3d690",
      "wethIn": 2.3471186246741853,
      "wethOut": 2.347117624674185,
      "sdIn": 39130.666281105754,
      "nativeIn": 18099.308344411016,
      "nativeOut": 24066.28985668511,
      "nativeShareSd": 5966.981512274095,
      "wethBasis": 2.3471186246741853,
      "tokenWeth": {
        "0x01791f726b4103694969820be083196cc7c045ff": 2.3471186246741853
      },
      "tokenSd": {
        "0xd533a949740bb3306d119cc777fa900ba034cd52": 5966.981512274095,
        "0x01791f726b4103694969820be083196cc7c045ff": 33163.68476883166
      }
    },
    {
      "tx": "0x9b3c8ea76d42b73bcdd91e8d41fd03301fbf91b972afcc8820c4f298b65dfbec",
      "wethIn": 0.8019820935707827,
      "wethOut": 0.8008015907904728,
      "sdIn": 9910.914015544971,
      "nativeIn": 6093.0787364957505,
      "nativeOut": 6101.967417902653,
      "nativeShareSd": 8.888681406902833,
      "wethBasis": 0.8019820935707827,
      "tokenWeth": {
        "0x09fd37d9aa613789c517e76df1c53aece2b60df4": 0.22676558194654606,
        "0xdd468a1ddc392dcdbef6db6e34e89aa338f9f186": 0.30952869769731844,
        "0xdac17f958d2ee523a2206206994597c13d831ec7": 0.26568781392691815
      },
      "tokenSd": {
        "0xd533a949740bb3306d119cc777fa900ba034cd52": 8.888681406902833,
        "0x09fd37d9aa613789c517e76df1c53aece2b60df4": 2799.8611881065394,