Gauge Name;Gauge Address;Reward Token;Reward Address;Reward Amount;Reward sd Value;Share % per Protocol
alUSD+fxUSD;0x9c7003bC16F2A1AA47451C858FEe6480B755363e;ALCX;0xdBdb4d16EdA451D0503b854CF79D55697F90c8DF;16.772530;4.201296;6.00
USDnr+fxUSD;0x695C6F5ed9CEB6709E00C08e1326710F3169B922;SDEX;0x5DE8ab7E27f6E7A1fFf3E5B337584Aa43961BEeF;633358.631903;42.300361;60.40
msUSD+fxUSD;0x2122a2bee97545595550b85379AC7676Fd21a5B4;USDC;0xA0b86991c6218b36c1d19D4a2e9Eb0cE3606eB48;153.895503;8.646847;12.35
ETH+fxUSD;0x288810cdbdFEd9EA3Be3cA4E421Ab795FD0669f3;FXN;0x365AccFCa291e7D3914637ABf1F7635dB165Bb09;2.499753;2.499753;3.57
fxSAVE+scrvUSD;0x6FcFe767c479ef1f2d8c7A4b27e2aBaDD355910F;FXN;0x365AccFCa291e7D3914637ABf1F7635dB165Bb09;12.382903;12.382903;17.68