{"sdcrv.eth":18.100516942332913,"sdbal.eth":37.41209106747023,"sdfxs.eth":2.819140089886413,"sdpendle.eth":9.271459803957432,"sdcake.eth":5.557536529427858,"sdfxn.eth":14.431147173738182,"sdspectra.eth":178.52957745086056}