Gauge Name;Gauge Address;Reward Token;Reward Address;Reward Amount;Reward sd Value;Share % per Protocol
Aave USDC-Aave GHO;0x1dA19f38Eb6F2c22199dC0848118b26095C29aEd;USDC;0xA0b86991c6218b36c1d19D4a2e9Eb0cE3606eB48;16.494208;30.263814;3.09
RDNT-WETH;0x8135d6AbFd42707A87A7b94c5CFA3529f9b432AD;USDC;0xA0b86991c6218b36c1d19D4a2e9Eb0cE3606eB48;188.505399;345.872467;35.33
Aave GHO/USDT/USDC;0x9b237fA1958E3022464343137738926d38815801;USDC;0xA0b86991c6218b36c1d19D4a2e9Eb0cE3606eB48;6.711982;12.315243;1.26
EURe-Aave USDC;0x7f49d37D0dA53A4899Bc0ba916F59Ec9D4E6d1e2;USDC;0xA0b86991c6218b36c1d19D4a2e9Eb0cE3606eB48;221.530149;406.466761;41.52
Aave GHO/USDT/USDC;0x9fdD52eFEb601E4Bc78b89C6490505B8aC637E9f;USDC;0xA0b86991c6218b36c1d19D4a2e9Eb0cE3606eB48;53.505787;98.173202;10.03
Surge tETH-Lido wstETH;0xd5A0Eb558d62780B10Ecc202D0049B89F6145073;USDC;0xA0b86991c6218b36c1d19D4a2e9Eb0cE3606eB48;12.102792;22.206380;2.27
80TREE-20AavePrimeWETH;0xDbD4dD2d5E0b927022C2be8D493F20e79e60C2e7;USDC;0xA0b86991c6218b36c1d19D4a2e9Eb0cE3606eB48;34.718566;63.702133;6.51