{"sdspectra.eth":13.211663057148082,"sdpendle.eth":0,"sdcrv.eth":23.5822606367203,"sdbal.eth":14.277136630731746,"sdfxn.eth":16.16669004456844}