Gauge Name;Gauge Address;Reward Token;Reward Address;Reward Amount;Reward sd Value;Share % per Protocol
alUSD+fxUSD;0x9c7003bC16F2A1AA47451C858FEe6480B755363e;ALCX;0xdBdb4d16EdA451D0503b854CF79D55697F90c8DF;31.644694;14.252416;17.52
USDnr+fxUSD;0x695C6F5ed9CEB6709E00C08e1326710F3169B922;SDEX;0x5DE8ab7E27f6E7A1fFf3E5B337584Aa43961BEeF;272726.193937;42.888846;52.73
ETH+fxUSD;0x288810cdbdFEd9EA3Be3cA4E421Ab795FD0669f3;FXN;0x365AccFCa291e7D3914637ABf1F7635dB165Bb09;4.219469;4.219469;5.19
fxSAVE+scrvUSD;0x6FcFe767c479ef1f2d8c7A4b27e2aBaDD355910F;FXN;0x365AccFCa291e7D3914637ABf1F7635dB165Bb09;19.981402;19.981402;24.56