{"sdcrv.eth":17.576582400733532,"sdbal.eth":21.331203306584673,"sdfxs.eth":2.9295435800051037,"sdpendle.eth":34.89739317093762,"sdcake.eth":5.557536529427858,"sdfxn.eth":29.512245035555896,"sdspectra.eth":40.36016725657389}