{"sdcrv.eth":16.144278490551656,"sdbal.eth":22.475797619279405,"sdfxs.eth":2.9295435800051037,"sdpendle.eth":40.548908930364334,"sdcake.eth":5.557536529427858,"sdfxn.eth":7.947519060576297,"sdspectra.eth":62.923573721792515}