Gauge Name;Gauge Address;Reward Token;Reward Address;Reward Amount;Reward sd Value;Share % per Protocol
B-sdBAL-STABLE;0xDc2Df969EE5E66236B950F5c4c5f8aBe62035df2;SDT;0x73968b9a57c6E53d41345FD57a6E6ae27d6CDB2F;1923.161462;119.542501;9.49
bb-WETH-wstETH;0xf8c85bd74fee26831336b51a90587145391a27ba;USDC;0xa0b86991c6218b36c1d19d4a2e9eb0ce3606eb48;75.364267;13.720118;1.09
sUSDX/USDX;0x0d1b58fb1fc10f2160178de1eae2d520335ee372;USDC;0xa0b86991c6218b36c1d19d4a2e9eb0ce3606eb48;210.261966;38.278339;3.04
rETH/wETH BPT;0xf8a95653cc7ee59afa2304dcc518c431a15c292c;USDC;0xa0b86991c6218b36c1d19d4a2e9eb0ce3606eb48;174.582578;31.782881;2.52
rETH-WETH-BPT;0xd75026f8723b94d9a360a282080492d905c6a558;USDC;0xa0b86991c6218b36c1d19d4a2e9eb0ce3606eb48;198.534094;36.143271;2.87
ankrETH/wstETH;0xbf65b3fa6c208762ed74e82d4aefcddfd0323648;USDC;0xa0b86991c6218b36c1d19d4a2e9eb0ce3606eb48;158.131159;28.787889;2.28
50WETH-50AURA;0x275df57d2b23d53e20322b4bb71bf1dcb21d0a00;AURA;0xc0c293ce456ff0ed870add98a0828dd4d2903dbf;10158.181477;386.952917;30.71
B-auraBAL-STABLE;0x0312aa8d0ba4a1969fddb382235870bf55f7f242;AURA;0xc0c293ce456ff0ed870add98a0828dd4d2903dbf;14342.410703;546.341653;43.36
Aave wAVAX/BTC.b;0x608f2b6f31c102ad4b956761956e2362e2ba8941;USDC;0xa0b86991c6218b36c1d19d4a2e9eb0ce3606eb48;320.636417;58.372085;4.63