{
  "protocol": "curve",
  "period": 1764806400,
  "aggregator": "0x0000000a3Fc396B89e4c11841B39D9dff85a5D05",
  "totals": {
    "sdInTotal": 300492.05849775,
    "sdAssigned": 300492.05849775,
    "wethInTotal": 25.66611918691665,
    "wethOutTotal": 25.68266639942853
  },
  "dropped": {
    "tokensNotSwapped": [
      "0x8ee73c484a26e0a5df2ee2a4960b789967dd0415",
      "0xe5020a6d073a794b6e7f05678707de47986fb0b6",
      "0x76a9a0062ec6712b99b4f63bd2b4270185759dd5",
      "0x476ef9ac6d8673e220d0e8bc0a810c2dc6a2aa84"
    ],
    "wethNotSwapped": false
  },
  "perToken": {
    "0x8ee73c484a26e0a5df2ee2a4960b789967dd0415": {
      "mappedWeth": 0,
      "sd": 0
    },
    "0xe5020a6d073a794b6e7f05678707de47986fb0b6": {
      "mappedWeth": 0,
      "sd": 0
    },
    "0x76a9a0062ec6712b99b4f63bd2b4270185759dd5": {
      "mappedWeth": 0,
      "sd": 0
    },
    "0x1cfa5641c01406ab8ac350ded7d735ec41298372": {
      "mappedWeth": 0.054693226130810256,
      "sd": 608.5979142393194
    },
    "0x856c4efb76c1d1ae02e20ceb03a2a6a08b0b8dc3": {
      "mappedWeth": 0.024747914857307127,
      "sd": 270.6673247282381
    },
    "0x2a8e1e676ec238d8a992307b495b45b3feaa5e86": {
      "mappedWeth": 0.026986716557053897,
      "sd": 295.1530428245476
    },
    "0x7159cc276d7d17ab4b3beb19959e1f39368a45ba": {
      "mappedWeth": 0.16999631298789486,
      "sd": 1904.8859219582382
    },
    "0x73968b9a57c6e53d41345fd57a6e6ae27d6cdb2f": {
      "mappedWeth": 0.2962526669011714,
      "sd": 6987.3241856136465
    },
    "0xa0ed3359902eff692e5b8167038133a73d641909": {
      "mappedWeth": 0.041630221281158675,
      "sd": 463.23955695058123
    },
    "0x04acaf8d2865c0714f79da09645c13fd2888977f": {
      "mappedWeth": 3.885763054025828,
      "sd": 43696.900507518534
    },
    "0x476ef9ac6d8673e220d0e8bc0a810c2dc6a2aa84": {
      "mappedWeth": 0,
      "sd": 0
    },
    "0x59a529070fbb61e6d6c91f952ccb7f35c34cf8aa": {
      "mappedWeth": 0.0531146764547099,
      "sd": 591.0326304123952
    },
    "0x7fe24f1a024d33506966cb7ca48bab8c65fb632d": {
      "mappedWeth": 0.06033971079913004,
      "sd": 676.1338738239516
    },
    "0x090185f2135308bad17527004364ebcc2d37e5f6": {
      "mappedWeth": 3.3241084328045485,
      "sd": 37545.18563768258
    },
    "0xa0b86991c6218b36c1d19d4a2e9eb0ce3606eb48": {
      "mappedWeth": 10.791845840226511,
      "sd": 121124.24157725567
    },
    "0x01791f726b4103694969820be083196cc7c045ff": {
      "mappedWeth": 3.175269416969766,
      "sd": 35643.747994793885
    },
    "0x4e3fbd56cd56c3e72c1403e103b45db9da5b9d2b": {
      "mappedWeth": 0.08337786466902157,
      "sd": 934.2868549288363
    },
    "0x865377367054516e17014ccded1e7d814edc9ce4": {
      "mappedWeth": 3.677993132251734,
      "sd": 41172.18823084986
    },
    "0xd533a949740bb3306d119cc777fa900ba034cd52": {
      "mappedWeth": 0,
      "sd": 8578.473244169767
    }
  },
  "txs": [
    {
      "tx": "0xe6240714cea2e92108765d8e7b88435ac24f93168942f497105b370bd8909178",
      "wethIn": 2.784844462143374,
      "wethOut": 2.7941164106475926,
      "sdIn": 31746.88513595483,
      "nativeIn": 21361.445079940728,
      "nativeOut": 21361.445079940724,
      "nativeShareSd": 0,
      "wethBasis": 2.784844462143374,
      "tokenWeth": {
        "0xa0b86991c6218b36c1d19d4a2e9eb0ce3606eb48": 2.784844462143374
      },
      "tokenSd": {
        "0xa0b86991c6218b36c1d19d4a2e9eb0ce3606eb48": 31746.88513595483
      }
    },
    {
      "tx": "0x11d22b78f85bddea9847cb243ec5d5b0f5e28527681141ba6be51f2354470f86",
      "wethIn": 2.793198088198759,
      "wethOut": 2.7931972120658326,
      "sdIn": 31583.164002944948,
      "nativeIn": 21562.569863562007,
      "nativeOut": 21562.569863562007,
      "nativeShareSd": 0,
      "wethBasis": 2.793198088198759,
      "tokenWeth": {
        "0xa0b86991c6218b36c1d19d4a2e9eb0ce3606eb48": 2.793198088198759
      },
      "tokenSd": {
        "0xa0b86991c6218b36c1d19d4a2e9eb0ce3606eb48": 31583.164002944948
      }
    },
    {
      "tx": "0xe70888f07c539320177731fbe71c22d4c4857c273a645f415efc34ccccec8b17",
      "wethIn": 2.5729755221699677,
      "wethOut": 2.5773453344158286,
      "sdIn": 28672.550298086087,
      "nativeIn": 19911.423131700347,
      "nativeOut": 19914.512014520096,
      "nativeShareSd": 3.088882819749415,
      "wethBasis": 2.5729755221699677,
      "tokenWeth": {
        "0xa0b86991c6218b36c1d19d4a2e9eb0ce3606eb48": 2.5729755221699677
      },
      "tokenSd": {
        "0xd533a949740bb3306d119cc777fa900ba034cd52": 3.088882819749415,
        "0xa0b86991c6218b36c1d19d4a2e9eb0ce3606eb48": 28669.461415266338
      }
    },
    {
      "tx": "0xdf14b36a0d4c2ddcd9581eb1fc450ac5f1dce6fb4c4bc6f97aac3cb87fbd9e7c",
      "wethIn": 2.640827767714411,
      "wethOut": 2.6448788209475946,
      "sdIn": 29124.73102308954,
      "nativeIn": 20231.80481992819,
      "nativeOut": 20231.80481992819,
      "nativeShareSd": 0,
      "wethBasis": 2.640827767714411,
      "tokenWeth": {
        "0xa0b86991c6218b36c1d19d4a2e9eb0ce3606eb48": 2.640827767714411
      },
      "tokenSd": {
        "0xa0b86991c6218b36c1d19d4a2e9eb0ce3606eb48": 29124.73102308954
      }
    },
    {
      "tx": "0x7610ad2a4d55f3fbf5dbad795d4dc18c9ec87fe441ab17763a8bf8f493c483ec",
      "wethIn": 1.984075192764416,
      "wethOut": 1.984074192764416,
      "sdIn": 22223.87360164689,
      "nativeIn": 15362.77045539129,
      "nativeOut": 15362.77045539129,
      "nativeShareSd": 0,
      "wethBasis": 1.984075192764416,
      "tokenWeth": {
        "0x04acaf8d2865c0714f79da09645c13fd2888977f": 1.984075192764416
      },
      "tokenSd": {
        "0x04acaf8d2865c0714f79da09645c13fd2888977f": 22223.87360164689
      }
    },
    {
      "tx": "0x5ca6ca468c00ea40e37725d87785b8d376df5fb6e14425c4d96d8b0c8cba6ebf",
      "wethIn": 1.9016878612614116,
      "wethOut": 1.9016868612614117,
      "sdIn": 21473.026905871655,
      "nativeIn": 14815.221744559005,
      "nativeOut": 14815.221744559003,
      "nativeShareSd": 0,
      "wethBasis": 1.9016878612614116,
      "tokenWeth": {
        "0x04acaf8d2865c0714f79da09645c13fd2888977f": 1.9016878612614119
      },
      "tokenSd": {
        "0x04acaf8d2865c0714f79da09645c13fd2888977f": 21473.02690587166
      }
    },
    {
      "tx": "0xb4fc95a61bf5d89266211c12501cbc2bfca9a028375ec592a7786cedbbf14d56",
      "wethIn": 2.00032025877764,
      "wethOut": 2.0004026277212614,
      "sdIn": 22380.12127365822,
      "nativeIn": 15629.478554333224,
      "nativeOut": 15629.478554333224,
      "nativeShareSd": 0,
      "wethBasis": 2.00032025877764,
      "tokenWeth": {
        "0x865377367054516e17014ccded1e7d814edc9ce4": 2.00032025877764
      },
      "tokenSd": {
        "0x865377367054516e17014ccded1e7d814edc9ce4": 22380.12127365822
      }
    },
    {
      "tx": "0x836d2403bf3655ef3d38a68ad18d521d0b84bbdd52f040768d169c9621d39973",
      "wethIn": 1.677672873474094,
      "wethOut": 1.6792773379682153,
      "sdIn": 18792.066957191644,
      "nativeIn": 13075.889171767785,
      "nativeOut": 13075.889171767787,
      "nativeShareSd": 1.8189894035458565e-12,
      "wethBasis": 1.677672873474094,
      "tokenWeth": {
        "0x865377367054516e17014ccded1e7d814edc9ce4": 1.677672873474094
      },
      "tokenSd": {
        "0xd533a949740bb3306d119cc777fa900ba034cd52": 1.8189894035458565e-12,
        "0x865377367054516e17014ccded1e7d814edc9ce4": 18792.066957191644
      }
    },
    {
      "tx": "0x5cd0e5e4ccedeb03709d9cf78342d826b86c08c3b62e2a9100923f7b38645a94",
      "wethIn": 1.711418709322805,
      "wethOut": 1.711417709322805,
      "sdIn": 19308.799957618696,
      "nativeIn": 13412.849668059887,
      "nativeOut": 13412.849668059887,
      "nativeShareSd": 0,
      "wethBasis": 1.711418709322805,
      "tokenWeth": {
        "0x090185f2135308bad17527004364ebcc2d37e5f6": 1.711418709322805
      },