{"sdcrv.eth":15.36572495721216,"sdbal.eth":20.37092412116793,"sdfxs.eth":2.9845083380490705,"sdpendle.eth":8.051678483046077,"sdcake.eth":5.557536529427858,"sdfxn.eth":9.46160268375115,"sdspectra.eth":24.573444162602012}