{
  "amount": 2500,
  "timestamp": 1751165257,
  "period": 1750896000,
  "sdtPrice": 0.228148,
  "cvxPrice": 2.57,
  "delegationVotingPower": 2467241.455634031,
  "apr": 0.467751556497674
}