{
  "amount": 2500,
  "timestamp": 1751307161,
  "period": 1750896000,
  "sdtPrice": 0.222865,
  "cvxPrice": 2.57,
  "delegationVotingPower": 2467241.455634031,
  "apr": 0.4569202913847771
}