{
  "amount": 2500,
  "timestamp": 1751292622,
  "period": 1750896000,
  "sdtPrice": 0.22698,
  "cvxPrice": 2.57,
  "delegationVotingPower": 2467241.455634031,
  "apr": 0.4653569099612621
}