{
  "rewardValueUSD": 55991.49473596637,
  "usdPerCVX": 0.011697618704533895,
  "totalVotingPower": 8678080.75324041,
  "delegationVotingPower": 4786572.049426141,
  "delegationShare": 0.5515703512713714,
  "timestamp": 1764201600,
  "periodStartBlock": 23836545,
  "periodEndBlock": 1764028800
}