Gauge Name;Gauge Address;Reward Token;Reward Address;Reward Amount;Reward sd Value;Share % per Protocol
B-sdBAL-STABLE;0xDc2Df969EE5E66236B950F5c4c5f8aBe62035df2;SDT;0x73968b9a57c6E53d41345FD57a6E6ae27d6CDB2F;708.114906;24.500530;2.61
50WETH-50AURA;0x275df57d2b23d53e20322b4bb71bf1dcb21d0a00;AURA;0xc0c293ce456ff0ed870add98a0828dd4d2903dbf;4402.627639;180.254748;19.22
B-auraBAL-STABLE;0x0312aa8d0ba4a1969fddb382235870bf55f7f242;AURA;0xc0c293ce456ff0ed870add98a0828dd4d2903dbf;4577.758253;187.425040;19.98
B-rETH-STABLE;0x79ef6103a513951a3b25743db509e267685726b7;USDC;0xa0b86991c6218b36c1d19d4a2e9eb0ce3606eb48;1236.861520;181.024882;19.30
50wstETH-50ACX;0xf7b0751fea697cf1a541a5f57d11058a8fb794ee;USDC;0xa0b86991c6218b36c1d19d4a2e9eb0ce3606eb48;330.803522;48.415823;5.16
ezETH-WETH-BPT;0xa8b309a75f0d64ed632d45a003c68a30e59a1d8b;USDC;0xa0b86991c6218b36c1d19d4a2e9eb0ce3606eb48;313.958930;45.950478;4.90
weETH/ezETH/rswETH;0x253ed65fff980aee7e94a0dc57be304426048b35;USDC;0xa0b86991c6218b36c1d19d4a2e9eb0ce3606eb48;310.646098;45.465618;4.85
wstETH-WETH-BPT;0x5c0f23a5c1be65fa710d385814a7fd1bda480b1c;USDC;0xa0b86991c6218b36c1d19d4a2e9eb0ce3606eb48;796.807611;116.619364;12.44
bb-WETH-wstETH;0xf8c85bd74fee26831336b51a90587145391a27ba;USDC;0xa0b86991c6218b36c1d19d4a2e9eb0ce3606eb48;739.107307;108.174448;11.53