Gauge Name;Gauge Address;Reward Token;Reward Address;Reward Amount;Reward sd Value;Share % per Protocol
ETH+frxETH ;0x2932a86df44Fe8D2A706d8e9c5d51c24883423F5;FXS;0x3432B6A60D23Ca0dFCa7761B7ab56459D9C964D0;76.849833;558.202420;0.34
crvUSD+zunUSD ;0xB1A829a05E618F7C4f50Cb86f8F64Fb86e42dE5a;ZUN;0x6b5204B0Be36771253Cc38e88012E02B752f0f36;7572.278315;861.474150;0.52
arbi-zunETH+WETH ;0x39D053f054e9e5E5ADA759FBDDCEc904D43e9B7c;ZUN;0x6b5204B0Be36771253Cc38e88012E02B752f0f36;4650.725333;529.098309;0.32
CVX+clevCVX ;0x7970489a543FB237ABab63d62524d8A5CE165B86;CVX;0x4e3FBD56CD56c3e72c1403e103b45Db9da5B9D2B;105.934685;654.784542;0.39
WETH+ZUN ;0xdA22f2De17547E3A5CADcC960EB4e9cfDC52e10A;ZUN;0x6b5204B0Be36771253Cc38e88012E02B752f0f36;33483.735536;3809.338671;2.29
SDT+cvgSDT ;0x63DC752E11D4c9D0f2160DA20EdF2111FECB0a66;crvUSD;0xf939E0A03FB07F59A73314E73794Be0E57ac1b4E;190.174073;742.410457;0.45
arbi-USDe+USDx ;0x99178264ec6b9de40689eE4F2f561cA3885a4BD2;SNX;0xC011a73ee8576Fb46F5E1c5751cA3B9Fe0af2a6F;60.950490;326.927530;0.20
CVX1+cvgCVX ;0xeE624fCbb0C197E41ffc58999e6D35b9B893533E;crvUSD;0xf939E0A03FB07F59A73314E73794Be0E57ac1b4E;334.045080;1304.060833;0.79
MIM+3Crv ;0xd8b712d29381748dB89c36BCa0138d7c75866ddF;SPELL;0x090185f2135308BaD17527004364eBcC2D37e5F6;37662836.213836;77128.894632;46.44
ETH+OETH ;0xd03BE91b1932715709e18021734fcB91BB431715;OGN;0x8207c1FfC5B6804F6024322CcF34F29c3541Ae26;9252.099221;2865.479698;1.73
zunETH+pxETH ;0xf792934842e86f964bDF19A439797a6e3c9fE17B;ZUN;0x6b5204B0Be36771253Cc38e88012E02B752f0f36;5689.411088;647.266302;0.39
CVX1+cvgCVX ;0xeE624fCbb0C197E41ffc58999e6D35b9B893533E;CVG;0x97efFB790f2fbB701D88f89DB4521348A2B77be8;42868.367340;0.000000;0.00
ETH+ETHx ;0x7671299eA7B4bbE4f3fD305A994e6443b4be680E;SD;0x30D20208d987713f46DFD34EF128Bb16C404D10f;2195.397976;2355.210932;1.42
DOLA+FRAXBP ;0xBE266d68Ce3dDFAb366Bb866F4353B6FC42BA43c;INV;0x41D5D79431A913C4aE7d69a668ecdfE5fF9DFB68;236.147057;20621.145389;12.42
DOLA+FRAXPYUSD ;0x4B092818708A721cB187dFACF41f440ADb79044D;INV;0x41D5D79431A913C4aE7d69a668ecdfE5fF9DFB68;442.895504;38675.106408;23.29
DOLA+crvUSD ;0xEcAD6745058377744c09747b2715c0170B5699e5;INV;0x41D5D79431A913C4aE7d69a668ecdfE5fF9DFB68;88.963383;7768.578110;4.68
USDC+WETH+INV ;0x4Fc86cd0F9b650280Fa783e3116258e0E0496A2c;INV;0x41D5D79431A913C4aE7d69a668ecdfE5fF9DFB68;82.820342;7232.147380;4.35