{"sdcrv.eth":17.382604844509046,"sdbal.eth":53.58231265612117,"sdfxs.eth":3.2786746103340114,"sdpendle.eth":22.799657856689805,"sdcake.eth":5.248847035302888,"sdfxn.eth":24.664634659316935,"sdapw.eth":49.63462471100833}