Gauge Name;Gauge Address;Reward Token;Reward Address;Reward Amount;Reward sd Value;Share % per Protocol
alUSD+fxUSD;0x9c7003bC16F2A1AA47451C858FEe6480B755363e;ALCX;0xdBdb4d16EdA451D0503b854CF79D55697F90c8DF;18.387154;5.566631;7.21
DOLA+fxUSD;0x61F32964C39Cca4353144A6DB2F8Efdb3216b35B;INV;0x41D5D79431A913C4aE7d69a668ecdfE5fF9DFB68;20.066168;16.614642;21.53
GHO+fxUSD;0xf0A3ECed42Dbd8353569639c0eaa833857aA0A75;GHO;0x40D16FC0246aD3160Ccc09B8D0D3A2cD28aE6C2f;2365.889633;55.004341;71.26