{
  "rewardValueUSD": 1583.1413971935974,
  "usdPerCVX": 0.00041382672992121045,
  "totalVotingPower": 4786457.027390938,
  "delegationVotingPower": 3528100.0214643516,
  "delegationShare": 0.7371005320374708,
  "timestamp": 1756944000,
  "periodStartBlock": 23235896,
  "periodEndBlock": 1756771200
}