{
  "protocol": "curve",
  "period": 1761782400,
  "aggregator": "0x0000000a3Fc396B89e4c11841B39D9dff85a5D05",
  "totals": {
    "sdInTotal": 278539.9857525239,
    "sdAssigned": 278539.9857525239,
    "wethInTotal": 21.197214052634823,
    "wethOutTotal": 21.20491381153082
  },
  "dropped": {
    "tokensNotSwapped": [
      "0x8ee73c484a26e0a5df2ee2a4960b789967dd0415",
      "0x7a10f506e4c7658e6ad15fdf0443d450b7fa80d7"
    ],
    "wethNotSwapped": false
  },
  "perToken": {
    "0x8ee73c484a26e0a5df2ee2a4960b789967dd0415": {
      "mappedWeth": 0,
      "sd": 0
    },
    "0x7159cc276d7d17ab4b3beb19959e1f39368a45ba": {
      "mappedWeth": 0.06795689276535719,
      "sd": 849.4507439417007
    },
    "0x7a10f506e4c7658e6ad15fdf0443d450b7fa80d7": {
      "mappedWeth": 0,
      "sd": 0
    },
    "0x3432b6a60d23ca0dfca7761b7ab56459d9c964d0": {
      "mappedWeth": 0.11106101236978393,
      "sd": 1372.8120951747524
    },
    "0xa0ed3359902eff692e5b8167038133a73d641909": {
      "mappedWeth": 0.01989404026241243,
      "sd": 241.9790179245546
    },
    "0x73968b9a57c6e53d41345fd57a6e6ae27d6cdb2f": {
      "mappedWeth": 0.4280937945236744,
      "sd": 5279.991679383616
    },
    "0xf939e0a03fb07f59a73314e73794be0e57ac1b4e": {
      "mappedWeth": 0.1043956492852858,
      "sd": 1290.4223270114305
    },
    "0xa0b86991c6218b36c1d19d4a2e9eb0ce3606eb48": {
      "mappedWeth": 7.603969014809577,
      "sd": 89781.5353397967
    },
    "0x4e3fbd56cd56c3e72c1403e103b45db9da5b9d2b": {
      "mappedWeth": 0.2563063269529678,
      "sd": 3168.172324409484
    },
    "0x59a529070fbb61e6d6c91f952ccb7f35c34cf8aa": {
      "mappedWeth": 0.02497524584269674,
      "sd": 312.18674512470704
    },
    "0x7fe24f1a024d33506966cb7ca48bab8c65fb632d": {
      "mappedWeth": 0.01081917336388076,
      "sd": 131.59785095508275
    },
    "0x419905009e4656fdc02418c7df35b1e61ed5f726": {
      "mappedWeth": 0.8926127438248741,
      "sd": 11009.241247122252
    },
    "0x090185f2135308bad17527004364ebcc2d37e5f6": {
      "mappedWeth": 3.4630927077873723,
      "sd": 41522.87553877811
    },
    "0x01791f726b4103694969820be083196cc7c045ff": {
      "mappedWeth": 2.98389456107308,
      "sd": 36338.90759745754
    },
    "0x04acaf8d2865c0714f79da09645c13fd2888977f": {
      "mappedWeth": 0.05665136585822794,
      "sd": 708.1333903794513
    },
    "0x865377367054516e17014ccded1e7d814edc9ce4": {
      "mappedWeth": 0.5219870750127167,
      "sd": 6438.045699493359
    },
    "0xfa2b947eec368f42195f24f36d2af29f7c24cec2": {
      "mappedWeth": 4.651504448902916,
      "sd": 54400.88706983405
    },
    "0xd533a949740bb3306d119cc777fa900ba034cd52": {
      "mappedWeth": 0,
      "sd": 25693.747085737137
    }
  },
  "txs": [
    {
      "tx": "0xb64c01f2e731adc2301c3289b124ef00a2b2460c589c8e184bf299d298e22367",
      "wethIn": 2.7953437640800822,
      "wethOut": 2.7961868831606176,
      "sdIn": 33632.66522308381,
      "nativeIn": 21725.973896721902,
      "nativeOut": 21725.973896721902,
      "nativeShareSd": 0,
      "wethBasis": 2.7953437640800822,
      "tokenWeth": {
        "0xa0b86991c6218b36c1d19d4a2e9eb0ce3606eb48": 2.7953437640800822
      },
      "tokenSd": {
        "0xa0b86991c6218b36c1d19d4a2e9eb0ce3606eb48": 33632.66522308381
      }
    },
    {
      "tx": "0x33ec457e299c5b85429e17ec38bb026c2d224671653e5cd94246e33efde80bee",
      "wethIn": 2.7043987766061695,
      "wethOut": 2.7043977766061698,
      "sdIn": 31780.398095965294,
      "nativeIn": 21020.683380178474,
      "nativeOut": 21020.683380178474,
      "nativeShareSd": 0,
      "wethBasis": 2.7043987766061695,
      "tokenWeth": {
        "0xa0b86991c6218b36c1d19d4a2e9eb0ce3606eb48": 2.7043987766061695
      },
      "tokenSd": {
        "0xa0b86991c6218b36c1d19d4a2e9eb0ce3606eb48": 31780.398095965298
      }
    },
    {
      "tx": "0x707c0a6717bb9943140422d77805ec0963f607c61381d364713ac0f2e830c20b",
      "wethIn": 2.1042264741233248,
      "wethOut": 2.1042254741233246,
      "sdIn": 24372.455575354605,
      "nativeIn": 16329.318021193676,
      "nativeOut": 16333.301575800704,
      "nativeShareSd": 3.9835546070280543,
      "wethBasis": 2.1042264741233248,
      "tokenWeth": {
        "0xa0b86991c6218b36c1d19d4a2e9eb0ce3606eb48": 2.1042264741233248
      },
      "tokenSd": {
        "0xd533a949740bb3306d119cc777fa900ba034cd52": 3.9835546070280543,
        "0xa0b86991c6218b36c1d19d4a2e9eb0ce3606eb48": 24368.472020747577
      }
    },
    {
      "tx": "0x5d9187f67fe7823464e734936e9d602314502dfbd16434d32a78fd94c76196dc",
      "wethIn": 2.4627937197073733,
      "wethOut": 2.4633628361479936,
      "sdIn": 28723.93702098032,
      "nativeIn": 19308.11589407879,
      "nativeOut": 19314.642031832045,
      "nativeShareSd": 6.5261377532551705,
      "wethBasis": 2.4627937197073733,
      "tokenWeth": {
        "0xfa2b947eec368f42195f24f36d2af29f7c24cec2": 2.4627937197073733
      },
      "tokenSd": {
        "0xd533a949740bb3306d119cc777fa900ba034cd52": 6.5261377532551705,
        "0xfa2b947eec368f42195f24f36d2af29f7c24cec2": 28717.410883227065
      }
    },
    {
      "tx": "0xf8f7ebc135196711fd6edb6f1938c8a51a6196e1a1c7768f246202e199c852c8",
      "wethIn": 2.188710729195543,
      "wethOut": 2.1940026261917964,
      "sdIn": 25683.47618660698,
      "nativeIn": 17228.688956793347,
      "nativeOut": 17228.688956793347,
      "nativeShareSd": 0,
      "wethBasis": 2.188710729195543,
      "tokenWeth": {
        "0xfa2b947eec368f42195f24f36d2af29f7c24cec2": 2.188710729195543
      },
      "tokenSd": {
        "0xfa2b947eec368f42195f24f36d2af29f7c24cec2": 25683.47618660698
      }
    },
    {
      "tx": "0x711fd2abc0c91f49eddb4921671a4c3ab4fd3b1c2549b2b4fd13f872b7b56c00",
      "wethIn": 1.791726866746554,
      "wethOut": 1.791725866746554,
      "sdIn": 21514.821660940182,
      "nativeIn": 14379.333075908522,
      "nativeOut": 14379.333075908522,
      "nativeShareSd": 0,
      "wethBasis": 1.791726866746554,
      "tokenWeth": {
        "0x090185f2135308bad17527004364ebcc2d37e5f6": 1.791726866746554
      },
      "tokenSd": {
        "0x090185f2135308bad17527004364ebcc2d37e5f6": 21514.821660940182
      }
    },
    {
      "tx": "0x3706fabf8240526984c4851713fbec1aff3830ba8666689069dcc4b4696beb1d",
      "wethIn": 1.6713658410408185,
      "wethOut": 1.6713648410408184,
      "sdIn": 20017.86350818355,
      "nativeIn": 13375.720106885314,
      "nativeOut": 13385.529737230934,
      "nativeShareSd": 9.809630345620462,
      "wethBasis": 1.6713658410408185,
      "tokenWeth": {
        "0x090185f2135308bad17527004364ebcc2d37e5f6": 1.6713658410408185
      },
      "tokenSd": {
        "0xd533a949740bb3306d119cc777fa900ba034cd52": 9.809630345620462,
        "0x090185f2135308bad17527004364ebcc2d37e5f6": 20008.053877837927
      }
    },
    {
      "tx": "0xf51f76b7ca7494c645e57e073b9cab9314787eb2fdce34dd7278441dd44f2117",
      "wethIn": 1.6139043989973627,
      "wethOut": 1.6180348457695628,
      "sdIn": 19626.263845340658,
      "nativeIn": 12971.919170051651,
      "nativeOut": 12971.919170051651,
      "nativeShareSd": 0,
      "wethBasis": 1.6139043989973627,
      "tokenWeth": {
        "0x01791f726b4103694969820be083196cc7c045ff": 1.6139043989973627
      },
      "tokenSd": {
        "0x01791f726b4103694969820be083196cc7c045ff": 19626.263845340658
      }
    },
    {
      "tx": "0x79a7d4da0ec82f4cd5f8df0b73e8693b07b83d99044ec43201690c784b8fd935",
      "wethIn": 1.369990162075717,
      "wethOut": 1.3709152020995676,
      "sdIn": 16712.643752116885,
      "nativeIn": 11084.230989833506,
      "nativeOut": 11084.230989833508,
      "nativeShareSd": 1.8189894035458565e-12,
      "wethBasis": 1.369990162075717,
      "tokenWeth": {
        "0x01791f726b4103694969820be083196cc7c045ff": 1.369990162075717
      },
      "tokenSd": {
        "0xd533a949740bb3306d119cc777fa900ba034cd52": 1.8189894035458565e-12,