Period;Gauge Name;Gauge Address;Reward Token;Reward Address;Reward Amount;Reward sd Value;Share % per Protocol
1755129600;base-WETH+superOETHb ;0x9da8420dbeebdfc4902b356017610259ef7eedd8;WETH;0xC02aaA39b223FE8D0A0e5C4F27eAD9083C756Cc2;1.698130;13890.226105;60.22
1755129600;sonic-CrossCurve Stab… ;0xf7816fa0e0d2b56d799f45bca8d4bbe836a55422;WETH;0xC02aaA39b223FE8D0A0e5C4F27eAD9083C756Cc2;0.129562;1059.777858;4.59
1755129600;taiko-sxfrxETH_s+WETH ;0xf7364d6351cfdf42b711ba982dd43a74912ab094;WETH;0xC02aaA39b223FE8D0A0e5C4F27eAD9083C756Cc2;0.361466;2956.686160;12.82
1755129600;taiko-sxfrxUSD_s+USDC ;0xc7eede6fbc07522c2b0c288905d79e397edf2529;WETH;0xC02aaA39b223FE8D0A0e5C4F27eAD9083C756Cc2;0.097239;795.384799;3.45
1755129600;arbi-crvUSD+WETH+GMAC ;0xda9a503e67a075af2c3ea840256b02891535471a;WETH;0xC02aaA39b223FE8D0A0e5C4F27eAD9083C756Cc2;0.324349;2653.080410;11.50
1755129600;uniBTC+brBTC ;0xaa7fb75ac4a0729fb45c3ad165505b435973e812;WETH;0xC02aaA39b223FE8D0A0e5C4F27eAD9083C756Cc2;0.104462;854.466978;3.70
1755129600;WBTC+uniBTC ;0xf73aaf236ffd467d2cc544055ca3559a0f7cd92c;WETH;0xC02aaA39b223FE8D0A0e5C4F27eAD9083C756Cc2;0.104462;854.466978;3.70