Gauge Name;Gauge Address;Reward Token;Reward Address;Reward Amount;Reward sd Value;Share % per Protocol
Convex stkcvxfrxETHWETH;0xB4fdD7444E1d86b2035c97124C46b1528802DA35;FXS;0x3432B6A60D23Ca0dFCa7761B7ab56459D9C964D0;165.464569;179.266677;46.42
FLE FXS/wfrxETH [Fraxtal];0x6f82A6551cc351Bc295602C3ea99C78EdACF590C;FXS;0x3432B6A60D23Ca0dFCa7761B7ab56459D9C964D0;14.577270;15.793223;4.09
Morpho Re7FRAX;0xE1e697Fd7EC9b3675808Ba8Ad508fD51cac756a3;FXS;0x3432B6A60D23Ca0dFCa7761B7ab56459D9C964D0;135.315211;146.602432;37.96
Convex stkcvxfrxETHrETH;0x719505cB97DF15565255eb1bDe65586271dB873C;FXS;0x3432B6A60D23Ca0dFCa7761B7ab56459D9C964D0;41.070520;44.496388;11.52