Gauge Name;Gauge Address;Reward Token;Reward Address;Reward Amount
tacBTC+cbBTC+FBTC ;0xc05d9A1b8CabBDD8551e7c292ffE2C06466c9383;tacIOU;0x4DF454443D6e9A888e9B1571B2375e8Ab4118d9d;91068.821234
WETH+tacETH ;0x92219862F9F40fe27444e45a9554E824e8556A62;tacIOU;0x4DF454443D6e9A888e9B1571B2375e8Ab4118d9d;91068.821234
USDT+tacUSD ;0xf5456dE3a08fA12253153414FBEBAaE63e0C7884;tacIOU;0x4DF454443D6e9A888e9B1571B2375e8Ab4118d9d;91068.821234