{"sdfxs.eth":1.6862590390550654,"sdcrv.eth":16.724446693317418,"sdfxn.eth":14.484536368067783}