Period;Gauge Name;Gauge Address;Reward Token;Reward Address;Reward Amount;Reward sd Value;Share % per Protocol
1751500800;base-WETH+superOETHb ;0x9da8420dbeebdfc4902b356017610259ef7eedd8;WETH;0xC02aaA39b223FE8D0A0e5C4F27eAD9083C756Cc2;0.355669;2578.688336;26.77
1751500800;sonic-CrossCurve Stab… ;0x17c98b61ca0d05e787e4eae140854f0354dedfab;WETH;0xC02aaA39b223FE8D0A0e5C4F27eAD9083C756Cc2;0.765858;5552.657662;57.64
1751500800;arbi-USDC+EURe ;0x576673a39cca0f0e4333ac0617638acebf15536e;WETH;0xC02aaA39b223FE8D0A0e5C4F27eAD9083C756Cc2;0.207148;1501.874646;15.59