Period;Gauge Name;Gauge Address;Reward Token;Reward Address;Reward Amount;Reward sd Value;Share % per Protocol
1768435200;base-WETH+superOETHb ;0x9da8420dbeebdfc4902b356017610259ef7eedd8;CRV;0xD533a949740bb3306d119CC777fa900bA034cd52;10224.994945;16611.668936;0.00
1768435200;base-WETH+cbETH ;0xe9c898ba654dec2ba440392028d2e7a194e6dc3e;WETH;0xC02aaA39b223FE8D0A0e5C4F27eAD9083C756Cc2;0.558424;7459.071977;26.62
1768435200;ava-xpUSD+yUTY ;0x1c4b6f6eeb6d1bc1fe63e78b395ded5677e59d7f;WETH;0xC02aaA39b223FE8D0A0e5C4F27eAD9083C756Cc2;0.110867;1480.892184;5.29
1768435200;fraxtal-frxUSD+dUSD ;0x05600c37d54a4f3cdc76e0867af1530becc332ca;WETH;0xC02aaA39b223FE8D0A0e5C4F27eAD9083C756Cc2;0.057990;774.589106;2.76
1768435200;fraxtal-sdUSD+sfrxUSD ;0x4ec899e59cb5595d515b281a549a730e79e1b671;WETH;0xC02aaA39b223FE8D0A0e5C4F27eAD9083C756Cc2;0.067928;907.332574;3.24
1768435200;fraxtal-dUSD+sfrxUSD ;0xf5572d8d01bb6f96403f477d8b3bfb5739444702;WETH;0xC02aaA39b223FE8D0A0e5C4F27eAD9083C756Cc2;0.158104;2111.849755;7.54
1768435200;sonic-USDp+frxUSD ;0xf5a8d5c04d6b049a17a118503c7f3f4f39c20e47;WETH;0xC02aaA39b223FE8D0A0e5C4F27eAD9083C756Cc2;1.140214;15283.075041;54.55