{
  "protocol": "curve",
  "period": 1768435200,
  "aggregator": "0x0000000a3Fc396B89e4c11841B39D9dff85a5D05",
  "totals": {
    "sdInTotal": 266781.3353382815,
    "sdAssigned": 266781.3353382815,
    "wethInTotal": 19.95652155858691,
    "wethOutTotal": 19.952881582671974
  },
  "dropped": {
    "tokensNotSwapped": [
      "0x76a9a0062ec6712b99b4f63bd2b4270185759dd5",
      "0x8ee73c484a26e0a5df2ee2a4960b789967dd0415",
      "0x833589fcd6edb6e08f4c7c32d4f71b54bda02913"
    ],
    "wethNotSwapped": false
  },
  "perToken": {
    "0xdd468a1ddc392dcdbef6db6e34e89aa338f9f186": {
      "mappedWeth": 0.6060940465123869,
      "sd": 10214.572567894766
    },
    "0x73968b9a57c6e53d41345fd57a6e6ae27d6cdb2f": {
      "mappedWeth": 0.07561531095973244,
      "sd": 983.2080437725448
    },
    "0x7159cc276d7d17ab4b3beb19959e1f39368a45ba": {
      "mappedWeth": 0.10960144058782495,
      "sd": 1419.2271141658114
    },
    "0xa0b86991c6218b36c1d19d4a2e9eb0ce3606eb48": {
      "mappedWeth": 6.288307525741807,
      "sd": 80497.47676827702
    },
    "0x8207c1ffc5b6804f6024322ccf34f29c3541ae26": {
      "mappedWeth": 0.4621552190549501,
      "sd": 5984.439751140333
    },
    "0x419905009e4656fdc02418c7df35b1e61ed5f726": {
      "mappedWeth": 0.7406950813206058,
      "sd": 12483.0192646966
    },
    "0x01791f726b4103694969820be083196cc7c045ff": {
      "mappedWeth": 1.9584617851360093,
      "sd": 24048.554020031846
    },
    "0x04acaf8d2865c0714f79da09645c13fd2888977f": {
      "mappedWeth": 2.108718302318321,
      "sd": 26358.123107743675
    },
    "0x59a529070fbb61e6d6c91f952ccb7f35c34cf8aa": {
      "mappedWeth": 0.10926662459042549,
      "sd": 1414.8915877419136
    },
    "0x7fe24f1a024d33506966cb7ca48bab8c65fb632d": {
      "mappedWeth": 0.07508095058906851,
      "sd": 965.9926653291983
    },
    "0x4e3fbd56cd56c3e72c1403e103b45db9da5b9d2b": {
      "mappedWeth": 0.11226915012771538,
      "sd": 1459.8092644472513
    },
    "0x090185f2135308bad17527004364ebcc2d37e5f6": {
      "mappedWeth": 2.1361493149386384,
      "sd": 26144.223896716463
    },
    "0x865377367054516e17014ccded1e7d814edc9ce4": {
      "mappedWeth": 5.071553173134497,
      "sd": 63991.60356515816
    },
    "0xf939e0a03fb07f59a73314e73794be0e57ac1b4e": {
      "mappedWeth": 0.10255363357492807,
      "sd": 1333.4806954991882
    },
    "0x76a9a0062ec6712b99b4f63bd2b4270185759dd5": {
      "mappedWeth": 0,
      "sd": 0
    },
    "0x8ee73c484a26e0a5df2ee2a4960b789967dd0415": {
      "mappedWeth": 0,
      "sd": 0
    },
    "0x833589fcd6edb6e08f4c7c32d4f71b54bda02913": {
      "mappedWeth": 0,
      "sd": 0
    },
    "0xd533a949740bb3306d119cc777fa900ba034cd52": {
      "mappedWeth": 0,
      "sd": 9482.713025666737
    }
  },
  "txs": [
    {
      "tx": "0xff2c7389f57dfe6469e1cc9a1b8728e00f87e4f2bf0fe1b8e81ad27d87c138a6",
      "wethIn": 2.2989894971755738,
      "wethOut": 2.2989872401673592,
      "sdIn": 29931.899296419928,
      "nativeIn": 17842.601332821316,
      "nativeOut": 17844.877054007222,
      "nativeShareSd": 2.27572118590615,
      "wethBasis": 2.2989894971755738,
      "tokenWeth": {
        "0xa0b86991c6218b36c1d19d4a2e9eb0ce3606eb48": 2.2989894971755733,
        "0xc02aaa39b223fe8d0a0e5c4f27ead9083c756cc2": 4.440892098500626e-16
      },
      "tokenSd": {
        "0xd533a949740bb3306d119cc777fa900ba034cd52": 2.27572118590615,
        "0xa0b86991c6218b36c1d19d4a2e9eb0ce3606eb48": 29929.623575234018,
        "0xc02aaa39b223fe8d0a0e5c4f27ead9083c756cc2": 5.781419576281091e-12
      }
    },
    {
      "tx": "0xb05b6626f85b9330efd13766683098d199c12d0efcdab216d1213bc89c8d4d3f",
      "wethIn": 2.1289202801231975,
      "wethOut": 2.1289179993180687,
      "sdIn": 26739.74042963629,
      "nativeIn": 16424.8116441863,
      "nativeOut": 16424.8116441863,
      "nativeShareSd": 0,
      "wethBasis": 2.1289202801231975,
      "tokenWeth": {
        "0xa0b86991c6218b36c1d19d4a2e9eb0ce3606eb48": 2.128920280123197,
        "0xc02aaa39b223fe8d0a0e5c4f27ead9083c756cc2": 4.440892098500626e-16
      },
      "tokenSd": {
        "0xa0b86991c6218b36c1d19d4a2e9eb0ce3606eb48": 26739.740429636284,
        "0xc02aaa39b223fe8d0a0e5c4f27ead9083c756cc2": 5.5778651318525536e-12
      }
    },
    {
      "tx": "0xed7527560e8c973868fc5daab6952775eb11fa4229949afc31df1983d6802473",
      "wethIn": 1.8603977484430365,
      "wethOut": 1.860394929225506,
      "sdIn": 23829.509783863905,
      "nativeIn": 14482.22344715211,
      "nativeOut": 14483.62046760929,
      "nativeShareSd": 1.3970204571796785,
      "wethBasis": 1.8603977484430365,
      "tokenWeth": {
        "0xa0b86991c6218b36c1d19d4a2e9eb0ce3606eb48": 1.8603977484430365
      },
      "tokenSd": {
        "0xd533a949740bb3306d119cc777fa900ba034cd52": 1.3970204571796785,
        "0xa0b86991c6218b36c1d19d4a2e9eb0ce3606eb48": 23828.112763406723
      }
    },
    {
      "tx": "0x5af93c6f6060f15862fbc4a91a7f8149ae198cd244947836fd197afdae1920fa",
      "wethIn": 2.7367281448615786,
      "wethOut": 2.736727144861579,
      "sdIn": 34804.582841073214,
      "nativeIn": 21305.03237563194,
      "nativeOut": 21311.944592263764,
      "nativeShareSd": 6.912216631822957,
      "wethBasis": 2.7367281448615786,
      "tokenWeth": {
        "0x865377367054516e17014ccded1e7d814edc9ce4": 2.7367281448615786
      },
      "tokenSd": {
        "0xd533a949740bb3306d119cc777fa900ba034cd52": 6.912216631822957,
        "0x865377367054516e17014ccded1e7d814edc9ce4": 34797.670624441394
      }
    },
    {
      "tx": "0x287011cd82d66549f15e90ee10cbd45ed692154f370fd6fc2b2a518d658f57bf",
      "wethIn": 2.334825028272918,
      "wethOut": 2.334824028272918,
      "sdIn": 29193.932940716764,
      "nativeIn": 17924.857544048158,
      "nativeOut": 17924.857544048158,
      "nativeShareSd": 0,
      "wethBasis": 2.334825028272918,
      "tokenWeth": {
        "0x865377367054516e17014ccded1e7d814edc9ce4": 2.334825028272918
      },
      "tokenSd": {
        "0x865377367054516e17014ccded1e7d814edc9ce4": 29193.932940716764
      }
    },
    {
      "tx": "0x7cafd39ab5a62d45a6809f02618b4ee9bef54c5c383c437bbeb1771d3c33fe0d",
      "wethIn": 2.108718302318321,
      "wethOut": 2.108717302318321,
      "sdIn": 26358.12310774368,
      "nativeIn": 16230.373354451833,
      "nativeOut": 16230.373354451833,
      "nativeShareSd": 0,
      "wethBasis": 2.108718302318321,
      "tokenWeth": {
        "0x04acaf8d2865c0714f79da09645c13fd2888977f": 2.108718302318321
      },
      "tokenSd": {
        "0x04acaf8d2865c0714f79da09645c13fd2888977f": 26358.12310774368
      }
    },
    {
      "tx": "0x1dd21ea51224cab14ec9b08b42acca107e951fa1706c400d31bfb445036742b1",
      "wethIn": 1.9584617851360093,
      "wethOut": 1.9584607851360092,
      "sdIn": 24048.554020031846,
      "nativeIn": 14854.866608168726,
      "nativeOut": 14854.866608168724,
      "nativeShareSd": 0,
      "wethBasis": 1.9584617851360093,
      "tokenWeth": {
        "0x01791f726b4103694969820be083196cc7c045ff": 1.9584617851360093
      },
      "tokenSd": {
        "0x01791f726b4103694969820be083196cc7c045ff": 24048.554020031846
      }
    },
    {
      "tx": "0xee731c1ef4c7ceac893ae0744024146d723a8978271ab7a191e6238abbc00da1",
      "wethIn": 2.1361493149386384,
      "wethOut": 2.136148314938638,
      "sdIn": 26144.223896716463,
      "nativeIn": 16071.557876942763,
      "nativeOut": 16071.557876942763,
      "nativeShareSd": 0,
      "wethBasis": 2.1361493149386384,
      "tokenWeth": {
        "0x090185f2135308bad17527004364ebcc2d37e5f6": 2.1361493149386384
      },
      "tokenSd": {
        "0x090185f2135308bad17527004364ebcc2d37e5f6": 26144.223896716463
      }
    },
    {
      "tx": "0x4be9f75a699dcb08b4b89c38a84991f49ca6f53602edee684e33786da84e304e",
      "wethIn": 1.3467891278329926,
      "wethOut": 1.345581039889972,
      "sdIn": 32169.719899983193,
      "nativeIn": 10559.006590224251,
      "nativeOut": 20031.13465761608,