{"sdspectra.eth":0,"sdcrv.eth":19.66589053006823,"sdbal.eth":11.711505436972008,"sdpendle.eth":5.95034479302065,"sdfxn.eth":26.612490829746925}