Gauge Name;Gauge Address;Reward Token;Reward Address;Reward Amount;Reward sd Value;Share % per Protocol
USDN+fxUSD;0xa295829c082C4d21fE37dbC8C96bFa0ef6dbaa92;SDEX;0x5DE8ab7E27f6E7A1fFf3E5B337584Aa43961BEeF;50190.306626;12.166387;15.91
USDnr+fxUSD;0x695C6F5ed9CEB6709E00C08e1326710F3169B922;SDEX;0x5DE8ab7E27f6E7A1fFf3E5B337584Aa43961BEeF;190779.038455;46.245816;60.49
msUSD+fxUSD;0x2122a2bee97545595550b85379AC7676Fd21a5B4;USDC;0xA0b86991c6218b36c1d19D4a2e9Eb0cE3606eB48;180.830142;7.044738;9.22
alUSD+fxUSD;0x9c7003bC16F2A1AA47451C858FEe6480B755363e;ALCX;0xdBdb4d16EdA451D0503b854CF79D55697F90c8DF;36.960773;10.990096;14.38