{
  "protocol": "curve",
  "period": 1776297600,
  "aggregator": "0x0000000a3Fc396B89e4c11841B39D9dff85a5D05",
  "totals": {
    "sdInTotal": 355831.52361560386,
    "sdAssigned": 355831.52361560403,
    "wethInTotal": 20.939530682004065,
    "wethOutTotal": 20.943978580904044
  },
  "dropped": {
    "tokensNotSwapped": [],
    "wethNotSwapped": false
  },
  "perToken": {
    "0xa0b86991c6218b36c1d19d4a2e9eb0ce3606eb48": {
      "mappedWeth": 6.16863157241184,
      "sd": 107851.03887979899
    },
    "0x73968b9a57c6e53d41345fd57a6e6ae27d6cdb2f": {
      "mappedWeth": 0.06337062183626323,
      "sd": 1058.6444063580664
    },
    "0x2a8e1e676ec238d8a992307b495b45b3feaa5e86": {
      "mappedWeth": 0.32142437288191394,
      "sd": 5219.5076197008475
    },
    "0xc0c17dd08263c16f6b64e772fb9b723bf1344ddf": {
      "mappedWeth": 9.843409083481458,
      "sd": 166895.6423091838
    },
    "0x04acaf8d2865c0714f79da09645c13fd2888977f": {
      "mappedWeth": 3.1506307757708005,
      "sd": 52100.03170742066
    },
    "0xf4c13d631450de6b12a19829e37c8e2826891dc4": {
      "mappedWeth": 0.022831841524959928,
      "sd": 381.4196644575317
    },
    "0x4e3fbd56cd56c3e72c1403e103b45db9da5b9d2b": {
      "mappedWeth": 0.3607942564906942,
      "sd": 5858.8225715830395
    },
    "0x01791f726b4103694969820be083196cc7c045ff": {
      "mappedWeth": 0.6493045735156859,
      "sd": 10608.816240873832
    },
    "0x501ebf66d76a96d4fb26ccead42957653e16b8b8": {
      "mappedWeth": 0.30399638711037125,
      "sd": 4936.500131142959
    },
    "0x09fd37d9aa613789c517e76df1c53aece2b60df4": {
      "mappedWeth": 0.05513719698007929,
      "sd": 921.1000850842488
    }
  },
  "txs": [
    {
      "tx": "0x8b2977ef84194f59277e4465ef67ddf7c22dd290da7c1bd9026610ffcf2d8f74",
      "wethIn": 1.9103171870827214,
      "wethOut": 1.9103161870827212,
      "sdIn": 32069.846671044113,
      "nativeIn": 19183.38574860287,
      "nativeOut": 19183.38574860287,
      "nativeShareSd": 0,
      "wethBasis": 1.9103171870827214,
      "tokenWeth": {
        "0xc0c17dd08263c16f6b64e772fb9b723bf1344ddf": 1.9103171870827214
      },
      "tokenSd": {
        "0xc0c17dd08263c16f6b64e772fb9b723bf1344ddf": 32069.846671044113
      }
    },
    {
      "tx": "0xc7b98540db2e7469de742ce2e6417a4fc337ae630340b611e2c13d58956f7fd1",
      "wethIn": 2.1163558555210784,
      "wethOut": 2.1163548555210787,
      "sdIn": 35609.69574065788,
      "nativeIn": 21156.116022658938,
      "nativeOut": 21156.116022658938,
      "nativeShareSd": 0,
      "wethBasis": 2.1163558555210784,
      "tokenWeth": {
        "0xc0c17dd08263c16f6b64e772fb9b723bf1344ddf": 2.1163558555210784
      },
      "tokenSd": {
        "0xc0c17dd08263c16f6b64e772fb9b723bf1344ddf": 35609.69574065788
      }
    },
    {
      "tx": "0xbb3312e2e660421ab4a1c2a38c666fe5db1523f2914132495758da55c810d29b",
      "wethIn": 2.111861275544035,
      "wethOut": 2.1144602191999864,
      "sdIn": 35528.95830825271,
      "nativeIn": 21477.60638198136,
      "nativeOut": 21477.621666609335,
      "nativeShareSd": 0.015284627974324394,
      "wethBasis": 2.111861275544035,
      "tokenWeth": {
        "0xc0c17dd08263c16f6b64e772fb9b723bf1344ddf": 2.111861275544035
      },
      "tokenSd": {
        "0xd533a949740bb3306d119cc777fa900ba034cd52": 0.015284627974324394,
        "0xc0c17dd08263c16f6b64e772fb9b723bf1344ddf": 35528.943023624735
      }
    },
    {
      "tx": "0x52d6aad88bc68de971295bf8186990d13874185e277112a1e1ab23035372fe59",
      "wethIn": 1.9946030284909793,
      "wethOut": 1.995140234806657,
      "sdIn": 33765.165459983036,
      "nativeIn": 20204.534683371887,
      "nativeOut": 20204.534683371887,
      "nativeShareSd": 0,
      "wethBasis": 1.9946030284909793,
      "tokenWeth": {
        "0xc0c17dd08263c16f6b64e772fb9b723bf1344ddf": 1.9946030284909793
      },
      "tokenSd": {
        "0xc0c17dd08263c16f6b64e772fb9b723bf1344ddf": 33765.165459983036
      }
    },
    {
      "tx": "0x8c27b4db22eab0288a8e9e240e8cf8a1dd7123858686835653b97bb572682ce1",
      "wethIn": 1.7102717368426426,
      "wethOut": 1.7133858136810745,
      "sdIn": 29921.98424492565,
      "nativeIn": 17273.35671800912,
      "nativeOut": 17273.35671800912,
      "nativeShareSd": 0,
      "wethBasis": 1.7102717368426426,
      "tokenWeth": {
        "0xc0c17dd08263c16f6b64e772fb9b723bf1344ddf": 1.7102717368426428
      },
      "tokenSd": {
        "0xc0c17dd08263c16f6b64e772fb9b723bf1344ddf": 29921.984244925654
      }
    },
    {
      "tx": "0xfb385593a2c09f83081ebed84cdcb4338adf8badc04e8b3d9ccec4d75c97113e",
      "wethIn": 2.015973640639619,
      "wethOut": 2.0179910761513224,
      "sdIn": 35470.50420456781,
      "nativeIn": 20312.64976132061,
      "nativeOut": 20312.64976132061,
      "nativeShareSd": 0,
      "wethBasis": 2.015973640639619,
      "tokenWeth": {
        "0xa0b86991c6218b36c1d19d4a2e9eb0ce3606eb48": 2.015973640639619
      },
      "tokenSd": {
        "0xa0b86991c6218b36c1d19d4a2e9eb0ce3606eb48": 35470.50420456781
      }
    },
    {
      "tx": "0xf17ab82ed28dfaa0586d6b9b351d69f61dd8a3565a59b06e27b58a94eb34b38e",
      "wethIn": 2.158430867741465,
      "wethOut": 2.1589359055634283,
      "sdIn": 37683.04769354162,
      "nativeIn": 21581.220713305476,
      "nativeOut": 21581.220713305476,
      "nativeShareSd": 0,
      "wethBasis": 2.158430867741465,
      "tokenWeth": {
        "0xa0b86991c6218b36c1d19d4a2e9eb0ce3606eb48": 2.158430867741465
      },
      "tokenSd": {
        "0xa0b86991c6218b36c1d19d4a2e9eb0ce3606eb48": 37683.04769354162
      }
    },
    {
      "tx": "0x3682b7f7f721a2a6dc7607d6c45a7b01bce2ee513eeec6afd89cf3079eb64027",
      "wethIn": 1.9942270640307562,
      "wethOut": 1.9943444876044567,
      "sdIn": 34697.48234898304,
      "nativeIn": 20085.89676547307,
      "nativeOut": 20085.89676547307,
      "nativeShareSd": 0,
      "wethBasis": 1.9942270640307562,
      "tokenWeth": {
        "0xa0b86991c6218b36c1d19d4a2e9eb0ce3606eb48": 1.994227064030756,
        "0xc02aaa39b223fe8d0a0e5c4f27ead9083c756cc2": 2.220446049250313e-16
      },
      "tokenSd": {
        "0xa0b86991c6218b36c1d19d4a2e9eb0ce3606eb48": 34697.48234898304,
        "0xc02aaa39b223fe8d0a0e5c4f27ead9083c756cc2": 3.863345804013401e-12
      }
    },
    {
      "tx": "0x4e18d71d64548e70ab123de35dcd826c635912911b111016b34a0904ccaef6bc",
      "wethIn": 1.5285632014821355,
      "wethOut": 1.5285908786738052,
      "sdIn": 25597.496161328447,
      "nativeIn": 15358.723411258085,
      "nativeOut": 15358.723411258085,
      "nativeShareSd": 0,
      "wethBasis": 1.5285632014821355,
      "tokenWeth": {
        "0x04acaf8d2865c0714f79da09645c13fd2888977f": 1.5285632014821355
      },
      "tokenSd": {
        "0x04acaf8d2865c0714f79da09645c13fd2888977f": 25597.496161328447
      }
    },
    {
      "tx": "0x092bf32994de5f2194b06e6af0b89a3c9f45b647ca80dae5ef43f14163455cae",
      "wethIn": 2.271372147804351,
      "wethOut": 2.270012007879528,
      "sdIn": 37111.34909332774,
      "nativeIn": 22981.002015518374,
      "nativeOut": 22981.002015518374,
      "nativeShareSd": 0,
      "wethBasis": 2.271372147804351,
      "tokenWeth": {
        "0x01791f726b4103694969820be083196cc7c045ff": 0.6493045735156859,
        "0x04acaf8d2865c0714f79da09645c13fd2888977f": 1.622067574288665
      },
      "tokenSd": {
        "0x01791f726b4103694969820be083196cc7c045ff": 10608.815785175559,
        "0x04acaf8d2865c0714f79da09645c13fd2888977f": 26502.533308152186
      }
    },
    {
      "tx": "0xfc77f86c2ecaa2170a2d648bba2198b745f0efe1ff475524f3d45b6b9f79467e",
      "wethIn": 0.9862150164829793,
      "wethOut": 0.9846688539816432,
      "sdIn": 16014.829634514983,
      "nativeIn": 10015.778369166734,
      "nativeOut": 10015.778369166734,
      "nativeShareSd": 0,
      "wethBasis": 0.9862150164829793,
      "tokenWeth": {
        "0x2a8e1e676ec238d8a992307b495b45b3feaa5e86": 0.32142437288191394,