{
  "rewardValueUSD": 57783.72491078161,
  "usdPerCVX": 0.009516102247015256,
  "totalVotingPower": 6789784.409645295,
  "delegationVotingPower": 6072205.133031813,
  "delegationShare": 0.89431486578659,
  "timestamp": 1767830400,
  "periodStartBlock": 24136053,
  "periodEndBlock": 1767657600
}