{"sdcrv.eth":16.203472167321763,"sdbal.eth":17.34451749723767,"sdfxs.eth":2.9295435800051037,"sdpendle.eth":0,"sdcake.eth":5.557536529427858,"sdfxn.eth":23.899226952636514,"sdspectra.eth":0}