{"sdcrv.eth":20.600715204464695,"sdbal.eth":23.811538133646597,"sdfxs.eth":2.9295435800051037,"sdpendle.eth":17.86438937081522,"sdcake.eth":5.557536529427858,"sdfxn.eth":16.68866389508978,"sdspectra.eth":9.194335063111419}