{"sdcrv.eth":17.052041666595578,"sdbal.eth":29.09597048717562,"sdfxs.eth":2.9295435800051037,"sdpendle.eth":1.4685701279124754,"sdcake.eth":5.557536529427858,"sdfxn.eth":14.512711805415945,"sdspectra.eth":24.573444162602012}