{"sdcrv.eth":16.8703732104698,"sdbal.eth":19.585440067789726,"sdfxs.eth":2.9295435800051037,"sdpendle.eth":18.062054324870143,"sdcake.eth":5.557536529427858,"sdfxn.eth":16.50578486159737,"sdspectra.eth":33.211869342000476}