{"sdcrv.eth":15.729130350780322,"sdbal.eth":16.99275566169028,"sdfxs.eth":3.2950879469628562,"sdpendle.eth":9.249929394818523,"sdcake.eth":5.557536529427858,"sdfxn.eth":17.77638076980827,"sdspectra.eth":50.176352649459965}