{
  "amount": 2500,
  "timestamp": 1747577485,
  "period": 1747267200,
  "sdtPrice": 0.313299,
  "cvxPrice": 3.07,
  "delegationVotingPower": 1934018.9947731793,
  "apr": 0.6859670424580663
}