{
  "amount": 2500,
  "timestamp": 1747601680,
  "period": 1747267200,
  "sdtPrice": 0.307155,
  "cvxPrice": 3.07,
  "delegationVotingPower": 1934018.9947731793,
  "apr": 0.6725147763836059
}