{
  "amount": 2500,
  "timestamp": 1747606063,
  "period": 1747267200,
  "sdtPrice": 0.30278,
  "cvxPrice": 3.07,
  "delegationVotingPower": 1934018.9947731793,
  "apr": 0.6629357294962744
}