{
  "amount": 2500,
  "timestamp": 1747678398,
  "period": 1747267200,
  "sdtPrice": 0.330766,
  "cvxPrice": 3.07,
  "delegationVotingPower": 1934018.9947731793,
  "apr": 0.7242109766251561
}