{
  "amount": 2500,
  "timestamp": 1747592491,
  "period": 1747267200,
  "sdtPrice": 0.32484,
  "cvxPrice": 3.07,
  "delegationVotingPower": 1934018.9947731793,
  "apr": 0.7112360207727387
}