{
  "amount": 2500,
  "timestamp": 1749955528,
  "period": 1749686400,
  "sdtPrice": 0.270153,
  "cvxPrice": 2.76,
  "delegationVotingPower": 1988136.7602469628,
  "apr": 0.640026283931611
}