{
  "amount": 2500,
  "timestamp": 1750041942,
  "period": 1749686400,
  "sdtPrice": 0.2499,
  "cvxPrice": 2.76,
  "delegationVotingPower": 1988136.7602469628,
  "apr": 0.5920443909729286
}