{
  "rewardValueUSD": 33707.24966170274,
  "usdPerCVX": 0.005662354436757138,
  "totalVotingPower": 11771529.229004096,
  "delegationVotingPower": 5952868.19964719,
  "delegationShare": 0.505700498536741,
  "timestamp": 1772064000,
  "periodStartBlock": 24436972,
  "periodEndBlock": 1771286400
}