Gauge Name;Gauge Address;Reward Token;Reward Address;Reward Amount;Reward sd Value;Share % per Protocol
B-sdBAL-STABLE;0xDc2Df969EE5E66236B950F5c4c5f8aBe62035df2;SDT;0x73968b9a57c6E53d41345FD57a6E6ae27d6CDB2F;725.733031;25.818588;3.27
50WETH-50AURA;0x275df57d2b23d53e20322b4bb71bf1dcb21d0a00;AURA;0xc0c293ce456ff0ed870add98a0828dd4d2903dbf;2251.142457;111.210926;14.08
B-auraBAL-STABLE;0x0312aa8d0ba4a1969fddb382235870bf55f7f242;AURA;0xc0c293ce456ff0ed870add98a0828dd4d2903dbf;3001.235526;148.267020;18.77
B-rETH-STABLE;0x79ef6103a513951a3b25743db509e267685726b7;USDC;0xa0b86991c6218b36c1d19d4a2e9eb0ce3606eb48;584.840285;84.681969;10.72
sDOLA-DOLA BSP;0xcd19892916929f013930ed628547cc1f439b230e;USDC;0xa0b86991c6218b36c1d19d4a2e9eb0ce3606eb48;44.964035;6.510569;0.82
50wstETH-50ACX;0xf7b0751fea697cf1a541a5f57d11058a8fb794ee;USDC;0xa0b86991c6218b36c1d19d4a2e9eb0ce3606eb48;81.987564;11.871392;1.50
wstETH-WETH-BPT;0x5c0f23a5c1be65fa710d385814a7fd1bda480b1c;USDC;0xa0b86991c6218b36c1d19d4a2e9eb0ce3606eb48;504.317880;73.022725;9.24
sUSDe/USDC;0x84f7f5cd2218f31b750e7009bb6fd34e0b945dac;USDC;0xa0b86991c6218b36c1d19d4a2e9eb0ce3606eb48;85.735531;12.414079;1.57
STG/USDC;0x15c84754c7445d0df6c613f1490ca07654347c1b;USDC;0xa0b86991c6218b36c1d19d4a2e9eb0ce3606eb48;107.088397;15.505868;1.96
ECLP-wstETH-WETH;0x3aba56cec68987963566a9aa93bb7f7dd28de3f5;USDC;0xa0b86991c6218b36c1d19d4a2e9eb0ce3606eb48;405.451444;58.707356;7.43
RDNT-WETH;0x8135d6abfd42707a87a7b94c5cfa3529f9b432ad;USDC;0xa0b86991c6218b36c1d19d4a2e9eb0ce3606eb48;191.670721;27.752969;3.51
maticX-WMATIC-BPT;0x9965713498c74aee49cef80b2195461f188f24f8;USDC;0xa0b86991c6218b36c1d19d4a2e9eb0ce3606eb48;222.646361;32.238087;4.08
weETH/wETH;0x2280b8c8b401ca54ebf15736b77e1d3bf4924a9d;USDC;0xa0b86991c6218b36c1d19d4a2e9eb0ce3606eb48;448.666240;64.964643;8.22
ggAVAX-WAVAX-BPT;0xa86e8e8cfae8c9847fa9381d4631c13c7b3466bd;USDC;0xa0b86991c6218b36c1d19d4a2e9eb0ce3606eb48;582.772879;84.382619;10.68
bb-WETH-wstETH;0xf8c85bd74fee26831336b51a90587145391a27ba;USDC;0xa0b86991c6218b36c1d19d4a2e9eb0ce3606eb48;224.554392;32.514361;4.12